pokemon,move,category,elite
bulbasaur,Tackle,fast,0
bulbasaur,Vine Whip,fast,0
bulbasaur,Power Whip,charge,0
bulbasaur,Seed Bomb,charge,0
bulbasaur,Sludge Bomb,charge,0
shadow bulbasaur,Tackle,fast,0
shadow bulbasaur,Vine Whip,fast,0
shadow bulbasaur,Power Whip,charge,0
shadow bulbasaur,Seed Bomb,charge,0
shadow bulbasaur,Sludge Bomb,charge,0
ivysaur,Razor Leaf,fast,0
ivysaur,Vine Whip,fast,0
ivysaur,Power Whip,charge,0
ivysaur,Sludge Bomb,charge,0
ivysaur,Solar Beam,charge,0
shadow ivysaur,Razor Leaf,fast,0
shadow ivysaur,Vine Whip,fast,0
shadow ivysaur,Power Whip,charge,0
shadow ivysaur,Sludge Bomb,charge,0
shadow ivysaur,Solar Beam,charge,0
venusaur,Razor Leaf,fast,0
venusaur,Vine Whip,fast,0
venusaur,Frenzy Plant,charge,1
venusaur,Petal Blizzard,charge,0
venusaur,Sludge Bomb,charge,0
venusaur,Solar Beam,charge,0
venusaur,Sludge,charge,0
mega venusaur,Razor Leaf,fast,0
mega venusaur,Vine Whip,fast,0
mega venusaur,Frenzy Plant,charge,1
mega venusaur,Petal Blizzard,charge,0
mega venusaur,Sludge Bomb,charge,0
mega venusaur,Solar Beam,charge,0
mega venusaur,Sludge,charge,0
shadow venusaur,Razor Leaf,fast,0
shadow venusaur,Vine Whip,fast,0
shadow venusaur,Frenzy Plant,charge,1
shadow venusaur,Petal Blizzard,charge,0
shadow venusaur,Sludge Bomb,charge,0
shadow venusaur,Solar Beam,charge,0
shadow venusaur,Sludge,charge,0
charmander,Ember,fast,0
charmander,Scratch,fast,0
charmander,Flame Burst,charge,0
charmander,Flame Charge,charge,0
charmander,Flamethrower,charge,0
shadow charmander,Ember,fast,0
shadow charmander,Scratch,fast,0
shadow charmander,Flame Burst,charge,0
shadow charmander,Flame Charge,charge,0
shadow charmander,Flamethrower,charge,0
charmeleon,Ember,fast,0
charmeleon,Fire Fang,fast,0
charmeleon,Scratch,fast,1
charmeleon,Fire Punch,charge,0
charmeleon,Flame Burst,charge,0
charmeleon,Flamethrower,charge,0
shadow charmeleon,Ember,fast,0
shadow charmeleon,Fire Fang,fast,0
shadow charmeleon,Scratch,fast,0
shadow charmeleon,Fire Punch,charge,0
shadow charmeleon,Flame Burst,charge,0
shadow charmeleon,Flamethrower,charge,0
charizard,Air Slash,fast,0
charizard,Ember,fast,1
charizard,Fire Spin,fast,0
charizard,Wing Attack,fast,1
charizard,Dragon Breath,fast,1
charizard,Blast Burn,charge,1
charizard,Dragon Claw,charge,0
charizard,Fire Blast,charge,0
charizard,Flamethrower,charge,1
charizard,Overheat,charge,0
charizard,Air Cutter,charge,0
mega charizard x,Air Slash,fast,0
mega charizard x,Ember,fast,0
mega charizard x,Fire Spin,fast,0
mega charizard x,Wing Attack,fast,0
mega charizard x,Dragon Breath,fast,0
mega charizard x,Blast Burn,charge,1
mega charizard x,Dragon Claw,charge,0
mega charizard x,Fire Blast,charge,0
mega charizard x,Flamethrower,charge,0
mega charizard x,Overheat,charge,0
mega charizard x,Air Cutter,charge,0
mega charizard y,Air Slash,fast,0
mega charizard y,Ember,fast,0
mega charizard y,Fire Spin,fast,0
mega charizard y,Wing Attack,fast,0
mega charizard y,Dragon Breath,fast,0
mega charizard y,Blast Burn,charge,1
mega charizard y,Dragon Claw,charge,0
mega charizard y,Fire Blast,charge,0
mega charizard y,Flamethrower,charge,0
mega charizard y,Overheat,charge,0
mega charizard y,Air Cutter,charge,0
shadow charizard,Air Slash,fast,0
shadow charizard,Ember,fast,0
shadow charizard,Fire Spin,fast,0
shadow charizard,Wing Attack,fast,0
shadow charizard,Dragon Breath,fast,0
shadow charizard,Blast Burn,charge,1
shadow charizard,Dragon Claw,charge,0
shadow charizard,Fire Blast,charge,0
shadow charizard,Flamethrower,charge,0
shadow charizard,Overheat,charge,0
shadow charizard,Air Cutter,charge,0
squirtle,Bubble,fast,0
squirtle,Tackle,fast,0
squirtle,Aqua Jet,charge,0
squirtle,Aqua Tail,charge,0
squirtle,Water Pulse,charge,0
shadow squirtle,Bubble,fast,0
shadow squirtle,Tackle,fast,0
shadow squirtle,Aqua Jet,charge,0
shadow squirtle,Aqua Tail,charge,0
shadow squirtle,Water Pulse,charge,0
wartortle,Bite,fast,0
wartortle,Water Gun,fast,0
wartortle,Aqua Jet,charge,0
wartortle,Hydro Pump,charge,0
wartortle,Ice Beam,charge,0
shadow wartortle,Bite,fast,0
shadow wartortle,Water Gun,fast,0
shadow wartortle,Aqua Jet,charge,0
shadow wartortle,Hydro Pump,charge,0
shadow wartortle,Ice Beam,charge,0
blastoise,Bite,fast,0
blastoise,Water Gun,fast,0
blastoise,Rollout,fast,0
blastoise,Flash Cannon,charge,0
blastoise,Hydro Cannon,charge,1
blastoise,Hydro Pump,charge,0
blastoise,Ice Beam,charge,0
blastoise,Skull Bash,charge,0
mega blastoise,Bite,fast,0
mega blastoise,Water Gun,fast,0
mega blastoise,Rollout,fast,0
mega blastoise,Flash Cannon,charge,0
mega blastoise,Hydro Cannon,charge,1
mega blastoise,Hydro Pump,charge,0
mega blastoise,Ice Beam,charge,0
mega blastoise,Skull Bash,charge,0
shadow blastoise,Bite,fast,0
shadow blastoise,Water Gun,fast,0
shadow blastoise,Rollout,fast,0
shadow blastoise,Flash Cannon,charge,0
shadow blastoise,Hydro Cannon,charge,1
shadow blastoise,Hydro Pump,charge,0
shadow blastoise,Ice Beam,charge,0
shadow blastoise,Skull Bash,charge,0
butterfree,Bug Bite,fast,1
butterfree,Confusion,fast,0
butterfree,Struggle Bug,fast,0
butterfree,Bug Buzz,charge,0
butterfree,Psychic,charge,0
butterfree,Signal Beam,charge,0
shadow butterfree,Bug Bite,fast,0
shadow butterfree,Confusion,fast,0
shadow butterfree,Struggle Bug,fast,0
shadow butterfree,Bug Buzz,charge,0
shadow butterfree,Psychic,charge,0
shadow butterfree,Signal Beam,charge,0
beedrill,Bug Bite,fast,1
beedrill,Infestation,fast,0
beedrill,Poison Jab,fast,0
beedrill,Poison Sting,fast,0
beedrill,Aerial Ace,charge,0
beedrill,Sludge Bomb,charge,0
beedrill,X-Scissor,charge,0
beedrill,Fell Stinger,charge,0
beedrill,Drill Run,charge,1
mega beedrill,Bug Bite,fast,0
mega beedrill,Infestation,fast,0
mega beedrill,Poison Jab,fast,0
mega beedrill,Poison Sting,fast,0
mega beedrill,Aerial Ace,charge,0
mega beedrill,Sludge Bomb,charge,0
mega beedrill,X-Scissor,charge,0
mega beedrill,Fell Stinger,charge,0
mega beedrill,Drill Run,charge,0
shadow beedrill,Bug Bite,fast,0
shadow beedrill,Infestation,fast,0
shadow beedrill,Poison Jab,fast,0
shadow beedrill,Poison Sting,fast,0
shadow beedrill,Aerial Ace,charge,0
shadow beedrill,Sludge Bomb,charge,0
shadow beedrill,X-Scissor,charge,0
shadow beedrill,Fell Stinger,charge,0
shadow beedrill,Drill Run,charge,0
pidgey,Quick Attack,fast,0
pidgey,Tackle,fast,0
pidgey,Aerial Ace,charge,0
pidgey,Air Cutter,charge,0
pidgey,Twister,charge,0
shadow pidgey,Quick Attack,fast,0
shadow pidgey,Tackle,fast,0
shadow pidgey,Aerial Ace,charge,0
shadow pidgey,Air Cutter,charge,0
shadow pidgey,Twister,charge,0
pidgeotto,Steel Wing,fast,0
pidgeotto,Wing Attack,fast,0
pidgeotto,Aerial Ace,charge,0
pidgeotto,Air Cutter,charge,0
pidgeotto,Twister,charge,0
shadow pidgeotto,Steel Wing,fast,0
shadow pidgeotto,Wing Attack,fast,0
shadow pidgeotto,Aerial Ace,charge,0
shadow pidgeotto,Air Cutter,charge,0
shadow pidgeotto,Twister,charge,0
pidgeot,Air Slash,fast,0
pidgeot,Steel Wing,fast,0
pidgeot,Wing Attack,fast,1
pidgeot,Gust,fast,1
pidgeot,Aerial Ace,charge,0
pidgeot,Air Cutter,charge,1
pidgeot,Brave Bird,charge,0
pidgeot,Hurricane,charge,0
pidgeot,Feather Dance,charge,0
pidgeot,Heat Wave,charge,0
pidgeot,Twister,charge,0
mega pidgeot,Air Slash,fast,0
mega pidgeot,Steel Wing,fast,0
mega pidgeot,Wing Attack,fast,0
mega pidgeot,Gust,fast,0
mega pidgeot,Aerial Ace,charge,0
mega pidgeot,Air Cutter,charge,0
mega pidgeot,Brave Bird,charge,0
mega pidgeot,Hurricane,charge,0
mega pidgeot,Feather Dance,charge,0
mega pidgeot,Heat Wave,charge,0
mega pidgeot,Twister,charge,0
shadow pidgeot,Air Slash,fast,0
shadow pidgeot,Steel Wing,fast,0
shadow pidgeot,Wing Attack,fast,0
shadow pidgeot,Gust,fast,0
shadow pidgeot,Aerial Ace,charge,0
shadow pidgeot,Air Cutter,charge,0
shadow pidgeot,Brave Bird,charge,0
shadow pidgeot,Hurricane,charge,0
shadow pidgeot,Feather Dance,charge,0
shadow pidgeot,Heat Wave,charge,0
shadow pidgeot,Twister,charge,0
rattata,Quick Attack,fast,0
rattata,Tackle,fast,0
rattata,Body Slam,charge,0
rattata,Dig,charge,0
rattata,Hyper Fang,charge,0
alolan rattata,Quick Attack,fast,0
alolan rattata,Tackle,fast,0
alolan rattata,Crunch,charge,0
alolan rattata,Hyper Fang,charge,0
alolan rattata,Shadow Ball,charge,0
shadow rattata,Quick Attack,fast,0
shadow rattata,Tackle,fast,0
shadow rattata,Body Slam,charge,0
shadow rattata,Dig,charge,0
shadow rattata,Hyper Fang,charge,0
raticate,Bite,fast,0
raticate,Quick Attack,fast,0
raticate,Dig,charge,0
raticate,Hyper Beam,charge,0
raticate,Hyper Fang,charge,0
alolan raticate,Bite,fast,0
alolan raticate,Quick Attack,fast,0
alolan raticate,Crunch,charge,0
alolan raticate,Hyper Beam,charge,0
alolan raticate,Hyper Fang,charge,0
shadow raticate,Bite,fast,0
shadow raticate,Quick Attack,fast,0
shadow raticate,Dig,charge,0
shadow raticate,Hyper Beam,charge,0
shadow raticate,Hyper Fang,charge,0
spearow,Peck,fast,0
spearow,Quick Attack,fast,0
spearow,Aerial Ace,charge,0
spearow,Drill Peck,charge,0
spearow,Sky Attack,charge,0
spearow,Twister,charge,1
fearow,Peck,fast,0
fearow,Steel Wing,fast,0
fearow,Aerial Ace,charge,0
fearow,Drill Run,charge,0
fearow,Sky Attack,charge,0
fearow,Twister,charge,1
fearow,Fly,charge,0
fearow,Drill Peck,charge,0
ekans,Acid,fast,0
ekans,Poison Sting,fast,0
ekans,Gunk Shot,charge,1
ekans,Poison Fang,charge,0
ekans,Sludge Bomb,charge,0
ekans,Wrap,charge,0
shadow ekans,Acid,fast,0
shadow ekans,Poison Sting,fast,0
shadow ekans,Gunk Shot,charge,0
shadow ekans,Poison Fang,charge,0
shadow ekans,Sludge Bomb,charge,0
shadow ekans,Wrap,charge,0
arbok,Acid,fast,0
arbok,Bite,fast,0
arbok,Dragon Tail,fast,0
arbok,Poison Sting,fast,0
arbok,Dark Pulse,charge,0
arbok,Gunk Shot,charge,0
arbok,Sludge Wave,charge,0
arbok,Acid Spray,charge,0
shadow arbok,Acid,fast,0
shadow arbok,Bite,fast,0
shadow arbok,Dragon Tail,fast,0
shadow arbok,Poison Sting,fast,0
shadow arbok,Dark Pulse,charge,0
shadow arbok,Gunk Shot,charge,0
shadow arbok,Sludge Wave,charge,0
shadow arbok,Acid Spray,charge,0
pikachu,Present,fast,1
pikachu,Quick Attack,fast,0
pikachu,Thunder Shock,fast,0
pikachu,Discharge,charge,0
pikachu,Surf,charge,1
pikachu,Thunder,charge,1
pikachu,Thunderbolt,charge,0
pikachu,Wild Charge,charge,0
pikachu 5th anniversary,Thunder Shock,fast,0
pikachu 5th anniversary,Quick Attack,fast,0
pikachu 5th anniversary,Present,fast,0
pikachu 5th anniversary,Discharge,charge,0
pikachu 5th anniversary,Thunderbolt,charge,0
pikachu 5th anniversary,Wild Charge,charge,0
pikachu 5th anniversary,Fly,charge,0
pikachu flying,Quick Attack,fast,0
pikachu flying,Thunder Shock,fast,0
pikachu flying,Discharge,charge,0
pikachu flying,Thunderbolt,charge,0
pikachu flying,Wild Charge,charge,0
pikachu flying,Fly,charge,0
pikachu horizons,Thunder Shock,fast,0
pikachu horizons,Quick Attack,fast,0
pikachu horizons,Discharge,charge,0
pikachu horizons,Thunderbolt,charge,0
pikachu horizons,Wild Charge,charge,0
pikachu horizons,Volt Tackle,charge,0
pikachu kariyushi,Thunder Shock,fast,0
pikachu kariyushi,Quick Attack,fast,0
pikachu kariyushi,Discharge,charge,0
pikachu kariyushi,Thunderbolt,charge,0
pikachu kariyushi,Wild Charge,charge,0
pikachu libre,Thunder Shock,fast,0
pikachu libre,Charm,fast,0
pikachu libre,Flying Press,charge,0
pikachu libre,Play Rough,charge,0
pikachu libre,Thunder Punch,charge,0
pikachu pop star,Thunder Shock,fast,0
pikachu pop star,Charm,fast,0
pikachu pop star,Draining Kiss,charge,0
pikachu pop star,Thunder Punch,charge,0
pikachu pop star,Play Rough,charge,0
pikachu rock star,Thunder Shock,fast,0
pikachu rock star,Charm,fast,0
pikachu rock star,Meteor Mash,charge,0
pikachu rock star,Thunder Punch,charge,0
pikachu rock star,Play Rough,charge,0
pikachu shaymin,Present,fast,0
pikachu shaymin,Quick Attack,fast,0
pikachu shaymin,Thunder Shock,fast,0
pikachu shaymin,Discharge,charge,0
pikachu shaymin,Surf,charge,0
pikachu shaymin,Thunder,charge,0
pikachu shaymin,Thunderbolt,charge,0
pikachu shaymin,Wild Charge,charge,0
pikachu shaymin,Grass Knot,charge,0
raichu,Spark,fast,0
raichu,Thunder Shock,fast,0
raichu,Volt Switch,fast,0
raichu,Charm,fast,0
raichu,Brick Break,charge,0
raichu,Thunder,charge,1
raichu,Thunder Punch,charge,0
raichu,Wild Charge,charge,0
raichu,Skull Bash,charge,0
raichu,Trailblaze,charge,0
raichu,Surf,charge,0
alolan raichu,Spark,fast,0
alolan raichu,Volt Switch,fast,0
alolan raichu,Thunder Shock,fast,0
alolan raichu,Psychic,charge,0
alolan raichu,Thunder Punch,charge,0
alolan raichu,Wild Charge,charge,0
alolan raichu,Grass Knot,charge,0
alolan raichu,Trailblaze,charge,0
alolan raichu,Surf,charge,0
alolan raichu,Psyshock,charge,0
mega raichu x,Spark,fast,0
mega raichu x,Thunder Shock,fast,0
mega raichu x,Volt Switch,fast,0
mega raichu x,Charm,fast,0
mega raichu x,Brick Break,charge,0
mega raichu x,Thunder,charge,0
mega raichu x,Thunder Punch,charge,0
mega raichu x,Wild Charge,charge,0
mega raichu x,Skull Bash,charge,0
mega raichu x,Trailblaze,charge,0
mega raichu x,Surf,charge,0
mega raichu x,Volt Tackle+,charge,1
mega raichu y,Spark,fast,0
mega raichu y,Thunder Shock,fast,0
mega raichu y,Volt Switch,fast,0
mega raichu y,Charm,fast,0
mega raichu y,Brick Break,charge,0
mega raichu y,Thunder,charge,0
mega raichu y,Thunder Punch,charge,0
mega raichu y,Wild Charge,charge,0
mega raichu y,Skull Bash,charge,0
mega raichu y,Trailblaze,charge,0
mega raichu y,Surf,charge,0
mega raichu y,Zap Cannon+,charge,1
sandshrew,Mud Shot,fast,0
sandshrew,Scratch,fast,0
sandshrew,Sand Attack,fast,0
sandshrew,Dig,charge,0
sandshrew,Rock Slide,charge,0
sandshrew,Rock Tomb,charge,1
sandshrew,Sand Tomb,charge,0
alolan sandshrew,Metal Claw,fast,0
alolan sandshrew,Powder Snow,fast,0
alolan sandshrew,Blizzard,charge,0
alolan sandshrew,Gyro Ball,charge,0
alolan sandshrew,Night Slash,charge,0
shadow sandshrew,Mud Shot,fast,0
shadow sandshrew,Scratch,fast,0
shadow sandshrew,Sand Attack,fast,0
shadow sandshrew,Dig,charge,0
shadow sandshrew,Rock Slide,charge,0
shadow sandshrew,Rock Tomb,charge,0
shadow sandshrew,Sand Tomb,charge,0
sandslash,Metal Claw,fast,0
sandslash,Mud Shot,fast,0
sandslash,Sand Attack,fast,0
sandslash,Bulldoze,charge,0
sandslash,Earthquake,charge,0
sandslash,Rock Tomb,charge,0
sandslash,Night Slash,charge,1
sandslash,Scorching Sands,charge,0
alolan sandslash,Metal Claw,fast,0
alolan sandslash,Powder Snow,fast,0
alolan sandslash,Shadow Claw,fast,0
alolan sandslash,Blizzard,charge,0
alolan sandslash,Bulldoze,charge,0
alolan sandslash,Gyro Ball,charge,0
alolan sandslash,Ice Punch,charge,0
alolan sandslash,Drill Run,charge,0
alolan sandslash,Aerial Ace,charge,0
shadow sandslash,Metal Claw,fast,0
shadow sandslash,Mud Shot,fast,0
shadow sandslash,Sand Attack,fast,0
shadow sandslash,Bulldoze,charge,0
shadow sandslash,Earthquake,charge,0
shadow sandslash,Rock Tomb,charge,0
shadow sandslash,Night Slash,charge,0
shadow sandslash,Scorching Sands,charge,0
nidoran female,Bite,fast,0
nidoran female,Poison Sting,fast,0
nidoran female,Body Slam,charge,0
nidoran female,Poison Fang,charge,0
nidoran female,Sludge Bomb,charge,0
shadow nidoran female,Bite,fast,0
shadow nidoran female,Poison Sting,fast,0
shadow nidoran female,Body Slam,charge,0
shadow nidoran female,Poison Fang,charge,0
shadow nidoran female,Sludge Bomb,charge,0
nidorina,Bite,fast,0
nidorina,Poison Sting,fast,0
nidorina,Dig,charge,0
nidorina,Poison Fang,charge,0
nidorina,Sludge Bomb,charge,0
nidorina,Thunderbolt,charge,0
shadow nidorina,Bite,fast,0
shadow nidorina,Poison Sting,fast,0
shadow nidorina,Dig,charge,0
shadow nidorina,Poison Fang,charge,0
shadow nidorina,Sludge Bomb,charge,0
shadow nidorina,Thunderbolt,charge,0
nidoqueen,Bite,fast,0
nidoqueen,Poison Jab,fast,0
nidoqueen,Poison Sting,fast,0
nidoqueen,Mud Slap,fast,0
nidoqueen,Earthquake,charge,0
nidoqueen,Sludge Wave,charge,0
nidoqueen,Stone Edge,charge,0
nidoqueen,Earth Power,charge,0
nidoqueen,Poison Fang,charge,0
shadow nidoqueen,Bite,fast,0
shadow nidoqueen,Poison Jab,fast,0
shadow nidoqueen,Poison Sting,fast,0
shadow nidoqueen,Mud Slap,fast,0
shadow nidoqueen,Earthquake,charge,0
shadow nidoqueen,Sludge Wave,charge,0
shadow nidoqueen,Stone Edge,charge,0
shadow nidoqueen,Earth Power,charge,0
shadow nidoqueen,Poison Fang,charge,0
nidoran male,Peck,fast,0
nidoran male,Poison Sting,fast,0
nidoran male,Body Slam,charge,0
nidoran male,Horn Attack,charge,0
nidoran male,Sludge Bomb,charge,0
shadow nidoran male,Peck,fast,0
shadow nidoran male,Poison Sting,fast,0
shadow nidoran male,Body Slam,charge,0
shadow nidoran male,Horn Attack,charge,0
shadow nidoran male,Sludge Bomb,charge,0
nidorino,Poison Jab,fast,0
nidorino,Poison Sting,fast,0
nidorino,Dig,charge,0
nidorino,Horn Attack,charge,0
nidorino,Sludge Bomb,charge,0
nidorino,Ice Beam,charge,0
shadow nidorino,Poison Jab,fast,0
shadow nidorino,Poison Sting,fast,0
shadow nidorino,Dig,charge,0
shadow nidorino,Horn Attack,charge,0
shadow nidorino,Sludge Bomb,charge,0
shadow nidorino,Ice Beam,charge,0
nidoking,Fury Cutter,fast,1
nidoking,Iron Tail,fast,0
nidoking,Poison Jab,fast,0
nidoking,Double Kick,fast,0
nidoking,Poison Sting,fast,0
nidoking,Earthquake,charge,0
nidoking,Megahorn,charge,0
nidoking,Sludge Wave,charge,0
nidoking,Earth Power,charge,0
nidoking,Sand Tomb,charge,0
shadow nidoking,Fury Cutter,fast,0
shadow nidoking,Iron Tail,fast,0
shadow nidoking,Poison Jab,fast,0
shadow nidoking,Double Kick,fast,0
shadow nidoking,Poison Sting,fast,0
shadow nidoking,Earthquake,charge,0
shadow nidoking,Megahorn,charge,0
shadow nidoking,Sludge Wave,charge,0
shadow nidoking,Earth Power,charge,0
shadow nidoking,Sand Tomb,charge,0
clefairy,Pound,fast,0
clefairy,Zen Headbutt,fast,0
clefairy,Body Slam,charge,0
clefairy,Disarming Voice,charge,0
clefairy,Moonblast,charge,0
clefairy,Swift,charge,0
clefable,Charge Beam,fast,0
clefable,Pound,fast,1
clefable,Zen Headbutt,fast,0
clefable,Charm,fast,0
clefable,Fairy Wind,fast,0
clefable,Dazzling Gleam,charge,0
clefable,Meteor Mash,charge,0
clefable,Moonblast,charge,0
clefable,Psychic,charge,0
clefable,Swift,charge,0
clefable,Draining Kiss,charge,0
vulpix,Ember,fast,0
vulpix,Quick Attack,fast,0
vulpix,Body Slam,charge,0
vulpix,Flame Charge,charge,0
vulpix,Flamethrower,charge,0
vulpix,Weather Ball (Fire),charge,0
alolan vulpix,Powder Snow,fast,0
alolan vulpix,Zen Headbutt,fast,0
alolan vulpix,Blizzard,charge,0
alolan vulpix,Dark Pulse,charge,0
alolan vulpix,Ice Beam,charge,0
alolan vulpix,Weather Ball (Ice),charge,0
shadow vulpix,Ember,fast,0
shadow vulpix,Quick Attack,fast,0
shadow vulpix,Body Slam,charge,0
shadow vulpix,Flame Charge,charge,0
shadow vulpix,Flamethrower,charge,0
shadow vulpix,Weather Ball (Fire),charge,0
ninetales,Ember,fast,1
ninetales,Feint Attack,fast,0
ninetales,Fire Spin,fast,0
ninetales,Fire Blast,charge,1
ninetales,Flamethrower,charge,1
ninetales,Heat Wave,charge,0
ninetales,Overheat,charge,0
ninetales,Psyshock,charge,0
ninetales,Solar Beam,charge,0
ninetales,Weather Ball (Fire),charge,0
ninetales,Scorching Sands,charge,0
ninetales,Energy Ball,charge,0
alolan ninetales,Feint Attack,fast,0
alolan ninetales,Powder Snow,fast,0
alolan ninetales,Charm,fast,0
alolan ninetales,Blizzard,charge,0
alolan ninetales,Dazzling Gleam,charge,0
alolan ninetales,Ice Beam,charge,0
alolan ninetales,Psyshock,charge,0
alolan ninetales,Weather Ball (Ice),charge,0
shadow ninetales,Ember,fast,0
shadow ninetales,Feint Attack,fast,0
shadow ninetales,Fire Spin,fast,0
shadow ninetales,Fire Blast,charge,0
shadow ninetales,Flamethrower,charge,0
shadow ninetales,Heat Wave,charge,0
shadow ninetales,Overheat,charge,0
shadow ninetales,Psyshock,charge,0
shadow ninetales,Solar Beam,charge,0
shadow ninetales,Weather Ball (Fire),charge,0
shadow ninetales,Scorching Sands,charge,0
shadow ninetales,Energy Ball,charge,0
jigglypuff,Feint Attack,fast,0
jigglypuff,Pound,fast,0
jigglypuff,Body Slam,charge,1
jigglypuff,Dazzling Gleam,charge,0
jigglypuff,Disarming Voice,charge,0
jigglypuff,Gyro Ball,charge,0
jigglypuff,Play Rough,charge,1
jigglypuff,Swift,charge,0
wigglytuff,Feint Attack,fast,0
wigglytuff,Pound,fast,0
wigglytuff,Charm,fast,0
wigglytuff,Dazzling Gleam,charge,0
wigglytuff,Hyper Beam,charge,0
wigglytuff,Ice Beam,charge,0
wigglytuff,Play Rough,charge,0
wigglytuff,Disarming Voice,charge,0
wigglytuff,Icy Wind,charge,0
wigglytuff,Swift,charge,0
zubat,Bite,fast,0
zubat,Quick Attack,fast,0
zubat,Air Cutter,charge,0
zubat,Poison Fang,charge,0
zubat,Sludge Bomb,charge,1
zubat,Swift,charge,0
shadow zubat,Bite,fast,0
shadow zubat,Quick Attack,fast,0
shadow zubat,Air Cutter,charge,0
shadow zubat,Poison Fang,charge,0
shadow zubat,Sludge Bomb,charge,0
shadow zubat,Swift,charge,0
golbat,Bite,fast,0
golbat,Wing Attack,fast,0
golbat,Air Cutter,charge,0
golbat,Ominous Wind,charge,1
golbat,Poison Fang,charge,0
golbat,Shadow Ball,charge,0
shadow golbat,Bite,fast,0
shadow golbat,Wing Attack,fast,0
shadow golbat,Air Cutter,charge,0
shadow golbat,Ominous Wind,charge,0
shadow golbat,Poison Fang,charge,0
shadow golbat,Shadow Ball,charge,0
oddish,Acid,fast,0
oddish,Razor Leaf,fast,0
oddish,Moonblast,charge,0
oddish,Seed Bomb,charge,0
oddish,Sludge Bomb,charge,0
shadow oddish,Acid,fast,0
shadow oddish,Razor Leaf,fast,0
shadow oddish,Moonblast,charge,0
shadow oddish,Seed Bomb,charge,0
shadow oddish,Sludge Bomb,charge,0
gloom,Acid,fast,0
gloom,Razor Leaf,fast,0
gloom,Moonblast,charge,0
gloom,Petal Blizzard,charge,0
gloom,Sludge Bomb,charge,0
shadow gloom,Acid,fast,0
shadow gloom,Razor Leaf,fast,0
shadow gloom,Moonblast,charge,0
shadow gloom,Petal Blizzard,charge,0
shadow gloom,Sludge Bomb,charge,0
vileplume,Acid,fast,0
vileplume,Razor Leaf,fast,0
vileplume,Moonblast,charge,0
vileplume,Petal Blizzard,charge,0
vileplume,Solar Beam,charge,0
vileplume,Sludge Bomb,charge,0
shadow vileplume,Acid,fast,0
shadow vileplume,Razor Leaf,fast,0
shadow vileplume,Moonblast,charge,0
shadow vileplume,Petal Blizzard,charge,0
shadow vileplume,Solar Beam,charge,0
shadow vileplume,Sludge Bomb,charge,0
paras,Bug Bite,fast,0
paras,Scratch,fast,0
paras,Cross Poison,charge,0
paras,Seed Bomb,charge,0
paras,X-Scissor,charge,0
parasect,Bug Bite,fast,1
parasect,Fury Cutter,fast,0
parasect,Struggle Bug,fast,0
parasect,Cross Poison,charge,0
parasect,Solar Beam,charge,0
parasect,X-Scissor,charge,0
venonat,Bug Bite,fast,0
venonat,Confusion,fast,0
venonat,Poison Fang,charge,0
venonat,Psybeam,charge,0
venonat,Signal Beam,charge,0
shadow venonat,Bug Bite,fast,0
shadow venonat,Confusion,fast,0
shadow venonat,Poison Fang,charge,0
shadow venonat,Psybeam,charge,0
shadow venonat,Signal Beam,charge,0
venomoth,Bug Bite,fast,1
venomoth,Confusion,fast,0
venomoth,Infestation,fast,0
venomoth,Psywave,fast,0
venomoth,Bug Buzz,charge,0
venomoth,Poison Fang,charge,0
venomoth,Psychic,charge,0
venomoth,Silver Wind,charge,0
shadow venomoth,Bug Bite,fast,0
shadow venomoth,Confusion,fast,0
shadow venomoth,Infestation,fast,0
shadow venomoth,Psywave,fast,0
shadow venomoth,Bug Buzz,charge,0
shadow venomoth,Poison Fang,charge,0
shadow venomoth,Psychic,charge,0
shadow venomoth,Silver Wind,charge,0
diglett,Mud Shot,fast,0
diglett,Mud Slap,fast,0
diglett,Scratch,fast,0
diglett,Dig,charge,0
diglett,Mud Bomb,charge,0
diglett,Rock Tomb,charge,0
alolan diglett,Metal Claw,fast,0
alolan diglett,Mud Slap,fast,0
alolan diglett,Sand Attack,fast,0
alolan diglett,Dig,charge,0
alolan diglett,Mud Bomb,charge,0
alolan diglett,Rock Tomb,charge,0
shadow diglett,Mud Shot,fast,0
shadow diglett,Mud Slap,fast,0
shadow diglett,Scratch,fast,0
shadow diglett,Dig,charge,0
shadow diglett,Mud Bomb,charge,0
shadow diglett,Rock Tomb,charge,0
dugtrio,Mud Shot,fast,0
dugtrio,Mud Slap,fast,0
dugtrio,Sucker Punch,fast,0
dugtrio,Earthquake,charge,0
dugtrio,Mud Bomb,charge,0
dugtrio,Stone Edge,charge,0
alolan dugtrio,Metal Claw,fast,0
alolan dugtrio,Mud Slap,fast,0
alolan dugtrio,Sand Attack,fast,0
alolan dugtrio,Earthquake,charge,0
alolan dugtrio,Iron Head,charge,0
alolan dugtrio,Mud Bomb,charge,0
shadow dugtrio,Mud Shot,fast,0
shadow dugtrio,Mud Slap,fast,0
shadow dugtrio,Sucker Punch,fast,0
shadow dugtrio,Earthquake,charge,0
shadow dugtrio,Mud Bomb,charge,0
shadow dugtrio,Stone Edge,charge,0
meowth,Bite,fast,0
meowth,Scratch,fast,0
meowth,Body Slam,charge,1
meowth,Dark Pulse,charge,0
meowth,Foul Play,charge,0
meowth,Night Slash,charge,0
alolan meowth,Bite,fast,0
alolan meowth,Scratch,fast,0
alolan meowth,Dark Pulse,charge,0
alolan meowth,Foul Play,charge,0
alolan meowth,Night Slash,charge,0
alolan meowth,Trailblaze,charge,0
galarian meowth,Scratch,fast,0
galarian meowth,Metal Claw,fast,0
galarian meowth,Metal Sound,fast,0
galarian meowth,Night Slash,charge,0
galarian meowth,Gyro Ball,charge,0
galarian meowth,Dig,charge,0
galarian meowth,Trailblaze,charge,0
shadow meowth,Bite,fast,0
shadow meowth,Scratch,fast,0
shadow meowth,Body Slam,charge,0
shadow meowth,Dark Pulse,charge,0
shadow meowth,Foul Play,charge,0
shadow meowth,Night Slash,charge,0
persian,Feint Attack,fast,0
persian,Scratch,fast,0
persian,Foul Play,charge,0
persian,Night Slash,charge,1
persian,Play Rough,charge,0
persian,Power Gem,charge,0
persian,Payback,charge,0
alolan persian,Feint Attack,fast,0
alolan persian,Scratch,fast,0
alolan persian,Dark Pulse,charge,0
alolan persian,Foul Play,charge,0
alolan persian,Play Rough,charge,0
alolan persian,Payback,charge,0
alolan persian,Trailblaze,charge,0
shadow persian,Feint Attack,fast,0
shadow persian,Scratch,fast,0
shadow persian,Foul Play,charge,0
shadow persian,Night Slash,charge,0
shadow persian,Play Rough,charge,0
shadow persian,Power Gem,charge,0
shadow persian,Payback,charge,0
psyduck,Water Gun,fast,0
psyduck,Zen Headbutt,fast,0
psyduck,Aqua Tail,charge,0
psyduck,Cross Chop,charge,0
psyduck,Psybeam,charge,0
shadow psyduck,Water Gun,fast,0
shadow psyduck,Zen Headbutt,fast,0
shadow psyduck,Aqua Tail,charge,0
shadow psyduck,Cross Chop,charge,0
shadow psyduck,Psybeam,charge,0
golduck,Confusion,fast,0
golduck,Water Gun,fast,0
golduck,Hydro Pump,charge,0
golduck,Ice Beam,charge,0
golduck,Psychic,charge,0
golduck,Bubble Beam,charge,0
golduck,Synchronoise,charge,0
golduck,Cross Chop,charge,0
golduck,Liquidation,charge,0
shadow golduck,Confusion,fast,0
shadow golduck,Water Gun,fast,0
shadow golduck,Hydro Pump,charge,0
shadow golduck,Ice Beam,charge,0
shadow golduck,Psychic,charge,0
shadow golduck,Bubble Beam,charge,0
shadow golduck,Synchronoise,charge,0
shadow golduck,Cross Chop,charge,0
shadow golduck,Liquidation,charge,0
mankey,Karate Chop,fast,0
mankey,Scratch,fast,0
mankey,Brick Break,charge,0
mankey,Cross Chop,charge,0
mankey,Low Sweep,charge,0
shadow mankey,Karate Chop,fast,0
shadow mankey,Scratch,fast,0
shadow mankey,Brick Break,charge,0
shadow mankey,Cross Chop,charge,0
shadow mankey,Low Sweep,charge,0
primeape,Counter,fast,0
primeape,Karate Chop,fast,1
primeape,Low Kick,fast,0
primeape,Close Combat,charge,0
primeape,Cross Chop,charge,1
primeape,Low Sweep,charge,0
primeape,Night Slash,charge,0
primeape,Ice Punch,charge,0
primeape,Rage Fist,charge,1
shadow primeape,Counter,fast,0
shadow primeape,Karate Chop,fast,0
shadow primeape,Low Kick,fast,0
shadow primeape,Close Combat,charge,0
shadow primeape,Cross Chop,charge,0
shadow primeape,Low Sweep,charge,0
shadow primeape,Night Slash,charge,0
shadow primeape,Ice Punch,charge,0
shadow primeape,Rage Fist,charge,0
growlithe,Bite,fast,0
growlithe,Ember,fast,0
growlithe,Body Slam,charge,0
growlithe,Flame Wheel,charge,0
growlithe,Flamethrower,charge,0
hisuian growlithe,Bite,fast,0
hisuian growlithe,Ember,fast,0
hisuian growlithe,Rock Slide,charge,0
hisuian growlithe,Crunch,charge,0
hisuian growlithe,Flamethrower,charge,0
shadow growlithe,Bite,fast,0
shadow growlithe,Ember,fast,0
shadow growlithe,Body Slam,charge,0
shadow growlithe,Flame Wheel,charge,0
shadow growlithe,Flamethrower,charge,0
arcanine,Bite,fast,1
arcanine,Fire Fang,fast,0
arcanine,Snarl,fast,0
arcanine,Thunder Fang,fast,0
arcanine,Bulldoze,charge,1
arcanine,Crunch,charge,0
arcanine,Fire Blast,charge,0
arcanine,Flamethrower,charge,0
arcanine,Wild Charge,charge,0
arcanine,Psychic Fangs,charge,0
arcanine,Scorching Sands,charge,0
hisuian arcanine,Fire Fang,fast,0
hisuian arcanine,Snarl,fast,0
hisuian arcanine,Rock Smash,fast,0
hisuian arcanine,Rock Slide,charge,0
hisuian arcanine,Wild Charge,charge,0
hisuian arcanine,Crunch,charge,0
hisuian arcanine,Flamethrower,charge,0
shadow arcanine,Bite,fast,0
shadow arcanine,Fire Fang,fast,0
shadow arcanine,Snarl,fast,0
shadow arcanine,Thunder Fang,fast,0
shadow arcanine,Bulldoze,charge,0
shadow arcanine,Crunch,charge,0
shadow arcanine,Fire Blast,charge,0
shadow arcanine,Flamethrower,charge,0
shadow arcanine,Wild Charge,charge,0
shadow arcanine,Psychic Fangs,charge,0
shadow arcanine,Scorching Sands,charge,0
poliwag,Bubble,fast,0
poliwag,Mud Shot,fast,0
poliwag,Body Slam,charge,0
poliwag,Bubble Beam,charge,0
poliwag,Mud Bomb,charge,0
shadow poliwag,Bubble,fast,0
shadow poliwag,Mud Shot,fast,0
shadow poliwag,Body Slam,charge,0
shadow poliwag,Bubble Beam,charge,0
shadow poliwag,Mud Bomb,charge,0
poliwhirl,Bubble,fast,0
poliwhirl,Mud Shot,fast,0
poliwhirl,Bubble Beam,charge,0
poliwhirl,Mud Bomb,charge,0
poliwhirl,Scald,charge,1
poliwhirl,Water Pulse,charge,0
shadow poliwhirl,Bubble,fast,0
shadow poliwhirl,Mud Shot,fast,0
shadow poliwhirl,Bubble Beam,charge,0
shadow poliwhirl,Mud Bomb,charge,0
shadow poliwhirl,Scald,charge,0
shadow poliwhirl,Water Pulse,charge,0
poliwrath,Bubble,fast,0
poliwrath,Mud Shot,fast,0
poliwrath,Rock Smash,fast,0
poliwrath,Counter,fast,1
poliwrath,Dynamic Punch,charge,0
poliwrath,Hydro Pump,charge,0
poliwrath,Ice Punch,charge,0
poliwrath,Submission,charge,1
poliwrath,Power-Up Punch,charge,0
poliwrath,Scald,charge,0
poliwrath,Icy Wind,charge,0
shadow poliwrath,Bubble,fast,0
shadow poliwrath,Mud Shot,fast,0
shadow poliwrath,Rock Smash,fast,0
shadow poliwrath,Counter,fast,0
shadow poliwrath,Dynamic Punch,charge,0
shadow poliwrath,Hydro Pump,charge,0
shadow poliwrath,Ice Punch,charge,0
shadow poliwrath,Submission,charge,0
shadow poliwrath,Power-Up Punch,charge,0
shadow poliwrath,Scald,charge,0
shadow poliwrath,Icy Wind,charge,0
abra,Charge Beam,fast,0
abra,Zen Headbutt,fast,0
abra,Psyshock,charge,0
abra,Shadow Ball,charge,0
abra,Signal Beam,charge,0
shadow abra,Charge Beam,fast,0
shadow abra,Zen Headbutt,fast,0
shadow abra,Psyshock,charge,0
shadow abra,Shadow Ball,charge,0
shadow abra,Signal Beam,charge,0
kadabra,Confusion,fast,0
kadabra,Psycho Cut,fast,0
kadabra,Dazzling Gleam,charge,0
kadabra,Psybeam,charge,0
kadabra,Shadow Ball,charge,0
shadow kadabra,Confusion,fast,0
shadow kadabra,Psycho Cut,fast,0
shadow kadabra,Dazzling Gleam,charge,0
shadow kadabra,Psybeam,charge,0
shadow kadabra,Shadow Ball,charge,0
alakazam,Confusion,fast,0
alakazam,Psycho Cut,fast,0
alakazam,Counter,fast,1
alakazam,Dazzling Gleam,charge,1
alakazam,Fire Punch,charge,0
alakazam,Focus Blast,charge,0
alakazam,Future Sight,charge,0
alakazam,Psychic,charge,1
alakazam,Shadow Ball,charge,0
mega alakazam,Confusion,fast,0
mega alakazam,Psycho Cut,fast,0
mega alakazam,Counter,fast,0
mega alakazam,Dazzling Gleam,charge,0
mega alakazam,Fire Punch,charge,0
mega alakazam,Focus Blast,charge,0
mega alakazam,Future Sight,charge,0
mega alakazam,Psychic,charge,0
mega alakazam,Shadow Ball,charge,0
shadow alakazam,Confusion,fast,0
shadow alakazam,Psycho Cut,fast,0
shadow alakazam,Counter,fast,0
shadow alakazam,Dazzling Gleam,charge,0
shadow alakazam,Fire Punch,charge,0
shadow alakazam,Focus Blast,charge,0
shadow alakazam,Future Sight,charge,0
shadow alakazam,Psychic,charge,0
shadow alakazam,Shadow Ball,charge,0
machop,Karate Chop,fast,0
machop,Low Kick,fast,1
machop,Rock Smash,fast,0
machop,Brick Break,charge,0
machop,Cross Chop,charge,0
machop,Low Sweep,charge,0
shadow machop,Karate Chop,fast,0
shadow machop,Low Kick,fast,0
shadow machop,Rock Smash,fast,0
shadow machop,Brick Break,charge,0
shadow machop,Cross Chop,charge,0
shadow machop,Low Sweep,charge,0
machoke,Karate Chop,fast,0
machoke,Low Kick,fast,0
machoke,Brick Break,charge,0
machoke,Cross Chop,charge,1
machoke,Dynamic Punch,charge,0
machoke,Submission,charge,0
shadow machoke,Karate Chop,fast,0
shadow machoke,Low Kick,fast,0
shadow machoke,Brick Break,charge,0
shadow machoke,Cross Chop,charge,0
shadow machoke,Dynamic Punch,charge,0
shadow machoke,Submission,charge,0
machamp,Bullet Punch,fast,0
machamp,Counter,fast,0
machamp,Karate Chop,fast,1
machamp,Close Combat,charge,0
machamp,Cross Chop,charge,0
machamp,Dynamic Punch,charge,0
machamp,Heavy Slam,charge,0
machamp,Rock Slide,charge,0
machamp,Stone Edge,charge,1
machamp,Submission,charge,1
machamp,Payback,charge,1
shadow machamp,Bullet Punch,fast,0
shadow machamp,Counter,fast,0
shadow machamp,Karate Chop,fast,0
shadow machamp,Close Combat,charge,0
shadow machamp,Cross Chop,charge,0
shadow machamp,Dynamic Punch,charge,0
shadow machamp,Heavy Slam,charge,0
shadow machamp,Rock Slide,charge,0
shadow machamp,Stone Edge,charge,0
shadow machamp,Submission,charge,0
shadow machamp,Payback,charge,0
bellsprout,Acid,fast,0
bellsprout,Vine Whip,fast,0
bellsprout,Power Whip,charge,0
bellsprout,Sludge Bomb,charge,0
bellsprout,Wrap,charge,0
shadow bellsprout,Acid,fast,0
shadow bellsprout,Vine Whip,fast,0
shadow bellsprout,Power Whip,charge,0
shadow bellsprout,Sludge Bomb,charge,0
shadow bellsprout,Wrap,charge,0
weepinbell,Acid,fast,0
weepinbell,Bullet Seed,fast,0
weepinbell,Razor Leaf,fast,1
weepinbell,Power Whip,charge,0
weepinbell,Seed Bomb,charge,0
weepinbell,Sludge Bomb,charge,0
shadow weepinbell,Acid,fast,0
shadow weepinbell,Bullet Seed,fast,0
shadow weepinbell,Razor Leaf,fast,0
shadow weepinbell,Power Whip,charge,0
shadow weepinbell,Seed Bomb,charge,0
shadow weepinbell,Sludge Bomb,charge,0
victreebel,Acid,fast,0
victreebel,Razor Leaf,fast,0
victreebel,Magical Leaf,fast,1
victreebel,Leaf Blade,charge,0
victreebel,Sludge Bomb,charge,0
victreebel,Solar Beam,charge,0
victreebel,Acid Spray,charge,0
victreebel,Leaf Tornado,charge,0
mega victreebel,Acid,fast,0
mega victreebel,Razor Leaf,fast,0
mega victreebel,Magical Leaf,fast,0
mega victreebel,Leaf Blade,charge,0
mega victreebel,Sludge Bomb,charge,0
mega victreebel,Solar Beam,charge,0
mega victreebel,Acid Spray,charge,0
mega victreebel,Acid Spray+,charge,1
mega victreebel,Leaf Tornado,charge,0
shadow victreebel,Acid,fast,0
shadow victreebel,Razor Leaf,fast,0
shadow victreebel,Magical Leaf,fast,0
shadow victreebel,Leaf Blade,charge,0
shadow victreebel,Sludge Bomb,charge,0
shadow victreebel,Solar Beam,charge,0
shadow victreebel,Acid Spray,charge,0
shadow victreebel,Leaf Tornado,charge,0
tentacool,Bubble,fast,0
tentacool,Poison Sting,fast,0
tentacool,Bubble Beam,charge,0
tentacool,Water Pulse,charge,0
tentacool,Wrap,charge,0
shadow tentacool,Bubble,fast,0
shadow tentacool,Poison Sting,fast,0
shadow tentacool,Bubble Beam,charge,0
shadow tentacool,Water Pulse,charge,0
shadow tentacool,Wrap,charge,0
tentacruel,Acid,fast,0
tentacruel,Poison Jab,fast,0
tentacruel,Poison Sting,fast,0
tentacruel,Blizzard,charge,0
tentacruel,Hydro Pump,charge,0
tentacruel,Sludge Wave,charge,0
tentacruel,Acid Spray,charge,0
tentacruel,Scald,charge,0
tentacruel,Payback,charge,0
shadow tentacruel,Acid,fast,0
shadow tentacruel,Poison Jab,fast,0
shadow tentacruel,Poison Sting,fast,0
shadow tentacruel,Blizzard,charge,0
shadow tentacruel,Hydro Pump,charge,0
shadow tentacruel,Sludge Wave,charge,0
shadow tentacruel,Acid Spray,charge,0
shadow tentacruel,Scald,charge,0
shadow tentacruel,Payback,charge,0
geodude,Rock Throw,fast,0
geodude,Tackle,fast,0
geodude,Dig,charge,0
geodude,Rock Slide,charge,0
geodude,Rock Tomb,charge,0
alolan geodude,Rock Throw,fast,0
alolan geodude,Volt Switch,fast,0
alolan geodude,Rock Slide,charge,0
alolan geodude,Rock Tomb,charge,0
alolan geodude,Thunderbolt,charge,0
shadow geodude,Rock Throw,fast,0
shadow geodude,Tackle,fast,0
shadow geodude,Dig,charge,0
shadow geodude,Rock Slide,charge,0
shadow geodude,Rock Tomb,charge,0
graveler,Mud Shot,fast,0
graveler,Mud Slap,fast,0
graveler,Rock Throw,fast,0
graveler,Dig,charge,0
graveler,Rock Blast,charge,0
graveler,Rock Slide,charge,1
graveler,Stone Edge,charge,0
alolan graveler,Rock Throw,fast,0
alolan graveler,Volt Switch,fast,0
alolan graveler,Rock Blast,charge,0
alolan graveler,Stone Edge,charge,0
alolan graveler,Thunderbolt,charge,0
shadow graveler,Mud Shot,fast,0
shadow graveler,Mud Slap,fast,0
shadow graveler,Rock Throw,fast,0
shadow graveler,Dig,charge,0
shadow graveler,Rock Blast,charge,0
shadow graveler,Rock Slide,charge,0
shadow graveler,Stone Edge,charge,0
golem,Mud Shot,fast,0
golem,Mud Slap,fast,0
golem,Rock Throw,fast,0
golem,Ancient Power,charge,0
golem,Earthquake,charge,0
golem,Rock Blast,charge,0
golem,Stone Edge,charge,0
alolan golem,Rock Throw,fast,0
alolan golem,Volt Switch,fast,0
alolan golem,Rollout,fast,0
alolan golem,Rock Blast,charge,0
alolan golem,Stone Edge,charge,0
alolan golem,Wild Charge,charge,0
shadow golem,Mud Shot,fast,0
shadow golem,Mud Slap,fast,0
shadow golem,Rock Throw,fast,0
shadow golem,Ancient Power,charge,0
shadow golem,Earthquake,charge,0
shadow golem,Rock Blast,charge,0
shadow golem,Stone Edge,charge,0
ponyta,Ember,fast,0
ponyta,Tackle,fast,0
ponyta,Fire Blast,charge,1
ponyta,Flame Charge,charge,0
ponyta,Flame Wheel,charge,0
ponyta,Stomp,charge,0
galarian ponyta,Low Kick,fast,0
galarian ponyta,Psycho Cut,fast,0
galarian ponyta,Play Rough,charge,0
galarian ponyta,Psybeam,charge,0
galarian ponyta,Swift,charge,0
shadow ponyta,Ember,fast,0
shadow ponyta,Tackle,fast,0
shadow ponyta,Fire Blast,charge,0
shadow ponyta,Flame Charge,charge,0
shadow ponyta,Flame Wheel,charge,0
shadow ponyta,Stomp,charge,0
rapidash,Ember,fast,1
rapidash,Fire Spin,fast,0
rapidash,Low Kick,fast,0
rapidash,Incinerate,fast,0
rapidash,Drill Run,charge,0
rapidash,Fire Blast,charge,0
rapidash,Heat Wave,charge,0
rapidash,Flame Charge,charge,0
rapidash,Scorching Sands,charge,0
rapidash,Wild Charge,charge,1
galarian rapidash,Low Kick,fast,0
galarian rapidash,Psycho Cut,fast,0
galarian rapidash,Fairy Wind,fast,0
galarian rapidash,Play Rough,charge,0
galarian rapidash,Psychic,charge,0
galarian rapidash,Body Slam,charge,0
galarian rapidash,Megahorn,charge,0
galarian rapidash,High Horsepower,charge,0
galarian rapidash,Wild Charge,charge,0
shadow rapidash,Ember,fast,0
shadow rapidash,Fire Spin,fast,0
shadow rapidash,Low Kick,fast,0
shadow rapidash,Incinerate,fast,0
shadow rapidash,Drill Run,charge,0
shadow rapidash,Fire Blast,charge,0
shadow rapidash,Heat Wave,charge,0
shadow rapidash,Flame Charge,charge,0
shadow rapidash,Scorching Sands,charge,0
shadow rapidash,Wild Charge,charge,0
slowpoke,Confusion,fast,0
slowpoke,Water Gun,fast,0
slowpoke,Psychic,charge,0
slowpoke,Psyshock,charge,0
slowpoke,Water Pulse,charge,0
galarian slowpoke,Confusion,fast,0
galarian slowpoke,Iron Tail,fast,0
galarian slowpoke,Surf,charge,0
galarian slowpoke,Psyshock,charge,0
galarian slowpoke,Psychic,charge,0
shadow slowpoke,Confusion,fast,0
shadow slowpoke,Water Gun,fast,0
shadow slowpoke,Psychic,charge,0
shadow slowpoke,Psyshock,charge,0
shadow slowpoke,Water Pulse,charge,0
slowbro,Confusion,fast,0
slowbro,Water Gun,fast,0
slowbro,Ice Beam,charge,0
slowbro,Psychic,charge,0
slowbro,Water Pulse,charge,0
slowbro,Surf,charge,1
slowbro,Scald,charge,0
slowbro,Drain Punch,charge,0
galarian slowbro,Confusion,fast,0
galarian slowbro,Poison Jab,fast,0
galarian slowbro,Focus Blast,charge,0
galarian slowbro,Psychic,charge,0
galarian slowbro,Sludge Bomb,charge,0
galarian slowbro,Surf,charge,0
galarian slowbro,Scald,charge,0
galarian slowbro,Brutal Swing,charge,0
galarian slowbro,Drain Punch,charge,0
mega slowbro,Confusion,fast,0
mega slowbro,Water Gun,fast,0
mega slowbro,Ice Beam,charge,0
mega slowbro,Psychic,charge,0
mega slowbro,Water Pulse,charge,0
mega slowbro,Surf,charge,0
mega slowbro,Scald,charge,0
mega slowbro,Drain Punch,charge,0
shadow slowbro,Confusion,fast,0
shadow slowbro,Water Gun,fast,0
shadow slowbro,Ice Beam,charge,0
shadow slowbro,Psychic,charge,0
shadow slowbro,Water Pulse,charge,0
shadow slowbro,Surf,charge,0
shadow slowbro,Scald,charge,0
shadow slowbro,Drain Punch,charge,0
magnemite,Spark,fast,0
magnemite,Thunder Shock,fast,0
magnemite,Volt Switch,fast,0
magnemite,Metal Sound,fast,0
magnemite,Discharge,charge,0
magnemite,Magnet Bomb,charge,0
magnemite,Thunderbolt,charge,0
shadow magnemite,Spark,fast,0
shadow magnemite,Thunder Shock,fast,0
shadow magnemite,Volt Switch,fast,0
shadow magnemite,Metal Sound,fast,0
shadow magnemite,Discharge,charge,0
shadow magnemite,Magnet Bomb,charge,0
shadow magnemite,Thunderbolt,charge,0
magneton,Charge Beam,fast,0
magneton,Spark,fast,0
magneton,Thunder Shock,fast,0
magneton,Volt Switch,fast,0
magneton,Metal Sound,fast,0
magneton,Discharge,charge,0
magneton,Flash Cannon,charge,0
magneton,Magnet Bomb,charge,0
magneton,Zap Cannon,charge,0
shadow magneton,Charge Beam,fast,0
shadow magneton,Spark,fast,0
shadow magneton,Thunder Shock,fast,0
shadow magneton,Volt Switch,fast,0
shadow magneton,Metal Sound,fast,0
shadow magneton,Discharge,charge,0
shadow magneton,Flash Cannon,charge,0
shadow magneton,Magnet Bomb,charge,0
shadow magneton,Zap Cannon,charge,0
farfetchd,Air Slash,fast,0
farfetchd,Cut,fast,1
farfetchd,Fury Cutter,fast,0
farfetchd,Aerial Ace,charge,0
farfetchd,Air Cutter,charge,0
farfetchd,Leaf Blade,charge,0
galarian farfetchd,Rock Smash,fast,0
galarian farfetchd,Fury Cutter,fast,0
galarian farfetchd,Brick Break,charge,0
galarian farfetchd,Brave Bird,charge,0
galarian farfetchd,Leaf Blade,charge,0
doduo,Peck,fast,0
doduo,Quick Attack,fast,0
doduo,Aerial Ace,charge,0
doduo,Brave Bird,charge,0
doduo,Drill Peck,charge,0
doduo,Swift,charge,1
dodrio,Feint Attack,fast,0
dodrio,Steel Wing,fast,0
dodrio,Peck,fast,0
dodrio,Aerial Ace,charge,0
dodrio,Air Cutter,charge,1
dodrio,Brave Bird,charge,0
dodrio,Drill Peck,charge,0
dodrio,Trailblaze,charge,0
seel,Ice Shard,fast,0
seel,Lick,fast,0
seel,Water Gun,fast,1
seel,Aqua Jet,charge,1
seel,Aqua Tail,charge,0
seel,Aurora Beam,charge,0
seel,Icy Wind,charge,0
shadow seel,Ice Shard,fast,0
shadow seel,Lick,fast,0
shadow seel,Water Gun,fast,0
shadow seel,Aqua Jet,charge,0
shadow seel,Aqua Tail,charge,0
shadow seel,Aurora Beam,charge,0
shadow seel,Icy Wind,charge,0
dewgong,Frost Breath,fast,0
dewgong,Ice Shard,fast,1
dewgong,Iron Tail,fast,0
dewgong,Aqua Jet,charge,1
dewgong,Aurora Beam,charge,0
dewgong,Blizzard,charge,0
dewgong,Icy Wind,charge,1
dewgong,Water Pulse,charge,0
dewgong,Drill Run,charge,0
dewgong,Liquidation,charge,0
shadow dewgong,Frost Breath,fast,0
shadow dewgong,Ice Shard,fast,0
shadow dewgong,Iron Tail,fast,0
shadow dewgong,Aqua Jet,charge,0
shadow dewgong,Aurora Beam,charge,0
shadow dewgong,Blizzard,charge,0
shadow dewgong,Icy Wind,charge,0
shadow dewgong,Water Pulse,charge,0
shadow dewgong,Drill Run,charge,0
shadow dewgong,Liquidation,charge,0
grimer,Acid,fast,0
grimer,Mud Slap,fast,0
grimer,Poison Jab,fast,0
grimer,Mud Bomb,charge,0
grimer,Sludge,charge,0
grimer,Sludge Bomb,charge,0
alolan grimer,Bite,fast,0
alolan grimer,Poison Jab,fast,0
alolan grimer,Crunch,charge,0
alolan grimer,Gunk Shot,charge,0
alolan grimer,Sludge Bomb,charge,0
shadow grimer,Mud Slap,fast,0
shadow grimer,Poison Jab,fast,0
shadow grimer,Mud Bomb,charge,0
shadow grimer,Sludge,charge,0
shadow grimer,Sludge Bomb,charge,0
muk,Acid,fast,0
muk,Infestation,fast,0
muk,Lick,fast,1
muk,Poison Jab,fast,0
muk,Dark Pulse,charge,0
muk,Gunk Shot,charge,0
muk,Sludge Wave,charge,0
muk,Thunder Punch,charge,0
muk,Acid Spray,charge,0
alolan muk,Bite,fast,0
alolan muk,Poison Jab,fast,0
alolan muk,Snarl,fast,0
alolan muk,Dark Pulse,charge,0
alolan muk,Gunk Shot,charge,0
alolan muk,Sludge Wave,charge,0
alolan muk,Acid Spray,charge,0
shadow muk,Infestation,fast,0
shadow muk,Lick,fast,0
shadow muk,Poison Jab,fast,0
shadow muk,Dark Pulse,charge,0
shadow muk,Gunk Shot,charge,0
shadow muk,Sludge Wave,charge,0
shadow muk,Thunder Punch,charge,0
shadow muk,Acid Spray,charge,0
shellder,Ice Shard,fast,0
shellder,Tackle,fast,0
shellder,Bubble Beam,charge,0
shellder,Icy Wind,charge,0
shellder,Water Pulse,charge,0
shellder,Razor Shell,charge,0
shadow shellder,Ice Shard,fast,0
shadow shellder,Tackle,fast,0
shadow shellder,Bubble Beam,charge,0
shadow shellder,Icy Wind,charge,0
shadow shellder,Water Pulse,charge,0
shadow shellder,Razor Shell,charge,0
cloyster,Frost Breath,fast,0
cloyster,Ice Shard,fast,0
cloyster,Aurora Beam,charge,0
cloyster,Avalanche,charge,0
cloyster,Blizzard,charge,1
cloyster,Hydro Pump,charge,0
cloyster,Icy Wind,charge,0
cloyster,Liquidation,charge,0
cloyster,Razor Shell,charge,0
shadow cloyster,Frost Breath,fast,0
shadow cloyster,Ice Shard,fast,0
shadow cloyster,Aurora Beam,charge,0
shadow cloyster,Avalanche,charge,0
shadow cloyster,Blizzard,charge,0
shadow cloyster,Hydro Pump,charge,0
shadow cloyster,Icy Wind,charge,0
shadow cloyster,Liquidation,charge,0
shadow cloyster,Razor Shell,charge,0
gastly,Astonish,fast,0
gastly,Lick,fast,0
gastly,Sucker Punch,fast,1
gastly,Dark Pulse,charge,0
gastly,Night Shade,charge,0
gastly,Ominous Wind,charge,1
gastly,Sludge Bomb,charge,0
shadow gastly,Astonish,fast,0
shadow gastly,Lick,fast,0
shadow gastly,Sucker Punch,fast,0
shadow gastly,Dark Pulse,charge,0
shadow gastly,Night Shade,charge,0
shadow gastly,Ominous Wind,charge,0
shadow gastly,Sludge Bomb,charge,0
haunter,Astonish,fast,0
haunter,Lick,fast,1
haunter,Shadow Claw,fast,0
haunter,Dark Pulse,charge,0
haunter,Shadow Ball,charge,0
haunter,Shadow Punch,charge,0
haunter,Sludge Bomb,charge,0
haunter,Ice Punch,charge,0
shadow haunter,Astonish,fast,0
shadow haunter,Lick,fast,0
shadow haunter,Shadow Claw,fast,0
shadow haunter,Dark Pulse,charge,0
shadow haunter,Shadow Ball,charge,0
shadow haunter,Shadow Punch,charge,0
shadow haunter,Sludge Bomb,charge,0
shadow haunter,Ice Punch,charge,0
gengar,Hex,fast,0
gengar,Lick,fast,1
gengar,Shadow Claw,fast,0
gengar,Sucker Punch,fast,0
gengar,Dark Pulse,charge,1
gengar,Focus Blast,charge,0
gengar,Psychic,charge,1
gengar,Shadow Ball,charge,0
gengar,Sludge Bomb,charge,0
gengar,Sludge Wave,charge,1
gengar,Shadow Punch,charge,1
gengar,Drain Punch,charge,0
mega gengar,Hex,fast,0
mega gengar,Lick,fast,0
mega gengar,Shadow Claw,fast,0
mega gengar,Sucker Punch,fast,0
mega gengar,Dark Pulse,charge,0
mega gengar,Focus Blast,charge,0
mega gengar,Psychic,charge,0
mega gengar,Shadow Ball,charge,0
mega gengar,Sludge Bomb,charge,0
mega gengar,Sludge Wave,charge,0
mega gengar,Shadow Punch,charge,0
mega gengar,Drain Punch,charge,0
shadow gengar,Hex,fast,0
shadow gengar,Lick,fast,0
shadow gengar,Shadow Claw,fast,0
shadow gengar,Sucker Punch,fast,0
shadow gengar,Dark Pulse,charge,0
shadow gengar,Focus Blast,charge,0
shadow gengar,Psychic,charge,0
shadow gengar,Shadow Ball,charge,0
shadow gengar,Sludge Bomb,charge,0
shadow gengar,Sludge Wave,charge,0
shadow gengar,Shadow Punch,charge,0
shadow gengar,Drain Punch,charge,0
onix,Rock Throw,fast,0
onix,Tackle,fast,0
onix,Heavy Slam,charge,0
onix,Iron Head,charge,1
onix,Rock Slide,charge,1
onix,Sand Tomb,charge,0
onix,Stone Edge,charge,0
onix,Breaking Swipe,charge,0
shadow onix,Rock Throw,fast,0
shadow onix,Tackle,fast,0
shadow onix,Heavy Slam,charge,0
shadow onix,Iron Head,charge,0
shadow onix,Rock Slide,charge,0
shadow onix,Sand Tomb,charge,0
shadow onix,Stone Edge,charge,0
shadow onix,Breaking Swipe,charge,0
drowzee,Confusion,fast,0
drowzee,Pound,fast,0
drowzee,Psybeam,charge,0
drowzee,Psychic,charge,0
drowzee,Psyshock,charge,0
shadow drowzee,Confusion,fast,0
shadow drowzee,Pound,fast,0
shadow drowzee,Psybeam,charge,0
shadow drowzee,Psychic,charge,0
shadow drowzee,Psyshock,charge,0
hypno,Confusion,fast,0
hypno,Zen Headbutt,fast,0
hypno,Focus Blast,charge,0
hypno,Future Sight,charge,0
hypno,Psychic,charge,0
hypno,Psyshock,charge,1
hypno,Shadow Ball,charge,0
hypno,Fire Punch,charge,0
hypno,Ice Punch,charge,0
hypno,Thunder Punch,charge,0
shadow hypno,Confusion,fast,0
shadow hypno,Zen Headbutt,fast,0
shadow hypno,Focus Blast,charge,0
shadow hypno,Future Sight,charge,0
shadow hypno,Psychic,charge,0
shadow hypno,Psyshock,charge,0
shadow hypno,Shadow Ball,charge,0
shadow hypno,Fire Punch,charge,0
shadow hypno,Ice Punch,charge,0
shadow hypno,Thunder Punch,charge,0
krabby,Bubble,fast,0
krabby,Mud Shot,fast,0
krabby,Bubble Beam,charge,0
krabby,Vise Grip,charge,0
krabby,Water Pulse,charge,0
krabby,Razor Shell,charge,0
shadow krabby,Bubble,fast,0
shadow krabby,Mud Shot,fast,0
shadow krabby,Bubble Beam,charge,0
shadow krabby,Vise Grip,charge,0
shadow krabby,Water Pulse,charge,0
shadow krabby,Razor Shell,charge,0
kingler,Bubble,fast,0
kingler,Metal Claw,fast,0
kingler,Mud Shot,fast,1
kingler,Vise Grip,charge,0
kingler,Water Pulse,charge,0
kingler,X-Scissor,charge,0
kingler,Crabhammer,charge,0
kingler,Razor Shell,charge,0
shadow kingler,Bubble,fast,0
shadow kingler,Metal Claw,fast,0
shadow kingler,Mud Shot,fast,0
shadow kingler,Vise Grip,charge,0
shadow kingler,Water Pulse,charge,0
shadow kingler,X-Scissor,charge,0
shadow kingler,Crabhammer,charge,0
shadow kingler,Razor Shell,charge,0
voltorb,Spark,fast,0
voltorb,Tackle,fast,0
voltorb,Discharge,charge,0
voltorb,Gyro Ball,charge,0
voltorb,Signal Beam,charge,1
voltorb,Thunderbolt,charge,0
hisuian voltorb,Charge Beam,fast,0
hisuian voltorb,Tackle,fast,0
hisuian voltorb,Swift,charge,0
hisuian voltorb,Thunderbolt,charge,0
hisuian voltorb,Energy Ball,charge,0
shadow voltorb,Spark,fast,0
shadow voltorb,Tackle,fast,0
shadow voltorb,Discharge,charge,0
shadow voltorb,Gyro Ball,charge,0
shadow voltorb,Signal Beam,charge,0
shadow voltorb,Thunderbolt,charge,0
electrode,Spark,fast,0
electrode,Tackle,fast,1
electrode,Volt Switch,fast,0
electrode,Discharge,charge,0
electrode,Hyper Beam,charge,0
electrode,Thunderbolt,charge,0
electrode,Foul Play,charge,0
hisuian electrode,Thunder Shock,fast,0
hisuian electrode,Tackle,fast,0
hisuian electrode,Swift,charge,0
hisuian electrode,Wild Charge,charge,0
hisuian electrode,Energy Ball,charge,0
shadow electrode,Spark,fast,0
shadow electrode,Tackle,fast,0
shadow electrode,Volt Switch,fast,0
shadow electrode,Discharge,charge,0
shadow electrode,Hyper Beam,charge,0
shadow electrode,Thunderbolt,charge,0
shadow electrode,Foul Play,charge,0
exeggcute,Bullet Seed,fast,0
exeggcute,Confusion,fast,0
exeggcute,Ancient Power,charge,0
exeggcute,Psychic,charge,0
exeggcute,Seed Bomb,charge,0
shadow exeggcute,Bullet Seed,fast,0
shadow exeggcute,Confusion,fast,0
shadow exeggcute,Ancient Power,charge,0
shadow exeggcute,Psychic,charge,0
shadow exeggcute,Seed Bomb,charge,0
exeggutor,Bullet Seed,fast,0
exeggutor,Confusion,fast,0
exeggutor,Extrasensory,fast,0
exeggutor,Zen Headbutt,fast,1
exeggutor,Psychic,charge,0
exeggutor,Seed Bomb,charge,0
exeggutor,Solar Beam,charge,0
alolan exeggutor,Bullet Seed,fast,0
alolan exeggutor,Dragon Tail,fast,0
alolan exeggutor,Dragon Pulse,charge,0
alolan exeggutor,Seed Bomb,charge,0
alolan exeggutor,Solar Beam,charge,0
alolan exeggutor,Draco Meteor,charge,0
shadow exeggutor,Bullet Seed,fast,0
shadow exeggutor,Confusion,fast,0
shadow exeggutor,Extrasensory,fast,0
shadow exeggutor,Zen Headbutt,fast,0
shadow exeggutor,Psychic,charge,0
shadow exeggutor,Seed Bomb,charge,0
shadow exeggutor,Solar Beam,charge,0
cubone,Mud Slap,fast,0
cubone,Rock Smash,fast,0
cubone,Bone Club,charge,0
cubone,Bulldoze,charge,0
cubone,Dig,charge,0
shadow cubone,Mud Slap,fast,0
shadow cubone,Rock Smash,fast,0
shadow cubone,Bone Club,charge,0
shadow cubone,Bulldoze,charge,0
shadow cubone,Dig,charge,0
marowak,Mud Slap,fast,0
marowak,Rock Smash,fast,0
marowak,Bone Club,charge,0
marowak,Dig,charge,0
marowak,Earthquake,charge,0
marowak,Rock Slide,charge,0
alolan marowak,Hex,fast,0
alolan marowak,Rock Smash,fast,0
alolan marowak,Fire Spin,fast,0
alolan marowak,Bone Club,charge,0
alolan marowak,Fire Blast,charge,0
alolan marowak,Shadow Ball,charge,0
alolan marowak,Flame Wheel,charge,0
alolan marowak,Shadow Bone,charge,0
shadow marowak,Mud Slap,fast,0
shadow marowak,Rock Smash,fast,0
shadow marowak,Bone Club,charge,0
shadow marowak,Dig,charge,0
shadow marowak,Earthquake,charge,0
shadow marowak,Rock Slide,charge,0
hitmonlee,Low Kick,fast,0
hitmonlee,Rock Smash,fast,0
hitmonlee,Double Kick,fast,0
hitmonlee,Brick Break,charge,1
hitmonlee,Close Combat,charge,0
hitmonlee,Low Sweep,charge,0
hitmonlee,Stomp,charge,1
hitmonlee,Stone Edge,charge,0
hitmonlee,Blaze Kick,charge,0
shadow hitmonlee,Low Kick,fast,0
shadow hitmonlee,Rock Smash,fast,0
shadow hitmonlee,Double Kick,fast,0
shadow hitmonlee,Brick Break,charge,0
shadow hitmonlee,Close Combat,charge,0
shadow hitmonlee,Low Sweep,charge,0
shadow hitmonlee,Stomp,charge,0
shadow hitmonlee,Stone Edge,charge,0
shadow hitmonlee,Blaze Kick,charge,0
hitmonchan,Bullet Punch,fast,0
hitmonchan,Counter,fast,0
hitmonchan,Rock Smash,fast,1
hitmonchan,Brick Break,charge,1
hitmonchan,Close Combat,charge,0
hitmonchan,Fire Punch,charge,0
hitmonchan,Ice Punch,charge,0
hitmonchan,Thunder Punch,charge,0
hitmonchan,Power-Up Punch,charge,0
shadow hitmonchan,Bullet Punch,fast,0
shadow hitmonchan,Counter,fast,0
shadow hitmonchan,Rock Smash,fast,0
shadow hitmonchan,Brick Break,charge,0
shadow hitmonchan,Close Combat,charge,0
shadow hitmonchan,Fire Punch,charge,0
shadow hitmonchan,Ice Punch,charge,0
shadow hitmonchan,Thunder Punch,charge,0
shadow hitmonchan,Power-Up Punch,charge,0
lickitung,Lick,fast,0
lickitung,Zen Headbutt,fast,0
lickitung,Hyper Beam,charge,0
lickitung,Power Whip,charge,0
lickitung,Stomp,charge,0
lickitung,Body Slam,charge,1
lickitung,Wrap,charge,0
koffing,Acid,fast,0
koffing,Infestation,fast,0
koffing,Tackle,fast,0
koffing,Dark Pulse,charge,0
koffing,Sludge,charge,0
koffing,Sludge Bomb,charge,0
shadow koffing,Infestation,fast,0
shadow koffing,Tackle,fast,0
shadow koffing,Dark Pulse,charge,0
shadow koffing,Sludge,charge,0
shadow koffing,Sludge Bomb,charge,0
weezing,Acid,fast,0
weezing,Infestation,fast,0
weezing,Tackle,fast,0
weezing,Rollout,fast,0
weezing,Dark Pulse,charge,0
weezing,Shadow Ball,charge,0
weezing,Sludge Bomb,charge,0
weezing,Thunderbolt,charge,0
galarian weezing,Tackle,fast,0
galarian weezing,Fairy Wind,fast,0
galarian weezing,Sludge,charge,0
galarian weezing,Hyper Beam,charge,0
galarian weezing,Play Rough,charge,0
galarian weezing,Overheat,charge,0
galarian weezing,Brutal Swing,charge,0
shadow weezing,Infestation,fast,0
shadow weezing,Tackle,fast,0
shadow weezing,Rollout,fast,0
shadow weezing,Dark Pulse,charge,0
shadow weezing,Shadow Ball,charge,0
shadow weezing,Sludge Bomb,charge,0
shadow weezing,Thunderbolt,charge,0
rhyhorn,Mud Slap,fast,0
rhyhorn,Rock Smash,fast,0
rhyhorn,Bulldoze,charge,0
rhyhorn,Horn Attack,charge,0
rhyhorn,Stomp,charge,0
shadow rhyhorn,Mud Slap,fast,0
shadow rhyhorn,Rock Smash,fast,0
shadow rhyhorn,Bulldoze,charge,0
shadow rhyhorn,Horn Attack,charge,0
shadow rhyhorn,Stomp,charge,0
rhydon,Mud Slap,fast,0
rhydon,Rock Smash,fast,0
rhydon,Earthquake,charge,0
rhydon,Megahorn,charge,1
rhydon,Stone Edge,charge,0
rhydon,Surf,charge,0
rhydon,Breaking Swipe,charge,0
shadow rhydon,Mud Slap,fast,0
shadow rhydon,Rock Smash,fast,0
shadow rhydon,Earthquake,charge,0
shadow rhydon,Megahorn,charge,0
shadow rhydon,Stone Edge,charge,0
shadow rhydon,Surf,charge,0
shadow rhydon,Breaking Swipe,charge,0
chansey,Pound,fast,0
chansey,Zen Headbutt,fast,0
chansey,Dazzling Gleam,charge,0
chansey,Hyper Beam,charge,0
chansey,Psybeam,charge,0
chansey,Psychic,charge,0
tangela,Infestation,fast,0
tangela,Vine Whip,fast,0
tangela,Grass Knot,charge,0
tangela,Power Whip,charge,1
tangela,Sludge Bomb,charge,0
tangela,Solar Beam,charge,0
shadow tangela,Infestation,fast,0
shadow tangela,Vine Whip,fast,0
shadow tangela,Grass Knot,charge,0
shadow tangela,Power Whip,charge,0
shadow tangela,Sludge Bomb,charge,0
shadow tangela,Solar Beam,charge,0
kangaskhan,Low Kick,fast,0
kangaskhan,Mud Slap,fast,0
kangaskhan,Brick Break,charge,1
kangaskhan,Crunch,charge,0
kangaskhan,Earthquake,charge,0
kangaskhan,Outrage,charge,0
kangaskhan,Stomp,charge,1
kangaskhan,Power-Up Punch,charge,0
mega kangaskhan,Low Kick,fast,0
mega kangaskhan,Mud Slap,fast,0
mega kangaskhan,Brick Break,charge,0
mega kangaskhan,Crunch,charge,0
mega kangaskhan,Earthquake,charge,0
mega kangaskhan,Outrage,charge,0
mega kangaskhan,Stomp,charge,0
mega kangaskhan,Power-Up Punch,charge,0
horsea,Bubble,fast,0
horsea,Water Gun,fast,0
horsea,Bubble Beam,charge,0
horsea,Dragon Pulse,charge,0
horsea,Flash Cannon,charge,0
shadow horsea,Bubble,fast,0
shadow horsea,Water Gun,fast,0
shadow horsea,Bubble Beam,charge,0
shadow horsea,Dragon Pulse,charge,0
shadow horsea,Flash Cannon,charge,0
seadra,Dragon Breath,fast,0
seadra,Water Gun,fast,0
seadra,Aurora Beam,charge,0
seadra,Blizzard,charge,1
seadra,Dragon Pulse,charge,0
seadra,Hydro Pump,charge,0
shadow seadra,Dragon Breath,fast,0
shadow seadra,Water Gun,fast,0
shadow seadra,Aurora Beam,charge,0
shadow seadra,Blizzard,charge,0
shadow seadra,Dragon Pulse,charge,0
shadow seadra,Hydro Pump,charge,0
goldeen,Mud Shot,fast,0
goldeen,Peck,fast,0
goldeen,Aqua Tail,charge,0
goldeen,Horn Attack,charge,0
goldeen,Water Pulse,charge,0
seaking,Peck,fast,0
seaking,Poison Jab,fast,1
seaking,Waterfall,fast,0
seaking,Drill Run,charge,1
seaking,Ice Beam,charge,0
seaking,Icy Wind,charge,1
seaking,Megahorn,charge,0
seaking,Water Pulse,charge,0
staryu,Quick Attack,fast,0
staryu,Tackle,fast,0
staryu,Water Gun,fast,0
staryu,Bubble Beam,charge,0
staryu,Power Gem,charge,0
staryu,Swift,charge,0
shadow staryu,Tackle,fast,0
shadow staryu,Water Gun,fast,0
shadow staryu,Bubble Beam,charge,0
shadow staryu,Power Gem,charge,0
shadow staryu,Swift,charge,0
starmie,Hidden Power Bug,fast,0
starmie,Hidden Power Dark,fast,0
starmie,Hidden Power Dragon,fast,0
starmie,Hidden Power Electric,fast,0
starmie,Hidden Power Fighting,fast,0
starmie,Hidden Power Fire,fast,0
starmie,Hidden Power Flying,fast,0
starmie,Hidden Power Ghost,fast,0
starmie,Hidden Power Grass,fast,0
starmie,Hidden Power Ground,fast,0
starmie,Hidden Power Ice,fast,0
starmie,Hidden Power Poison,fast,0
starmie,Hidden Power Psychic,fast,0
starmie,Hidden Power Rock,fast,0
starmie,Hidden Power Steel,fast,0
starmie,Hidden Power Water,fast,0
starmie,Quick Attack,fast,0
starmie,Tackle,fast,1
starmie,Water Gun,fast,0
starmie,Psywave,fast,0
starmie,Hydro Pump,charge,0
starmie,Ice Beam,charge,0
starmie,Power Gem,charge,0
starmie,Psybeam,charge,0
starmie,Psychic,charge,0
starmie,Thunder,charge,0
starmie,Surf,charge,0
starmie,Aqua Jet,charge,0
mega starmie,Hidden Power Bug,fast,0
mega starmie,Hidden Power Dark,fast,0
mega starmie,Hidden Power Dragon,fast,0
mega starmie,Hidden Power Electric,fast,0
mega starmie,Hidden Power Fighting,fast,0
mega starmie,Hidden Power Fire,fast,0
mega starmie,Hidden Power Flying,fast,0
mega starmie,Hidden Power Ghost,fast,0
mega starmie,Hidden Power Grass,fast,0
mega starmie,Hidden Power Ground,fast,0
mega starmie,Hidden Power Ice,fast,0
mega starmie,Hidden Power Poison,fast,0
mega starmie,Hidden Power Psychic,fast,0
mega starmie,Hidden Power Rock,fast,0
mega starmie,Hidden Power Steel,fast,0
mega starmie,Hidden Power Water,fast,0
mega starmie,Quick Attack,fast,0
mega starmie,Tackle,fast,0
mega starmie,Water Gun,fast,0
mega starmie,Psywave,fast,0
mega starmie,Hydro Pump,charge,0
mega starmie,Ice Beam,charge,0
mega starmie,Power Gem,charge,0
mega starmie,Psybeam,charge,0
mega starmie,Psychic,charge,0
mega starmie,Thunder,charge,0
mega starmie,Surf,charge,0
mega starmie,Aqua Jet,charge,0
mega starmie,Liquidation+,charge,1
shadow starmie,Hidden Power Bug,fast,0
shadow starmie,Hidden Power Dark,fast,0
shadow starmie,Hidden Power Dragon,fast,0
shadow starmie,Hidden Power Electric,fast,0
shadow starmie,Hidden Power Fighting,fast,0
shadow starmie,Hidden Power Fire,fast,0
shadow starmie,Hidden Power Flying,fast,0
shadow starmie,Hidden Power Ghost,fast,0
shadow starmie,Hidden Power Grass,fast,0
shadow starmie,Hidden Power Ground,fast,0
shadow starmie,Hidden Power Ice,fast,0
shadow starmie,Hidden Power Poison,fast,0
shadow starmie,Hidden Power Psychic,fast,0
shadow starmie,Hidden Power Rock,fast,0
shadow starmie,Hidden Power Steel,fast,0
shadow starmie,Hidden Power Water,fast,0
shadow starmie,Tackle,fast,0
shadow starmie,Water Gun,fast,0
shadow starmie,Psywave,fast,0
shadow starmie,Hydro Pump,charge,0
shadow starmie,Ice Beam,charge,0
shadow starmie,Power Gem,charge,0
shadow starmie,Psybeam,charge,0
shadow starmie,Psychic,charge,0
shadow starmie,Thunder,charge,0
shadow starmie,Surf,charge,0
shadow starmie,Aqua Jet,charge,0
mr mime,Confusion,fast,0
mr mime,Zen Headbutt,fast,0
mr mime,Magical Leaf,fast,0
mr mime,Psywave,fast,0
mr mime,Psybeam,charge,0
mr mime,Psychic,charge,0
mr mime,Shadow Ball,charge,0
galarian mr mime,Confusion,fast,0
galarian mr mime,Zen Headbutt,fast,0
galarian mr mime,Psybeam,charge,0
galarian mr mime,Psychic,charge,0
galarian mr mime,Ice Punch,charge,0
galarian mr mime,Triple Axel,charge,0
scyther,Air Slash,fast,0
scyther,Fury Cutter,fast,0
scyther,Steel Wing,fast,1
scyther,Aerial Ace,charge,0
scyther,Bug Buzz,charge,1
scyther,Night Slash,charge,0
scyther,X-Scissor,charge,0
scyther,Trailblaze,charge,0
shadow scyther,Air Slash,fast,0
shadow scyther,Fury Cutter,fast,0
shadow scyther,Steel Wing,fast,0
shadow scyther,Aerial Ace,charge,0
shadow scyther,Bug Buzz,charge,0
shadow scyther,Night Slash,charge,0
shadow scyther,X-Scissor,charge,0
shadow scyther,Trailblaze,charge,0
jynx,Confusion,fast,0
jynx,Frost Breath,fast,0
jynx,Pound,fast,1
jynx,Avalanche,charge,0
jynx,Draining Kiss,charge,0
jynx,Focus Blast,charge,0
jynx,Ice Punch,charge,1
jynx,Psyshock,charge,0
electabuzz,Low Kick,fast,0
electabuzz,Thunder Shock,fast,0
electabuzz,Thunder,charge,0
electabuzz,Thunder Punch,charge,0
electabuzz,Thunderbolt,charge,0
shadow electabuzz,Low Kick,fast,0
shadow electabuzz,Thunder Shock,fast,0
shadow electabuzz,Thunder,charge,0
shadow electabuzz,Thunder Punch,charge,0
shadow electabuzz,Thunderbolt,charge,0
magmar,Ember,fast,0
magmar,Karate Chop,fast,0
magmar,Fire Blast,charge,0
magmar,Fire Punch,charge,0
magmar,Flamethrower,charge,0
magmar,Scorching Sands,charge,0
shadow magmar,Ember,fast,0
shadow magmar,Karate Chop,fast,0
shadow magmar,Fire Blast,charge,0
shadow magmar,Fire Punch,charge,0
shadow magmar,Flamethrower,charge,0
shadow magmar,Scorching Sands,charge,0
pinsir,Bug Bite,fast,0
pinsir,Fury Cutter,fast,0
pinsir,Rock Smash,fast,0
pinsir,Close Combat,charge,0
pinsir,Submission,charge,1
pinsir,Vise Grip,charge,0
pinsir,X-Scissor,charge,0
pinsir,Superpower,charge,0
mega pinsir,Bug Bite,fast,0
mega pinsir,Fury Cutter,fast,0
mega pinsir,Rock Smash,fast,0
mega pinsir,Close Combat,charge,0
mega pinsir,Submission,charge,0
mega pinsir,Vise Grip,charge,0
mega pinsir,X-Scissor,charge,0
mega pinsir,Superpower,charge,0
shadow pinsir,Bug Bite,fast,0
shadow pinsir,Fury Cutter,fast,0
shadow pinsir,Rock Smash,fast,0
shadow pinsir,Close Combat,charge,0
shadow pinsir,Submission,charge,0
shadow pinsir,Vise Grip,charge,0
shadow pinsir,X-Scissor,charge,0
shadow pinsir,Superpower,charge,0
tauros,Tackle,fast,0
tauros,Zen Headbutt,fast,0
tauros,Earthquake,charge,0
tauros,Horn Attack,charge,0
tauros,Iron Head,charge,0
tauros,Trailblaze,charge,0
tauros aqua,Tackle,fast,0
tauros aqua,Zen Headbutt,fast,0
tauros aqua,Double Kick,fast,0
tauros aqua,Earthquake,charge,0
tauros aqua,Aqua Jet,charge,0
tauros aqua,Iron Head,charge,0
tauros aqua,Trailblaze,charge,0
tauros blaze,Tackle,fast,0
tauros blaze,Zen Headbutt,fast,0
tauros blaze,Double Kick,fast,0
tauros blaze,Earthquake,charge,0
tauros blaze,Flame Charge,charge,0
tauros blaze,Iron Head,charge,0
tauros blaze,Trailblaze,charge,0
tauros combat,Tackle,fast,0
tauros combat,Zen Headbutt,fast,0
tauros combat,Double Kick,fast,0
tauros combat,Earthquake,charge,0
tauros combat,Close Combat,charge,0
tauros combat,Iron Head,charge,0
tauros combat,Trailblaze,charge,0
gyarados,Bite,fast,0
gyarados,Dragon Breath,fast,0
gyarados,Dragon Tail,fast,1
gyarados,Waterfall,fast,0
gyarados,Crunch,charge,0
gyarados,Dragon Pulse,charge,1
gyarados,Hydro Pump,charge,0
gyarados,Outrage,charge,0
gyarados,Twister,charge,0
gyarados,Aqua Tail,charge,1
mega gyarados,Bite,fast,0
mega gyarados,Dragon Breath,fast,0
mega gyarados,Dragon Tail,fast,0
mega gyarados,Waterfall,fast,0
mega gyarados,Crunch,charge,0
mega gyarados,Dragon Pulse,charge,0
mega gyarados,Hydro Pump,charge,0
mega gyarados,Outrage,charge,0
mega gyarados,Twister,charge,0
mega gyarados,Aqua Tail,charge,0
shadow gyarados,Bite,fast,0
shadow gyarados,Dragon Breath,fast,0
shadow gyarados,Dragon Tail,fast,0
shadow gyarados,Waterfall,fast,0
shadow gyarados,Crunch,charge,0
shadow gyarados,Dragon Pulse,charge,0
shadow gyarados,Hydro Pump,charge,0
shadow gyarados,Outrage,charge,0
shadow gyarados,Twister,charge,0
shadow gyarados,Aqua Tail,charge,0
lapras,Frost Breath,fast,0
lapras,Ice Shard,fast,1
lapras,Water Gun,fast,0
lapras,Psywave,fast,0
lapras,Blizzard,charge,0
lapras,Dragon Pulse,charge,1
lapras,Hydro Pump,charge,0
lapras,Ice Beam,charge,1
lapras,Surf,charge,0
lapras,Skull Bash,charge,0
lapras,Sparkling Aria,charge,0
shadow lapras,Frost Breath,fast,0
shadow lapras,Ice Shard,fast,0
shadow lapras,Water Gun,fast,0
shadow lapras,Psywave,fast,0
shadow lapras,Blizzard,charge,0
shadow lapras,Dragon Pulse,charge,0
shadow lapras,Hydro Pump,charge,0
shadow lapras,Ice Beam,charge,0
shadow lapras,Surf,charge,0
shadow lapras,Skull Bash,charge,0
shadow lapras,Sparkling Aria,charge,0
eevee,Quick Attack,fast,0
eevee,Tackle,fast,0
eevee,Body Slam,charge,1
eevee,Dig,charge,0
eevee,Last Resort,charge,1
eevee,Swift,charge,0
vaporeon,Water Gun,fast,0
vaporeon,Aqua Tail,charge,0
vaporeon,Hydro Pump,charge,0
vaporeon,Last Resort,charge,1
vaporeon,Water Pulse,charge,0
vaporeon,Scald,charge,1
vaporeon,Liquidation,charge,0
jolteon,Thunder Shock,fast,0
jolteon,Volt Switch,fast,0
jolteon,Discharge,charge,0
jolteon,Last Resort,charge,1
jolteon,Thunder,charge,0
jolteon,Thunderbolt,charge,0
jolteon,Zap Cannon,charge,1
flareon,Ember,fast,0
flareon,Fire Spin,fast,0
flareon,Fire Blast,charge,0
flareon,Flamethrower,charge,0
flareon,Heat Wave,charge,1
flareon,Last Resort,charge,1
flareon,Overheat,charge,0
flareon,Superpower,charge,1
porygon,Charge Beam,fast,0
porygon,Hidden Power Bug,fast,0
porygon,Hidden Power Dark,fast,0
porygon,Hidden Power Dragon,fast,0
porygon,Hidden Power Electric,fast,0
porygon,Hidden Power Fighting,fast,0
porygon,Hidden Power Fire,fast,0
porygon,Hidden Power Flying,fast,0
porygon,Hidden Power Ghost,fast,0
porygon,Hidden Power Grass,fast,0
porygon,Hidden Power Ground,fast,0
porygon,Hidden Power Ice,fast,0
porygon,Hidden Power Poison,fast,0
porygon,Hidden Power Psychic,fast,0
porygon,Hidden Power Rock,fast,0
porygon,Hidden Power Steel,fast,0
porygon,Hidden Power Water,fast,0
porygon,Quick Attack,fast,0
porygon,Tackle,fast,1
porygon,Zen Headbutt,fast,1
porygon,Discharge,charge,1
porygon,Hyper Beam,charge,0
porygon,Psybeam,charge,1
porygon,Signal Beam,charge,1
porygon,Solar Beam,charge,0
porygon,Zap Cannon,charge,0
shadow porygon,Charge Beam,fast,0
shadow porygon,Hidden Power Bug,fast,0
shadow porygon,Hidden Power Dark,fast,0
shadow porygon,Hidden Power Dragon,fast,0
shadow porygon,Hidden Power Electric,fast,0
shadow porygon,Hidden Power Fighting,fast,0
shadow porygon,Hidden Power Fire,fast,0
shadow porygon,Hidden Power Flying,fast,0
shadow porygon,Hidden Power Ghost,fast,0
shadow porygon,Hidden Power Grass,fast,0
shadow porygon,Hidden Power Ground,fast,0
shadow porygon,Hidden Power Ice,fast,0
shadow porygon,Hidden Power Poison,fast,0
shadow porygon,Hidden Power Psychic,fast,0
shadow porygon,Hidden Power Rock,fast,0
shadow porygon,Hidden Power Steel,fast,0
shadow porygon,Hidden Power Water,fast,0
shadow porygon,Tackle,fast,0
shadow porygon,Zen Headbutt,fast,0
shadow porygon,Discharge,charge,0
shadow porygon,Hyper Beam,charge,0
shadow porygon,Psybeam,charge,0
shadow porygon,Signal Beam,charge,0
shadow porygon,Solar Beam,charge,0
shadow porygon,Zap Cannon,charge,0
omanyte,Mud Shot,fast,0
omanyte,Water Gun,fast,0
omanyte,Ancient Power,charge,0
omanyte,Brine,charge,1
omanyte,Bubble Beam,charge,0
omanyte,Rock Blast,charge,0
omanyte,Rock Tomb,charge,1
shadow omanyte,Mud Shot,fast,0
shadow omanyte,Water Gun,fast,0
shadow omanyte,Ancient Power,charge,0
shadow omanyte,Brine,charge,0
shadow omanyte,Bubble Beam,charge,0
shadow omanyte,Rock Blast,charge,0
shadow omanyte,Rock Tomb,charge,0
omastar,Mud Shot,fast,0
omastar,Rock Throw,fast,1
omastar,Water Gun,fast,0
omastar,Ancient Power,charge,0
omastar,Hydro Pump,charge,0
omastar,Rock Blast,charge,0
omastar,Rock Slide,charge,1
shadow omastar,Mud Shot,fast,0
shadow omastar,Rock Throw,fast,0
shadow omastar,Water Gun,fast,0
shadow omastar,Ancient Power,charge,0
shadow omastar,Hydro Pump,charge,0
shadow omastar,Rock Blast,charge,0
shadow omastar,Rock Slide,charge,0
kabuto,Mud Shot,fast,0
kabuto,Scratch,fast,0
kabuto,Ancient Power,charge,0
kabuto,Aqua Jet,charge,0
kabuto,Rock Tomb,charge,0
shadow kabuto,Mud Shot,fast,0
shadow kabuto,Scratch,fast,0
shadow kabuto,Ancient Power,charge,0
shadow kabuto,Aqua Jet,charge,0
shadow kabuto,Rock Tomb,charge,0
kabutops,Fury Cutter,fast,1
kabutops,Mud Shot,fast,0
kabutops,Rock Smash,fast,0
kabutops,Waterfall,fast,0
kabutops,Ancient Power,charge,0
kabutops,Stone Edge,charge,0
kabutops,Water Pulse,charge,0
kabutops,Aqua Jet,charge,0
shadow kabutops,Fury Cutter,fast,0
shadow kabutops,Mud Shot,fast,0
shadow kabutops,Rock Smash,fast,0
shadow kabutops,Waterfall,fast,0
shadow kabutops,Ancient Power,charge,0
shadow kabutops,Stone Edge,charge,0
shadow kabutops,Water Pulse,charge,0
shadow kabutops,Aqua Jet,charge,0
aerodactyl,Bite,fast,0
aerodactyl,Steel Wing,fast,0
aerodactyl,Rock Throw,fast,0
aerodactyl,Dragon Breath,fast,0
aerodactyl,Ancient Power,charge,0
aerodactyl,Hyper Beam,charge,0
aerodactyl,Iron Head,charge,0
aerodactyl,Rock Slide,charge,0
aerodactyl,Earth Power,charge,0
mega aerodactyl,Bite,fast,0
mega aerodactyl,Steel Wing,fast,0
mega aerodactyl,Rock Throw,fast,0
mega aerodactyl,Dragon Breath,fast,0
mega aerodactyl,Ancient Power,charge,0
mega aerodactyl,Hyper Beam,charge,0
mega aerodactyl,Iron Head,charge,0
mega aerodactyl,Rock Slide,charge,0
mega aerodactyl,Earth Power,charge,0
shadow aerodactyl,Bite,fast,0
shadow aerodactyl,Steel Wing,fast,0
shadow aerodactyl,Rock Throw,fast,0
shadow aerodactyl,Dragon Breath,fast,0
shadow aerodactyl,Ancient Power,charge,0
shadow aerodactyl,Hyper Beam,charge,0
shadow aerodactyl,Iron Head,charge,0
shadow aerodactyl,Rock Slide,charge,0
shadow aerodactyl,Earth Power,charge,0
snorlax,Lick,fast,0
snorlax,Zen Headbutt,fast,0
snorlax,Yawn,fast,1
snorlax,Body Slam,charge,0
snorlax,Earthquake,charge,0
snorlax,Heavy Slam,charge,0
snorlax,Hyper Beam,charge,0
snorlax,Outrage,charge,0
snorlax,Skull Bash,charge,0
snorlax,Superpower,charge,0
shadow snorlax,Lick,fast,0
shadow snorlax,Zen Headbutt,fast,0
shadow snorlax,Yawn,fast,0
shadow snorlax,Body Slam,charge,0
shadow snorlax,Earthquake,charge,0
shadow snorlax,Heavy Slam,charge,0
shadow snorlax,Hyper Beam,charge,0
shadow snorlax,Outrage,charge,0
shadow snorlax,Skull Bash,charge,0
shadow snorlax,Superpower,charge,0
articuno,Frost Breath,fast,0
articuno,Ice Shard,fast,0
articuno,Powder Snow,fast,0
articuno,Blizzard,charge,0
articuno,Hurricane,charge,1
articuno,Ice Beam,charge,0
articuno,Icy Wind,charge,0
articuno,Ancient Power,charge,0
articuno,Triple Axel,charge,0
galarian articuno,Confusion,fast,0
galarian articuno,Psycho Cut,fast,0
galarian articuno,Future Sight,charge,0
galarian articuno,Ancient Power,charge,0
galarian articuno,Brave Bird,charge,0
galarian articuno,Fly,charge,0
shadow articuno,Frost Breath,fast,0
shadow articuno,Ice Shard,fast,0
shadow articuno,Powder Snow,fast,0
shadow articuno,Blizzard,charge,0
shadow articuno,Hurricane,charge,0
shadow articuno,Ice Beam,charge,0
shadow articuno,Icy Wind,charge,0
shadow articuno,Ancient Power,charge,0
shadow articuno,Triple Axel,charge,0
zapdos,Charge Beam,fast,0
zapdos,Thunder Shock,fast,1
zapdos,Thunder,charge,0
zapdos,Thunderbolt,charge,0
zapdos,Zap Cannon,charge,0
zapdos,Ancient Power,charge,0
zapdos,Drill Peck,charge,0
zapdos,Heat Wave,charge,0
galarian zapdos,Counter,fast,0
galarian zapdos,Low Kick,fast,0
galarian zapdos,Close Combat,charge,0
galarian zapdos,Ancient Power,charge,0
galarian zapdos,Brave Bird,charge,0
galarian zapdos,Fly,charge,0
shadow zapdos,Charge Beam,fast,0
shadow zapdos,Thunder Shock,fast,0
shadow zapdos,Thunder,charge,0
shadow zapdos,Thunderbolt,charge,0
shadow zapdos,Zap Cannon,charge,0
shadow zapdos,Ancient Power,charge,0
shadow zapdos,Drill Peck,charge,0
shadow zapdos,Heat Wave,charge,0
moltres,Fire Spin,fast,0
moltres,Wing Attack,fast,0
moltres,Fire Blast,charge,0
moltres,Heat Wave,charge,0
moltres,Overheat,charge,0
moltres,Sky Attack,charge,1
moltres,Ancient Power,charge,0
moltres,Fly,charge,0
galarian moltres,Sucker Punch,fast,0
galarian moltres,Wing Attack,fast,0
galarian moltres,Payback,charge,0
galarian moltres,Ancient Power,charge,0
galarian moltres,Brave Bird,charge,0
galarian moltres,Fly,charge,0
shadow moltres,Fire Spin,fast,0
shadow moltres,Wing Attack,fast,0
shadow moltres,Fire Blast,charge,0
shadow moltres,Heat Wave,charge,0
shadow moltres,Overheat,charge,0
shadow moltres,Sky Attack,charge,0
shadow moltres,Ancient Power,charge,0
shadow moltres,Fly,charge,0
dratini,Dragon Breath,fast,0
dratini,Iron Tail,fast,0
dratini,Aqua Tail,charge,0
dratini,Twister,charge,0
dratini,Wrap,charge,0
shadow dratini,Dragon Breath,fast,0
shadow dratini,Iron Tail,fast,0
shadow dratini,Aqua Tail,charge,0
shadow dratini,Twister,charge,0
shadow dratini,Wrap,charge,0
dragonair,Dragon Breath,fast,0
dragonair,Iron Tail,fast,0
dragonair,Aqua Tail,charge,0
dragonair,Dragon Pulse,charge,0
dragonair,Wrap,charge,0
dragonair,Body Slam,charge,0
shadow dragonair,Dragon Breath,fast,0
shadow dragonair,Iron Tail,fast,0
shadow dragonair,Aqua Tail,charge,0
shadow dragonair,Dragon Pulse,charge,0
shadow dragonair,Wrap,charge,0
shadow dragonair,Body Slam,charge,0
dragonite,Dragon Breath,fast,0
dragonite,Dragon Tail,fast,0
dragonite,Steel Wing,fast,0
dragonite,Draco Meteor,charge,1
dragonite,Dragon Claw,charge,0
dragonite,Dragon Pulse,charge,1
dragonite,Hurricane,charge,0
dragonite,Hyper Beam,charge,0
dragonite,Outrage,charge,0
dragonite,Superpower,charge,0
dragonite,Thunder Punch,charge,0
mega dragonite,Dragon Breath,fast,0
mega dragonite,Dragon Tail,fast,0
mega dragonite,Steel Wing,fast,0
mega dragonite,Draco Meteor,charge,1
mega dragonite,Dragon Claw,charge,0
mega dragonite,Dragon Pulse,charge,1
mega dragonite,Hurricane,charge,0
mega dragonite,Hyper Beam,charge,0
mega dragonite,Outrage,charge,0
mega dragonite,Outrage+,charge,1
mega dragonite,Superpower,charge,0
mega dragonite,Thunder Punch,charge,0
shadow dragonite,Dragon Breath,fast,0
shadow dragonite,Dragon Tail,fast,0
shadow dragonite,Steel Wing,fast,0
shadow dragonite,Draco Meteor,charge,0
shadow dragonite,Dragon Claw,charge,0
shadow dragonite,Dragon Pulse,charge,0
shadow dragonite,Hurricane,charge,0
shadow dragonite,Hyper Beam,charge,0
shadow dragonite,Outrage,charge,0
shadow dragonite,Superpower,charge,0
shadow dragonite,Thunder Punch,charge,0
mewtwo,Confusion,fast,0
mewtwo,Psycho Cut,fast,0
mewtwo,Counter,fast,0
mewtwo,Flamethrower,charge,0
mewtwo,Focus Blast,charge,0
mewtwo,Hyper Beam,charge,1
mewtwo,Ice Beam,charge,0
mewtwo,Psychic,charge,0
mewtwo,Shadow Ball,charge,1
mewtwo,Thunderbolt,charge,0
mewtwo,Psystrike,charge,1
mewtwo armored,Confusion,fast,0
mewtwo armored,Iron Tail,fast,0
mewtwo armored,Dynamic Punch,charge,0
mewtwo armored,Rock Slide,charge,0
mewtwo armored,Earthquake,charge,0
mewtwo armored,Future Sight,charge,0
mewtwo armored,Psystrike,charge,1
mega mewtwo x,Confusion,fast,0
mega mewtwo x,Psycho Cut,fast,0
mega mewtwo x,Counter,fast,0
mega mewtwo x,Flamethrower,charge,0
mega mewtwo x,Focus Blast,charge,0
mega mewtwo x,Hyper Beam,charge,0
mega mewtwo x,Ice Beam,charge,0
mega mewtwo x,Psychic,charge,0
mega mewtwo x,Shadow Ball,charge,0
mega mewtwo x,Thunderbolt,charge,0
mega mewtwo x,Psystrike,charge,1
mega mewtwo x,Dynamic Punch+,charge,1
mega mewtwo y,Confusion,fast,0
mega mewtwo y,Psycho Cut,fast,0
mega mewtwo y,Counter,fast,0
mega mewtwo y,Flamethrower,charge,0
mega mewtwo y,Focus Blast,charge,0
mega mewtwo y,Hyper Beam,charge,0
mega mewtwo y,Ice Beam,charge,0
mega mewtwo y,Psychic,charge,0
mega mewtwo y,Shadow Ball,charge,0
mega mewtwo y,Thunderbolt,charge,0
mega mewtwo y,Psystrike,charge,1
mega mewtwo y,Future Sight+,charge,1
shadow mewtwo,Confusion,fast,0
shadow mewtwo,Psycho Cut,fast,0
shadow mewtwo,Flamethrower,charge,0
shadow mewtwo,Focus Blast,charge,0
shadow mewtwo,Hyper Beam,charge,0
shadow mewtwo,Ice Beam,charge,0
shadow mewtwo,Psychic,charge,0
shadow mewtwo,Shadow Ball,charge,0
shadow mewtwo,Thunderbolt,charge,0
shadow mewtwo,Psystrike,charge,1
mew,Charge Beam,fast,0
mew,Cut,fast,0
mew,Dragon Tail,fast,0
mew,Frost Breath,fast,0
mew,Infestation,fast,0
mew,Poison Jab,fast,0
mew,Pound,fast,0
mew,Rock Smash,fast,0
mew,Shadow Claw,fast,0
mew,Snarl,fast,0
mew,Steel Wing,fast,0
mew,Struggle Bug,fast,0
mew,Volt Switch,fast,0
mew,Waterfall,fast,0
mew,Ancient Power,charge,0
mew,Blizzard,charge,0
mew,Bulldoze,charge,0
mew,Dark Pulse,charge,0
mew,Dazzling Gleam,charge,0
mew,Dragon Claw,charge,0
mew,Energy Ball,charge,0
mew,Flame Charge,charge,0
mew,Flash Cannon,charge,0
mew,Focus Blast,charge,0
mew,Grass Knot,charge,0
mew,Gyro Ball,charge,0
mew,Hyper Beam,charge,0
mew,Ice Beam,charge,0
mew,Low Sweep,charge,0
mew,Overheat,charge,0
mew,Psychic,charge,0
mew,Psyshock,charge,0
mew,Rock Slide,charge,0
mew,Solar Beam,charge,0
mew,Stone Edge,charge,0
mew,Surf,charge,0
mew,Thunder,charge,0
mew,Thunderbolt,charge,0
mew,Wild Charge,charge,0
chikorita,Tackle,fast,0
chikorita,Vine Whip,fast,0
chikorita,Magical Leaf,fast,0
chikorita,Body Slam,charge,0
chikorita,Energy Ball,charge,0
chikorita,Grass Knot,charge,0
shadow chikorita,Tackle,fast,0
shadow chikorita,Vine Whip,fast,0
shadow chikorita,Magical Leaf,fast,0
shadow chikorita,Body Slam,charge,0
shadow chikorita,Energy Ball,charge,0
shadow chikorita,Grass Knot,charge,0
bayleef,Razor Leaf,fast,0
bayleef,Tackle,fast,0
bayleef,Magical Leaf,fast,0
bayleef,Ancient Power,charge,0
bayleef,Energy Ball,charge,0
bayleef,Grass Knot,charge,0
shadow bayleef,Razor Leaf,fast,0
shadow bayleef,Tackle,fast,0
shadow bayleef,Magical Leaf,fast,0
shadow bayleef,Ancient Power,charge,0
shadow bayleef,Energy Ball,charge,0
shadow bayleef,Grass Knot,charge,0
meganium,Razor Leaf,fast,0
meganium,Vine Whip,fast,0
meganium,Magical Leaf,fast,0
meganium,Earthquake,charge,0
meganium,Frenzy Plant,charge,1
meganium,Petal Blizzard,charge,0
meganium,Solar Beam,charge,0
Mega meganium,Razor Leaf,fast,0
Mega meganium,Vine Whip,fast,0
Mega meganium,Magical Leaf,fast,0
Mega meganium,Earthquake,charge,0
Mega meganium,Frenzy Plant,charge,1
Mega meganium,Petal Blizzard,charge,0
Mega meganium,Solar Beam,charge,0
shadow meganium,Razor Leaf,fast,0
shadow meganium,Vine Whip,fast,0
shadow meganium,Magical Leaf,fast,0
shadow meganium,Earthquake,charge,0
shadow meganium,Frenzy Plant,charge,1
shadow meganium,Petal Blizzard,charge,0
shadow meganium,Solar Beam,charge,0
cyndaquil,Ember,fast,0
cyndaquil,Tackle,fast,0
cyndaquil,Flame Charge,charge,0
cyndaquil,Flamethrower,charge,0
cyndaquil,Swift,charge,0
shadow cyndaquil,Ember,fast,0
shadow cyndaquil,Tackle,fast,0
shadow cyndaquil,Flame Charge,charge,0
shadow cyndaquil,Flamethrower,charge,0
shadow cyndaquil,Swift,charge,0
quilava,Ember,fast,0
quilava,Tackle,fast,0
quilava,Dig,charge,0
quilava,Flame Charge,charge,0
quilava,Flamethrower,charge,0
shadow quilava,Ember,fast,0
shadow quilava,Tackle,fast,0
shadow quilava,Dig,charge,0
shadow quilava,Flame Charge,charge,0
shadow quilava,Flamethrower,charge,0
typhlosion,Ember,fast,0
typhlosion,Shadow Claw,fast,0
typhlosion,Incinerate,fast,0
typhlosion,Blast Burn,charge,1
typhlosion,Fire Blast,charge,0
typhlosion,Overheat,charge,0
typhlosion,Solar Beam,charge,0
typhlosion,Thunder Punch,charge,0
hisuian typhlosion,Ember,fast,0
hisuian typhlosion,Hex,fast,0
hisuian typhlosion,Fire Punch,charge,0
hisuian typhlosion,Wild Charge,charge,0
hisuian typhlosion,Shadow Ball,charge,0
hisuian typhlosion,Overheat,charge,0
hisuian typhlosion,Night Shade,charge,0
shadow typhlosion,Ember,fast,0
shadow typhlosion,Shadow Claw,fast,0
shadow typhlosion,Incinerate,fast,0
shadow typhlosion,Blast Burn,charge,1
shadow typhlosion,Fire Blast,charge,0
shadow typhlosion,Overheat,charge,0
shadow typhlosion,Solar Beam,charge,0
shadow typhlosion,Thunder Punch,charge,0
totodile,Scratch,fast,0
totodile,Water Gun,fast,0
totodile,Aqua Jet,charge,0
totodile,Crunch,charge,0
totodile,Water Pulse,charge,0
shadow totodile,Scratch,fast,0
shadow totodile,Water Gun,fast,0
shadow totodile,Aqua Jet,charge,0
shadow totodile,Crunch,charge,0
shadow totodile,Water Pulse,charge,0
croconaw,Scratch,fast,0
croconaw,Water Gun,fast,0
croconaw,Crunch,charge,0
croconaw,Ice Punch,charge,0
croconaw,Water Pulse,charge,0
shadow croconaw,Scratch,fast,0
shadow croconaw,Water Gun,fast,0
shadow croconaw,Crunch,charge,0
shadow croconaw,Ice Punch,charge,0
shadow croconaw,Water Pulse,charge,0
feraligatr,Bite,fast,0
feraligatr,Water Gun,fast,1
feraligatr,Waterfall,fast,0
feraligatr,Ice Fang,fast,0
feraligatr,Shadow Claw,fast,0
feraligatr,Crunch,charge,0
feraligatr,Hydro Cannon,charge,1
feraligatr,Hydro Pump,charge,0
feraligatr,Ice Beam,charge,0
Mega feraligatr,Bite,fast,0
Mega feraligatr,Water Gun,fast,1
Mega feraligatr,Waterfall,fast,0
Mega feraligatr,Ice Fang,fast,0
Mega feraligatr,Shadow Claw,fast,0
Mega feraligatr,Crunch,charge,0
Mega feraligatr,Hydro Cannon,charge,1
Mega feraligatr,Hydro Pump,charge,0
Mega feraligatr,Ice Beam,charge,0
shadow feraligatr,Bite,fast,0
shadow feraligatr,Water Gun,fast,0
shadow feraligatr,Waterfall,fast,0
shadow feraligatr,Ice Fang,fast,0
shadow feraligatr,Shadow Claw,fast,0
shadow feraligatr,Crunch,charge,0
shadow feraligatr,Hydro Cannon,charge,1
shadow feraligatr,Hydro Pump,charge,0
shadow feraligatr,Ice Beam,charge,0
sentret,Quick Attack,fast,0
sentret,Scratch,fast,0
sentret,Brick Break,charge,0
sentret,Dig,charge,0
sentret,Grass Knot,charge,0
furret,Quick Attack,fast,0
furret,Sucker Punch,fast,0
furret,Brick Break,charge,0
furret,Dig,charge,0
furret,Hyper Beam,charge,0
furret,Swift,charge,0
furret,Trailblaze,charge,0
hoothoot,Feint Attack,fast,0
hoothoot,Peck,fast,0
hoothoot,Aerial Ace,charge,0
hoothoot,Night Shade,charge,0
hoothoot,Sky Attack,charge,0
shadow hoothoot,Feint Attack,fast,0
shadow hoothoot,Peck,fast,0
shadow hoothoot,Aerial Ace,charge,0
shadow hoothoot,Night Shade,charge,0
shadow hoothoot,Sky Attack,charge,0
noctowl,Extrasensory,fast,0
noctowl,Wing Attack,fast,0
noctowl,Night Shade,charge,0
noctowl,Psychic,charge,0
noctowl,Sky Attack,charge,0
noctowl,Shadow Ball,charge,0
shadow noctowl,Extrasensory,fast,0
shadow noctowl,Wing Attack,fast,0
shadow noctowl,Night Shade,charge,0
shadow noctowl,Psychic,charge,0
shadow noctowl,Sky Attack,charge,0
shadow noctowl,Shadow Ball,charge,0
ledyba,Bug Bite,fast,0
ledyba,Tackle,fast,0
ledyba,Aerial Ace,charge,0
ledyba,Silver Wind,charge,0
ledyba,Swift,charge,0
shadow ledyba,Bug Bite,fast,0
shadow ledyba,Tackle,fast,0
shadow ledyba,Aerial Ace,charge,0
shadow ledyba,Silver Wind,charge,0
shadow ledyba,Swift,charge,0
ledian,Bug Bite,fast,0
ledian,Struggle Bug,fast,0
ledian,Counter,fast,0
ledian,Rollout,fast,0
ledian,Aerial Ace,charge,0
ledian,Bug Buzz,charge,0
ledian,Silver Wind,charge,0
ledian,Dynamic Punch,charge,0
ledian,Acrobatics,charge,0
shadow ledian,Bug Bite,fast,0
shadow ledian,Struggle Bug,fast,0
shadow ledian,Counter,fast,0
shadow ledian,Rollout,fast,0
shadow ledian,Aerial Ace,charge,0
shadow ledian,Bug Buzz,charge,0
shadow ledian,Silver Wind,charge,0
shadow ledian,Dynamic Punch,charge,0
shadow ledian,Acrobatics,charge,0
spinarak,Bug Bite,fast,0
spinarak,Poison Sting,fast,0
spinarak,Cross Poison,charge,0
spinarak,Night Slash,charge,0
spinarak,Signal Beam,charge,0
ariados,Infestation,fast,0
ariados,Poison Sting,fast,0
ariados,Cross Poison,charge,0
ariados,Megahorn,charge,0
ariados,Shadow Sneak,charge,0
ariados,Lunge,charge,0
ariados,Trailblaze,charge,0
crobat,Air Slash,fast,0
crobat,Bite,fast,0
crobat,Air Cutter,charge,0
crobat,Shadow Ball,charge,0
crobat,Sludge Bomb,charge,0
crobat,Cross Poison,charge,0
crobat,Poison Fang,charge,0
shadow crobat,Air Slash,fast,0
shadow crobat,Bite,fast,0
shadow crobat,Air Cutter,charge,0
shadow crobat,Shadow Ball,charge,0
shadow crobat,Sludge Bomb,charge,0
shadow crobat,Cross Poison,charge,0
shadow crobat,Poison Fang,charge,0
chinchou,Bubble,fast,0
chinchou,Spark,fast,0
chinchou,Bubble Beam,charge,0
chinchou,Thunderbolt,charge,0
chinchou,Water Pulse,charge,0
lanturn,Charge Beam,fast,0
lanturn,Water Gun,fast,0
lanturn,Spark,fast,0
lanturn,Hydro Pump,charge,0
lanturn,Thunder,charge,0
lanturn,Thunderbolt,charge,0
lanturn,Surf,charge,0
lanturnw,Charge Beam,fast,0
lanturnw,Water Gun,fast,0
lanturnw,Spark,fast,0
lanturnw,Hydro Pump,charge,0
lanturnw,Thunder,charge,0
lanturnw,Thunderbolt,charge,0
lanturnw,Surf,charge,0
pichu,Quick Attack,fast,0
pichu,Thunder Shock,fast,0
pichu,Disarming Voice,charge,0
pichu,Thunder Punch,charge,0
pichu,Thunderbolt,charge,0
cleffa,Pound,fast,0
cleffa,Zen Headbutt,fast,0
cleffa,Body Slam,charge,1
cleffa,Grass Knot,charge,0
cleffa,Psychic,charge,1
cleffa,Psyshock,charge,0
cleffa,Signal Beam,charge,0
cleffa,Swift,charge,0
igglybuff,Feint Attack,fast,0
igglybuff,Pound,fast,0
igglybuff,Body Slam,charge,1
igglybuff,Psychic,charge,0
igglybuff,Shadow Ball,charge,0
igglybuff,Wild Charge,charge,0
igglybuff,Swift,charge,0
togepi,Hidden Power Bug,fast,0
togepi,Hidden Power Dark,fast,0
togepi,Hidden Power Dragon,fast,0
togepi,Hidden Power Electric,fast,0
togepi,Hidden Power Fighting,fast,0
togepi,Hidden Power Fire,fast,0
togepi,Hidden Power Flying,fast,0
togepi,Hidden Power Ghost,fast,0
togepi,Hidden Power Grass,fast,0
togepi,Hidden Power Ground,fast,0
togepi,Hidden Power Ice,fast,0
togepi,Hidden Power Poison,fast,0
togepi,Hidden Power Psychic,fast,0
togepi,Hidden Power Rock,fast,0
togepi,Hidden Power Steel,fast,0
togepi,Hidden Power Water,fast,0
togepi,Peck,fast,0
togepi,Zen Headbutt,fast,1
togepi,Ancient Power,charge,0
togepi,Dazzling Gleam,charge,0
togepi,Psyshock,charge,0
togetic,Fairy Wind,fast,0
togetic,Extrasensory,fast,0
togetic,Hidden Power Bug,fast,0
togetic,Hidden Power Dark,fast,0
togetic,Hidden Power Dragon,fast,0
togetic,Hidden Power Electric,fast,0
togetic,Hidden Power Fighting,fast,0
togetic,Hidden Power Fire,fast,0
togetic,Hidden Power Flying,fast,0
togetic,Hidden Power Ghost,fast,0
togetic,Hidden Power Grass,fast,0
togetic,Hidden Power Ground,fast,0
togetic,Hidden Power Ice,fast,0
togetic,Hidden Power Poison,fast,0
togetic,Hidden Power Psychic,fast,0
togetic,Hidden Power Rock,fast,0
togetic,Hidden Power Steel,fast,0
togetic,Hidden Power Water,fast,0
togetic,Steel Wing,fast,1
togetic,Zen Headbutt,fast,1
togetic,Aerial Ace,charge,0
togetic,Ancient Power,charge,0
togetic,Dazzling Gleam,charge,0
togetic,Draining Kiss,charge,0
togetic,Psyshock,charge,0
togetic,Heat Wave,charge,0
natu,Peck,fast,0
natu,Quick Attack,fast,0
natu,Drill Peck,charge,0
natu,Night Shade,charge,0
natu,Psyshock,charge,0
shadow natu,Peck,fast,0
shadow natu,Quick Attack,fast,0
shadow natu,Drill Peck,charge,0
shadow natu,Night Shade,charge,0
shadow natu,Psyshock,charge,0
xatu,Air Slash,fast,0
xatu,Feint Attack,fast,0
xatu,Peck,fast,0
xatu,Aerial Ace,charge,0
xatu,Future Sight,charge,0
xatu,Ominous Wind,charge,0
xatu,Psyshock,charge,0
xatu,Shadow Ball,charge,0
shadow xatu,Air Slash,fast,0
shadow xatu,Feint Attack,fast,0
shadow xatu,Peck,fast,0
shadow xatu,Aerial Ace,charge,0
shadow xatu,Future Sight,charge,0
shadow xatu,Ominous Wind,charge,0
shadow xatu,Psyshock,charge,0
shadow xatu,Shadow Ball,charge,0
mareep,Tackle,fast,0
mareep,Thunder Shock,fast,0
mareep,Body Slam,charge,0
mareep,Discharge,charge,0
mareep,Thunderbolt,charge,0
mareep,Trailblaze,charge,0
shadow mareep,Tackle,fast,0
shadow mareep,Thunder Shock,fast,0
shadow mareep,Body Slam,charge,0
shadow mareep,Discharge,charge,0
shadow mareep,Thunderbolt,charge,0
shadow mareep,Trailblaze,charge,0
flaaffy,Charge Beam,fast,0
flaaffy,Tackle,fast,0
flaaffy,Discharge,charge,0
flaaffy,Power Gem,charge,0
flaaffy,Thunderbolt,charge,0
flaaffy,Trailblaze,charge,0
shadow flaaffy,Charge Beam,fast,0
shadow flaaffy,Tackle,fast,0
shadow flaaffy,Discharge,charge,0
shadow flaaffy,Power Gem,charge,0
shadow flaaffy,Thunderbolt,charge,0
shadow flaaffy,Trailblaze,charge,0
ampharos,Charge Beam,fast,0
ampharos,Volt Switch,fast,0
ampharos,Dragon Pulse,charge,1
ampharos,Focus Blast,charge,0
ampharos,Power Gem,charge,0
ampharos,Thunder,charge,0
ampharos,Zap Cannon,charge,0
ampharos,Thunder Punch,charge,0
ampharos,Brutal Swing,charge,0
ampharos,Trailblaze,charge,0
mega ampharos,Charge Beam,fast,0
mega ampharos,Volt Switch,fast,0
mega ampharos,Dragon Pulse,charge,0
mega ampharos,Focus Blast,charge,0
mega ampharos,Power Gem,charge,0
mega ampharos,Thunder,charge,0
mega ampharos,Zap Cannon,charge,0
mega ampharos,Thunder Punch,charge,0
mega ampharos,Brutal Swing,charge,0
mega ampharos,Trailblaze,charge,0
shadow ampharos,Charge Beam,fast,0
shadow ampharos,Volt Switch,fast,0
shadow ampharos,Dragon Pulse,charge,0
shadow ampharos,Focus Blast,charge,0
shadow ampharos,Power Gem,charge,0
shadow ampharos,Thunder,charge,0
shadow ampharos,Zap Cannon,charge,0
shadow ampharos,Thunder Punch,charge,0
shadow ampharos,Brutal Swing,charge,0
shadow ampharos,Trailblaze,charge,0
bellossom,Acid,fast,0
bellossom,Razor Leaf,fast,0
bellossom,Bullet Seed,fast,0
bellossom,Magical Leaf,fast,0
bellossom,Dazzling Gleam,charge,0
bellossom,Leaf Blade,charge,0
bellossom,Petal Blizzard,charge,0
shadow bellossom,Acid,fast,0
shadow bellossom,Razor Leaf,fast,0
shadow bellossom,Bullet Seed,fast,0
shadow bellossom,Magical Leaf,fast,0
shadow bellossom,Dazzling Gleam,charge,0
shadow bellossom,Leaf Blade,charge,0
shadow bellossom,Petal Blizzard,charge,0
marill,Bubble,fast,0
marill,Tackle,fast,0
marill,Aqua Tail,charge,0
marill,Body Slam,charge,0
marill,Bubble Beam,charge,0
azumarill,Bubble,fast,0
azumarill,Rock Smash,fast,0
azumarill,Hydro Pump,charge,0
azumarill,Ice Beam,charge,0
azumarill,Play Rough,charge,0
sudowoodo,Counter,fast,0
sudowoodo,Rock Throw,fast,0
sudowoodo,Earthquake,charge,0
sudowoodo,Rock Slide,charge,0
sudowoodo,Stone Edge,charge,0
sudowoodo,Rock Tomb,charge,0
sudowoodo,Meteor Beam,charge,0
sudowoodo,Trailblaze,charge,0
shadow sudowoodo,Counter,fast,0
shadow sudowoodo,Rock Throw,fast,0
shadow sudowoodo,Earthquake,charge,0
shadow sudowoodo,Rock Slide,charge,0
shadow sudowoodo,Stone Edge,charge,0
shadow sudowoodo,Rock Tomb,charge,0
shadow sudowoodo,Meteor Beam,charge,0
shadow sudowoodo,Trailblaze,charge,0
politoed,Bubble,fast,0
politoed,Mud Shot,fast,0
politoed,Blizzard,charge,0
politoed,Earthquake,charge,1
politoed,Hydro Pump,charge,0
politoed,Surf,charge,0
politoed,Weather Ball (Water),charge,0
politoed,Ice Beam,charge,1
politoed,Scald,charge,0
shadow politoed,Bubble,fast,0
shadow politoed,Mud Shot,fast,0
shadow politoed,Blizzard,charge,0
shadow politoed,Earthquake,charge,0
shadow politoed,Hydro Pump,charge,0
shadow politoed,Surf,charge,0
shadow politoed,Weather Ball (Water),charge,0
shadow politoed,Ice Beam,charge,0
shadow politoed,Scald,charge,0
hoppip,Bullet Seed,fast,0
hoppip,Tackle,fast,0
hoppip,Dazzling Gleam,charge,0
hoppip,Grass Knot,charge,0
hoppip,Seed Bomb,charge,0
shadow hoppip,Bullet Seed,fast,0
shadow hoppip,Tackle,fast,0
shadow hoppip,Dazzling Gleam,charge,0
shadow hoppip,Grass Knot,charge,0
shadow hoppip,Seed Bomb,charge,0
skiploom,Bullet Seed,fast,0
skiploom,Tackle,fast,0
skiploom,Dazzling Gleam,charge,0
skiploom,Energy Ball,charge,0
skiploom,Grass Knot,charge,0
shadow skiploom,Bullet Seed,fast,0
shadow skiploom,Tackle,fast,0
shadow skiploom,Dazzling Gleam,charge,0
shadow skiploom,Energy Ball,charge,0
shadow skiploom,Grass Knot,charge,0
jumpluff,Bullet Seed,fast,0
jumpluff,Infestation,fast,0
jumpluff,Fairy Wind,fast,0
jumpluff,Dazzling Gleam,charge,0
jumpluff,Energy Ball,charge,0
jumpluff,Aerial Ace,charge,0
jumpluff,Solar Beam,charge,0
jumpluff,Acrobatics,charge,1
shadow jumpluff,Bullet Seed,fast,0
shadow jumpluff,Infestation,fast,0
shadow jumpluff,Fairy Wind,fast,0
shadow jumpluff,Dazzling Gleam,charge,0
shadow jumpluff,Energy Ball,charge,0
shadow jumpluff,Aerial Ace,charge,0
shadow jumpluff,Solar Beam,charge,0
shadow jumpluff,Acrobatics,charge,0
aipom,Astonish,fast,0
aipom,Scratch,fast,0
aipom,Aerial Ace,charge,0
aipom,Low Sweep,charge,0
aipom,Swift,charge,0
shadow aipom,Astonish,fast,0
shadow aipom,Scratch,fast,0
shadow aipom,Aerial Ace,charge,0
shadow aipom,Low Sweep,charge,0
shadow aipom,Swift,charge,0
sunkern,Cut,fast,0
sunkern,Razor Leaf,fast,0
sunkern,Energy Ball,charge,0
sunkern,Grass Knot,charge,0
sunkern,Seed Bomb,charge,0
sunflora,Bullet Seed,fast,0
sunflora,Razor Leaf,fast,0
sunflora,Petal Blizzard,charge,0
sunflora,Sludge Bomb,charge,0
sunflora,Solar Beam,charge,0
sunflora,Leaf Storm,charge,0
yanma,Quick Attack,fast,0
yanma,Wing Attack,fast,0
yanma,Aerial Ace,charge,0
yanma,Ancient Power,charge,0
yanma,Silver Wind,charge,0
wooper,Mud Shot,fast,0
wooper,Water Gun,fast,0
wooper,Body Slam,charge,0
wooper,Dig,charge,0
wooper,Mud Bomb,charge,0
paldean wooper,Mud Shot,fast,0
paldean wooper,Poison Jab,fast,0
paldean wooper,Body Slam,charge,0
paldean wooper,Dig,charge,0
paldean wooper,Sludge Wave,charge,0
shadow wooper,Mud Shot,fast,0
shadow wooper,Water Gun,fast,0
shadow wooper,Body Slam,charge,0
shadow wooper,Dig,charge,0
shadow wooper,Mud Bomb,charge,0
quagsire,Mud Shot,fast,0
quagsire,Water Gun,fast,0
quagsire,Earthquake,charge,0
quagsire,Sludge Bomb,charge,0
quagsire,Stone Edge,charge,0
quagsire,Acid Spray,charge,0
quagsire,Mud Bomb,charge,0
quagsire,Aqua Tail,charge,1
quagsire,Drain Punch,charge,0
shadow quagsire,Mud Shot,fast,0
shadow quagsire,Water Gun,fast,0
shadow quagsire,Earthquake,charge,0
shadow quagsire,Sludge Bomb,charge,0
shadow quagsire,Stone Edge,charge,0
shadow quagsire,Acid Spray,charge,0
shadow quagsire,Mud Bomb,charge,0
shadow quagsire,Aqua Tail,charge,0
shadow quagsire,Drain Punch,charge,0
espeon,Confusion,fast,0
espeon,Zen Headbutt,fast,0
espeon,Future Sight,charge,0
espeon,Last Resort,charge,1
espeon,Psybeam,charge,0
espeon,Psychic,charge,0
espeon,Shadow Ball,charge,1
espeon,Psychic Fangs,charge,0
umbreon,Feint Attack,fast,0
umbreon,Snarl,fast,0
umbreon,Dark Pulse,charge,0
umbreon,Foul Play,charge,0
umbreon,Last Resort,charge,1
umbreon,Psychic,charge,1
murkrow,Feint Attack,fast,0
murkrow,Peck,fast,0
murkrow,Dark Pulse,charge,0
murkrow,Drill Peck,charge,0
murkrow,Foul Play,charge,0
shadow murkrow,Feint Attack,fast,0
shadow murkrow,Peck,fast,0
shadow murkrow,Dark Pulse,charge,0
shadow murkrow,Drill Peck,charge,0
shadow murkrow,Foul Play,charge,0
slowking,Confusion,fast,0
slowking,Water Gun,fast,0
slowking,Blizzard,charge,0
slowking,Fire Blast,charge,0
slowking,Psychic,charge,0
slowking,Surf,charge,1
slowking,Scald,charge,0
galarian slowking,Hex,fast,0
galarian slowking,Confusion,fast,0
galarian slowking,Acid,fast,0
galarian slowking,Future Sight,charge,0
galarian slowking,Shadow Ball,charge,0
galarian slowking,Sludge Wave,charge,0
galarian slowking,Surf,charge,0
galarian slowking,Scald,charge,0
galarian slowking,Psyshock,charge,0
shadow slowking,Confusion,fast,0
shadow slowking,Water Gun,fast,0
shadow slowking,Blizzard,charge,0
shadow slowking,Fire Blast,charge,0
shadow slowking,Psychic,charge,0
shadow slowking,Surf,charge,0
shadow slowking,Scald,charge,0
misdreavus,Astonish,fast,0
misdreavus,Hex,fast,0
misdreavus,Psywave,fast,0
misdreavus,Dark Pulse,charge,0
misdreavus,Ominous Wind,charge,0
misdreavus,Shadow Sneak,charge,0
shadow misdreavus,Astonish,fast,0
shadow misdreavus,Hex,fast,0
shadow misdreavus,Psywave,fast,0
shadow misdreavus,Dark Pulse,charge,0
shadow misdreavus,Ominous Wind,charge,0
shadow misdreavus,Shadow Sneak,charge,0
wobbuffet,Counter,fast,0
wobbuffet,Splash,fast,0
wobbuffet,Charm,fast,0
wobbuffet,Mirror Coat,charge,0
shadow wobbuffet,Counter,fast,0
shadow wobbuffet,Splash,fast,0
shadow wobbuffet,Charm,fast,0
shadow wobbuffet,Mirror Coat,charge,0
girafarig,Confusion,fast,0
girafarig,Tackle,fast,0
girafarig,Double Kick,fast,0
girafarig,Mirror Coat,charge,0
girafarig,Psychic,charge,0
girafarig,Thunderbolt,charge,0
girafarig,Psychic Fangs,charge,0
girafarig,Trailblaze,charge,0
shadow girafarig,Confusion,fast,0
shadow girafarig,Tackle,fast,0
shadow girafarig,Double Kick,fast,0
shadow girafarig,Mirror Coat,charge,0
shadow girafarig,Psychic,charge,0
shadow girafarig,Thunderbolt,charge,0
shadow girafarig,Psychic Fangs,charge,0
shadow girafarig,Trailblaze,charge,0
pineco,Bug Bite,fast,0
pineco,Tackle,fast,0
pineco,Gyro Ball,charge,0
pineco,Rock Tomb,charge,0
pineco,Sand Tomb,charge,0
shadow pineco,Bug Bite,fast,0
shadow pineco,Tackle,fast,0
shadow pineco,Gyro Ball,charge,0
shadow pineco,Rock Tomb,charge,0
shadow pineco,Sand Tomb,charge,0
forretress,Bug Bite,fast,0
forretress,Struggle Bug,fast,0
forretress,Volt Switch,fast,0
forretress,Earthquake,charge,0
forretress,Heavy Slam,charge,0
forretress,Rock Tomb,charge,0
forretress,Sand Tomb,charge,0
forretress,Mirror Shot,charge,0
shadow forretress,Bug Bite,fast,0
shadow forretress,Struggle Bug,fast,0
shadow forretress,Volt Switch,fast,0
shadow forretress,Earthquake,charge,0
shadow forretress,Heavy Slam,charge,0
shadow forretress,Rock Tomb,charge,0
shadow forretress,Sand Tomb,charge,0
shadow forretress,Mirror Shot,charge,0
dunsparce,Astonish,fast,0
dunsparce,Bite,fast,0
dunsparce,Rollout,fast,0
dunsparce,Dig,charge,0
dunsparce,Drill Run,charge,0
dunsparce,Rock Slide,charge,0
gligar,Fury Cutter,fast,0
gligar,Wing Attack,fast,0
gligar,Aerial Ace,charge,0
gligar,Dig,charge,0
gligar,Night Slash,charge,0
shadow gligar,Fury Cutter,fast,0
shadow gligar,Wing Attack,fast,0
shadow gligar,Aerial Ace,charge,0
shadow gligar,Dig,charge,0
shadow gligar,Night Slash,charge,0
steelix,Dragon Tail,fast,0
steelix,Iron Tail,fast,0
steelix,Thunder Fang,fast,0
steelix,Crunch,charge,0
steelix,Earthquake,charge,0
steelix,Heavy Slam,charge,0
steelix,Psychic Fangs,charge,0
steelix,Breaking Swipe,charge,0
mega steelix,Dragon Tail,fast,0
mega steelix,Iron Tail,fast,0
mega steelix,Thunder Fang,fast,0
mega steelix,Crunch,charge,0
mega steelix,Earthquake,charge,0
mega steelix,Heavy Slam,charge,0
mega steelix,Psychic Fangs,charge,0
mega steelix,Breaking Swipe,charge,0
shadow steelix,Dragon Tail,fast,0
shadow steelix,Iron Tail,fast,0
shadow steelix,Thunder Fang,fast,0
shadow steelix,Crunch,charge,0
shadow steelix,Earthquake,charge,0
shadow steelix,Heavy Slam,charge,0
shadow steelix,Psychic Fangs,charge,0
shadow steelix,Breaking Swipe,charge,0
snubbull,Bite,fast,0
snubbull,Tackle,fast,0
snubbull,Brick Break,charge,0
snubbull,Crunch,charge,0
snubbull,Dazzling Gleam,charge,0
shadow snubbull,Bite,fast,0
shadow snubbull,Tackle,fast,0
shadow snubbull,Brick Break,charge,0
shadow snubbull,Crunch,charge,0
shadow snubbull,Dazzling Gleam,charge,0
granbull,Bite,fast,0
granbull,Snarl,fast,0
granbull,Charm,fast,0
granbull,Close Combat,charge,0
granbull,Crunch,charge,0
granbull,Play Rough,charge,0
shadow granbull,Bite,fast,0
shadow granbull,Snarl,fast,0
shadow granbull,Charm,fast,0
shadow granbull,Close Combat,charge,0
shadow granbull,Crunch,charge,0
shadow granbull,Play Rough,charge,0
qwilfish,Poison Sting,fast,0
qwilfish,Water Gun,fast,0
qwilfish,Aqua Tail,charge,0
qwilfish,Ice Beam,charge,0
qwilfish,Sludge Wave,charge,0
qwilfish,Acid Spray,charge,0
qwilfish,Fell Stinger,charge,0
qwilfish,Scald,charge,0
qwilfish,Shadow Ball,charge,0
hisuian qwilfish,Poison Sting,fast,0
hisuian qwilfish,Poison Jab,fast,0
hisuian qwilfish,Aqua Tail,charge,0
hisuian qwilfish,Ice Beam,charge,0
hisuian qwilfish,Sludge Bomb,charge,0
hisuian qwilfish,Dark Pulse,charge,0
hisuian qwilfish,Shadow Ball,charge,0
shadow qwilfish,Poison Sting,fast,0
shadow qwilfish,Water Gun,fast,0
shadow qwilfish,Aqua Tail,charge,0
shadow qwilfish,Ice Beam,charge,0
shadow qwilfish,Sludge Wave,charge,0
shadow qwilfish,Acid Spray,charge,0
shadow qwilfish,Fell Stinger,charge,0
shadow qwilfish,Scald,charge,0
shadow qwilfish,Shadow Ball,charge,0
scizor,Bullet Punch,fast,0
scizor,Fury Cutter,fast,0
scizor,Iron Head,charge,0
scizor,Night Slash,charge,0
scizor,X-Scissor,charge,0
scizor,Trailblaze,charge,0
mega scizor,Bullet Punch,fast,0
mega scizor,Fury Cutter,fast,0
mega scizor,Iron Head,charge,0
mega scizor,Night Slash,charge,0
mega scizor,X-Scissor,charge,0
mega scizor,Trailblaze,charge,0
shadow scizor,Bullet Punch,fast,0
shadow scizor,Fury Cutter,fast,0
shadow scizor,Iron Head,charge,0
shadow scizor,Night Slash,charge,0
shadow scizor,X-Scissor,charge,0
shadow scizor,Trailblaze,charge,0
shuckle,Rock Throw,fast,0
shuckle,Struggle Bug,fast,0
shuckle,Gyro Ball,charge,0
shuckle,Rock Blast,charge,0
shuckle,Stone Edge,charge,0
shadow shuckle,Rock Throw,fast,0
shadow shuckle,Struggle Bug,fast,0
shadow shuckle,Gyro Ball,charge,0
shadow shuckle,Rock Blast,charge,0
shadow shuckle,Stone Edge,charge,0
heracross,Counter,fast,0
heracross,Struggle Bug,fast,0
heracross,Fury Cutter,fast,0
heracross,Close Combat,charge,0
heracross,Earthquake,charge,0
heracross,Megahorn,charge,0
heracross,Rock Blast,charge,0
heracross,Rock Tomb,charge,0
mega heracross,Counter,fast,0
mega heracross,Struggle Bug,fast,0
mega heracross,Fury Cutter,fast,0
mega heracross,Close Combat,charge,0
mega heracross,Earthquake,charge,0
mega heracross,Megahorn,charge,0
mega heracross,Rock Blast,charge,0
mega heracross,Rock Tomb,charge,0
sneasel,Feint Attack,fast,0
sneasel,Ice Shard,fast,0
sneasel,Avalanche,charge,0
sneasel,Foul Play,charge,0
sneasel,Ice Punch,charge,0
sneasel,Triple Axel,charge,0
hisuian sneasel,Rock Smash,fast,0
hisuian sneasel,Poison Jab,fast,0
hisuian sneasel,Aerial Ace,charge,0
hisuian sneasel,Close Combat,charge,0
hisuian sneasel,X-Scissor,charge,0
shadow sneasel,Feint Attack,fast,0
shadow sneasel,Ice Shard,fast,0
shadow sneasel,Avalanche,charge,0
shadow sneasel,Foul Play,charge,0
shadow sneasel,Ice Punch,charge,0
shadow sneasel,Triple Axel,charge,0
teddiursa,Lick,fast,0
teddiursa,Scratch,fast,0
teddiursa,Cross Chop,charge,0
teddiursa,Crunch,charge,0
teddiursa,Play Rough,charge,0
teddiursa,Trailblaze,charge,0
teddiursa,Swift,charge,0
shadow teddiursa,Lick,fast,0
shadow teddiursa,Scratch,fast,0
shadow teddiursa,Cross Chop,charge,0
shadow teddiursa,Crunch,charge,0
shadow teddiursa,Play Rough,charge,0
shadow teddiursa,Trailblaze,charge,0
shadow teddiursa,Swift,charge,0
ursaring,Counter,fast,0
ursaring,Metal Claw,fast,0
ursaring,Shadow Claw,fast,0
ursaring,Close Combat,charge,0
ursaring,Hyper Beam,charge,0
ursaring,Play Rough,charge,0
ursaring,Trailblaze,charge,0
ursaring,Swift,charge,0
shadow ursaring,Counter,fast,0
shadow ursaring,Metal Claw,fast,0
shadow ursaring,Shadow Claw,fast,0
shadow ursaring,Close Combat,charge,0
shadow ursaring,Hyper Beam,charge,0
shadow ursaring,Play Rough,charge,0
shadow ursaring,Trailblaze,charge,0
shadow ursaring,Swift,charge,0
slugma,Ember,fast,0
slugma,Rock Throw,fast,0
slugma,Flame Burst,charge,0
slugma,Flame Charge,charge,0
slugma,Rock Slide,charge,0
magcargo,Ember,fast,0
magcargo,Rock Throw,fast,0
magcargo,Incinerate,fast,0
magcargo,Heat Wave,charge,0
magcargo,Overheat,charge,0
magcargo,Stone Edge,charge,0
magcargo,Rock Tomb,charge,0
swinub,Powder Snow,fast,0
swinub,Tackle,fast,0
swinub,Body Slam,charge,0
swinub,Icy Wind,charge,0
swinub,Rock Slide,charge,0
shadow swinub,Powder Snow,fast,0
shadow swinub,Tackle,fast,0
shadow swinub,Body Slam,charge,0
shadow swinub,Icy Wind,charge,0
shadow swinub,Rock Slide,charge,0
piloswine,Ice Shard,fast,0
piloswine,Powder Snow,fast,0
piloswine,Avalanche,charge,0
piloswine,Bulldoze,charge,0
piloswine,Stone Edge,charge,0
piloswine,High Horsepower,charge,0
piloswine,Icicle Spear,charge,0
shadow piloswine,Ice Shard,fast,0
shadow piloswine,Powder Snow,fast,0
shadow piloswine,Avalanche,charge,0
shadow piloswine,Bulldoze,charge,0
shadow piloswine,Stone Edge,charge,0
shadow piloswine,High Horsepower,charge,0
shadow piloswine,Icicle Spear,charge,0
corsola,Bubble,fast,0
corsola,Tackle,fast,0
corsola,Bubble Beam,charge,0
corsola,Power Gem,charge,0
corsola,Rock Blast,charge,0
galarian corsola,Astonish,fast,0
galarian corsola,Tackle,fast,0
galarian corsola,Night Shade,charge,0
galarian corsola,Power Gem,charge,0
galarian corsola,Rock Blast,charge,0
remoraid,Mud Shot,fast,0
remoraid,Water Gun,fast,0
remoraid,Aurora Beam,charge,0
remoraid,Rock Blast,charge,0
remoraid,Water Pulse,charge,0
octillery,Mud Shot,fast,0
octillery,Water Gun,fast,0
octillery,Lock On,fast,0
octillery,Aurora Beam,charge,0
octillery,Gunk Shot,charge,0
octillery,Water Pulse,charge,0
octillery,Acid Spray,charge,0
octillery,Octazooka,charge,0
delibird,Present,fast,0
delibird,Quick Attack,fast,0
delibird,Aerial Ace,charge,0
delibird,Ice Punch,charge,0
delibird,Icy Wind,charge,0
delibird,Fly,charge,0
delibird,Triple Axel,charge,0
shadow delibird,Present,fast,0
shadow delibird,Aerial Ace,charge,0
shadow delibird,Ice Punch,charge,0
shadow delibird,Icy Wind,charge,0
shadow delibird,Fly,charge,0
shadow delibird,Triple Axel,charge,0
mantine,Bubble,fast,0
mantine,Bullet Seed,fast,0
mantine,Wing Attack,fast,0
mantine,Aerial Ace,charge,0
mantine,Ice Beam,charge,0
mantine,Water Pulse,charge,0
mantine,Bubble Beam,charge,0
mantine,Twister,charge,0
skarmory,Air Slash,fast,0
skarmory,Steel Wing,fast,0
skarmory,Brave Bird,charge,0
skarmory,Flash Cannon,charge,0
skarmory,Sky Attack,charge,0
shadow skarmory,Air Slash,fast,0
shadow skarmory,Steel Wing,fast,0
shadow skarmory,Brave Bird,charge,0
shadow skarmory,Flash Cannon,charge,0
shadow skarmory,Sky Attack,charge,0
mega skarmory,Air Slash,fast,0
mega skarmory,Steel Wing,fast,0
mega skarmory,Brave Bird,charge,0
mega skarmory,Flash Cannon,charge,0
mega skarmory,Sky Attack,charge,0
mega skarmory,Drill Peck+,charge,1
houndour,Ember,fast,0
houndour,Feint Attack,fast,0
houndour,Crunch,charge,0
houndour,Dark Pulse,charge,0
houndour,Flamethrower,charge,0
shadow houndour,Ember,fast,0
shadow houndour,Feint Attack,fast,0
shadow houndour,Crunch,charge,0
shadow houndour,Dark Pulse,charge,0
shadow houndour,Flamethrower,charge,0
houndoom,Fire Fang,fast,0
houndoom,Snarl,fast,0
houndoom,Crunch,charge,0
houndoom,Fire Blast,charge,0
houndoom,Flamethrower,charge,0
houndoom,Foul Play,charge,0
mega houndoom,Fire Fang,fast,0
mega houndoom,Snarl,fast,0
mega houndoom,Crunch,charge,0
mega houndoom,Fire Blast,charge,0
mega houndoom,Flamethrower,charge,0
mega houndoom,Foul Play,charge,0
shadow houndoom,Fire Fang,fast,0
shadow houndoom,Snarl,fast,0
shadow houndoom,Crunch,charge,0
shadow houndoom,Fire Blast,charge,0
shadow houndoom,Flamethrower,charge,0
shadow houndoom,Foul Play,charge,0
kingdra,Dragon Breath,fast,0
kingdra,Water Gun,fast,1
kingdra,Waterfall,fast,0
kingdra,Blizzard,charge,0
kingdra,Hydro Pump,charge,0
kingdra,Outrage,charge,0
kingdra,Octazooka,charge,0
kingdra,Swift,charge,0
kingdra,Surf,charge,0
shadow kingdra,Dragon Breath,fast,0
shadow kingdra,Water Gun,fast,0
shadow kingdra,Waterfall,fast,0
shadow kingdra,Blizzard,charge,0
shadow kingdra,Hydro Pump,charge,0
shadow kingdra,Outrage,charge,0
shadow kingdra,Octazooka,charge,0
shadow kingdra,Swift,charge,0
shadow kingdra,Surf,charge,0
phanpy,Rock Smash,fast,0
phanpy,Tackle,fast,0
phanpy,Body Slam,charge,0
phanpy,Bulldoze,charge,0
phanpy,Rock Slide,charge,0
phanpy,Trailblaze,charge,0
shadow phanpy,Rock Smash,fast,0
shadow phanpy,Tackle,fast,0
shadow phanpy,Body Slam,charge,0
shadow phanpy,Bulldoze,charge,0
shadow phanpy,Rock Slide,charge,0
shadow phanpy,Trailblaze,charge,0
donphan,Counter,fast,0
donphan,Mud Slap,fast,0
donphan,Tackle,fast,0
donphan,Charm,fast,0
donphan,Earthquake,charge,0
donphan,Heavy Slam,charge,0
donphan,Play Rough,charge,0
donphan,Body Slam,charge,0
donphan,Trailblaze,charge,0
shadow donphan,Counter,fast,0
shadow donphan,Mud Slap,fast,0
shadow donphan,Tackle,fast,0
shadow donphan,Charm,fast,0
shadow donphan,Earthquake,charge,0
shadow donphan,Heavy Slam,charge,0
shadow donphan,Play Rough,charge,0
shadow donphan,Body Slam,charge,0
shadow donphan,Trailblaze,charge,0
porygon2,Lock On,fast,0
porygon2,Charge Beam,fast,0
porygon2,Hidden Power Bug,fast,0
porygon2,Hidden Power Dark,fast,0
porygon2,Hidden Power Dragon,fast,0
porygon2,Hidden Power Electric,fast,0
porygon2,Hidden Power Fighting,fast,0
porygon2,Hidden Power Fire,fast,0
porygon2,Hidden Power Flying,fast,0
porygon2,Hidden Power Ghost,fast,0
porygon2,Hidden Power Grass,fast,0
porygon2,Hidden Power Ground,fast,0
porygon2,Hidden Power Ice,fast,0
porygon2,Hidden Power Poison,fast,0
porygon2,Hidden Power Psychic,fast,0
porygon2,Hidden Power Rock,fast,0
porygon2,Hidden Power Steel,fast,0
porygon2,Hidden Power Water,fast,0
porygon2,Hyper Beam,charge,0
porygon2,Solar Beam,charge,0
porygon2,Zap Cannon,charge,0
porygon2,Tri Attack,charge,0
shadow porygon2,Lock On,fast,0
shadow porygon2,Charge Beam,fast,0
shadow porygon2,Hidden Power Bug,fast,0
shadow porygon2,Hidden Power Dark,fast,0
shadow porygon2,Hidden Power Dragon,fast,0
shadow porygon2,Hidden Power Electric,fast,0
shadow porygon2,Hidden Power Fighting,fast,0
shadow porygon2,Hidden Power Fire,fast,0
shadow porygon2,Hidden Power Flying,fast,0
shadow porygon2,Hidden Power Ghost,fast,0
shadow porygon2,Hidden Power Grass,fast,0
shadow porygon2,Hidden Power Ground,fast,0
shadow porygon2,Hidden Power Ice,fast,0
shadow porygon2,Hidden Power Poison,fast,0
shadow porygon2,Hidden Power Psychic,fast,0
shadow porygon2,Hidden Power Rock,fast,0
shadow porygon2,Hidden Power Steel,fast,0
shadow porygon2,Hidden Power Water,fast,0
shadow porygon2,Hyper Beam,charge,0
shadow porygon2,Solar Beam,charge,0
shadow porygon2,Zap Cannon,charge,0
shadow porygon2,Tri Attack,charge,0
stantler,Tackle,fast,0
stantler,Zen Headbutt,fast,0
stantler,Megahorn,charge,0
stantler,Stomp,charge,0
stantler,Wild Charge,charge,0
shadow stantler,Tackle,fast,0
shadow stantler,Zen Headbutt,fast,0
shadow stantler,Megahorn,charge,0
shadow stantler,Stomp,charge,0
shadow stantler,Wild Charge,charge,0
smeargle,Tackle,fast,0
smeargle,Fury Cutter,fast,0
smeargle,Bug Bite,fast,0
smeargle,Bite,fast,0
smeargle,Sucker Punch,fast,0
smeargle,Dragon Breath,fast,0
smeargle,Thunder Shock,fast,0
smeargle,Spark,fast,0
smeargle,Low Kick,fast,0
smeargle,Karate Chop,fast,0
smeargle,Ember,fast,0
smeargle,Wing Attack,fast,0
smeargle,Peck,fast,0
smeargle,Lick,fast,0
smeargle,Shadow Claw,fast,0
smeargle,Vine Whip,fast,0
smeargle,Razor Leaf,fast,0
smeargle,Mud Shot,fast,0
smeargle,Ice Shard,fast,0
smeargle,Frost Breath,fast,0
smeargle,Quick Attack,fast,0
smeargle,Scratch,fast,0
smeargle,Pound,fast,0
smeargle,Cut,fast,0
smeargle,Poison Jab,fast,0
smeargle,Acid,fast,0
smeargle,Psycho Cut,fast,0
smeargle,Rock Throw,fast,0
smeargle,Metal Claw,fast,0
smeargle,Bullet Punch,fast,0
smeargle,Water Gun,fast,0
smeargle,Splash,fast,0
smeargle,Mud Slap,fast,0
smeargle,Zen Headbutt,fast,0
smeargle,Confusion,fast,0
smeargle,Poison Sting,fast,0
smeargle,Bubble,fast,0
smeargle,Feint Attack,fast,0
smeargle,Steel Wing,fast,0
smeargle,Fire Fang,fast,0
smeargle,Rock Smash,fast,0
smeargle,Counter,fast,0
smeargle,Powder Snow,fast,0
smeargle,Charge Beam,fast,0
smeargle,Volt Switch,fast,0
smeargle,Dragon Tail,fast,0
smeargle,Air Slash,fast,0
smeargle,Infestation,fast,0
smeargle,Struggle Bug,fast,0
smeargle,Astonish,fast,0
smeargle,Hex,fast,0
smeargle,Iron Tail,fast,0
smeargle,Fire Spin,fast,0
smeargle,Bullet Seed,fast,0
smeargle,Extrasensory,fast,0
smeargle,Snarl,fast,0
smeargle,Hidden Power Bug,fast,0
smeargle,Hidden Power Dark,fast,0
smeargle,Hidden Power Dragon,fast,0
smeargle,Hidden Power Electric,fast,0
smeargle,Hidden Power Fighting,fast,0
smeargle,Hidden Power Fire,fast,0
smeargle,Hidden Power Flying,fast,0
smeargle,Hidden Power Ghost,fast,0
smeargle,Hidden Power Grass,fast,0
smeargle,Hidden Power Ground,fast,0
smeargle,Hidden Power Ice,fast,0
smeargle,Hidden Power Poison,fast,0
smeargle,Hidden Power Psychic,fast,0
smeargle,Hidden Power Rock,fast,0
smeargle,Hidden Power Steel,fast,0
smeargle,Hidden Power Water,fast,0
smeargle,Take Down,fast,0
smeargle,Waterfall,fast,0
smeargle,Yawn,fast,0
smeargle,Present,fast,0
smeargle,Charm,fast,0
smeargle,Lock On,fast,0
smeargle,Thunder Fang,fast,0
smeargle,Ice Fang,fast,0
smeargle,Gust,fast,0
smeargle,Incinerate,fast,0
smeargle,Wrap,charge,0
smeargle,Hyper Beam,charge,0
smeargle,Dark Pulse,charge,0
smeargle,Sludge,charge,0
smeargle,Vise Grip,charge,0
smeargle,Flame Wheel,charge,0
smeargle,Megahorn,charge,0
smeargle,Flamethrower,charge,0
smeargle,Dig,charge,0
smeargle,Cross Chop,charge,0
smeargle,Psybeam,charge,0
smeargle,Earthquake,charge,0
smeargle,Stone Edge,charge,0
smeargle,Ice Punch,charge,0
smeargle,Discharge,charge,0
smeargle,Flash Cannon,charge,0
smeargle,Drill Peck,charge,0
smeargle,Ice Beam,charge,0
smeargle,Blizzard,charge,0
smeargle,Heat Wave,charge,0
smeargle,Aerial Ace,charge,0
smeargle,Drill Run,charge,0
smeargle,Petal Blizzard,charge,0
smeargle,Bug Buzz,charge,0
smeargle,Poison Fang,charge,0
smeargle,Night Slash,charge,0
smeargle,Bubble Beam,charge,0
smeargle,Submission,charge,0
smeargle,Low Sweep,charge,0
smeargle,Aqua Jet,charge,0
smeargle,Aqua Tail,charge,0
smeargle,Seed Bomb,charge,0
smeargle,Psyshock,charge,0
smeargle,Ancient Power,charge,0
smeargle,Rock Tomb,charge,0
smeargle,Rock Slide,charge,0
smeargle,Power Gem,charge,0
smeargle,Shadow Sneak,charge,0
smeargle,Shadow Punch,charge,0
smeargle,Ominous Wind,charge,0
smeargle,Shadow Ball,charge,0
smeargle,Magnet Bomb,charge,0
smeargle,Iron Head,charge,0
smeargle,Thunder Punch,charge,0
smeargle,Thunder,charge,0
smeargle,Thunderbolt,charge,0
smeargle,Twister,charge,0
smeargle,Dragon Pulse,charge,0
smeargle,Dragon Claw,charge,0
smeargle,Disarming Voice,charge,0
smeargle,Draining Kiss,charge,0
smeargle,Dazzling Gleam,charge,0
smeargle,Moonblast,charge,0
smeargle,Play Rough,charge,0
smeargle,Cross Poison,charge,0
smeargle,Sludge Bomb,charge,0
smeargle,Sludge Wave,charge,0
smeargle,Gunk Shot,charge,0
smeargle,Bone Club,charge,0
smeargle,Bulldoze,charge,0
smeargle,Mud Bomb,charge,0
smeargle,Signal Beam,charge,0
smeargle,X-Scissor,charge,0
smeargle,Flame Charge,charge,0
smeargle,Flame Burst,charge,0
smeargle,Fire Blast,charge,0
smeargle,Water Pulse,charge,0
smeargle,Hydro Pump,charge,0
smeargle,Psychic,charge,0
smeargle,Icy Wind,charge,0
smeargle,Fire Punch,charge,0
smeargle,Solar Beam,charge,0
smeargle,Leaf Blade,charge,0
smeargle,Power Whip,charge,0
smeargle,Air Cutter,charge,0
smeargle,Hurricane,charge,0
smeargle,Brick Break,charge,0
smeargle,Swift,charge,0
smeargle,Horn Attack,charge,0
smeargle,Stomp,charge,0
smeargle,Hyper Fang,charge,0
smeargle,Body Slam,charge,0
smeargle,Close Combat,charge,0
smeargle,Dynamic Punch,charge,0
smeargle,Focus Blast,charge,0
smeargle,Aurora Beam,charge,0
smeargle,Wild Charge,charge,0
smeargle,Zap Cannon,charge,0
smeargle,Avalanche,charge,0
smeargle,Brave Bird,charge,0
smeargle,Sky Attack,charge,0
smeargle,Sand Tomb,charge,0
smeargle,Rock Blast,charge,0
smeargle,Silver Wind,charge,0
smeargle,Night Shade,charge,0
smeargle,Gyro Ball,charge,0
smeargle,Heavy Slam,charge,0
smeargle,Overheat,charge,0
smeargle,Grass Knot,charge,0
smeargle,Energy Ball,charge,0
smeargle,Future Sight,charge,0
smeargle,Mirror Coat,charge,0
smeargle,Outrage,charge,0
smeargle,Crunch,charge,0
smeargle,Foul Play,charge,0
smeargle,Surf,charge,0
smeargle,Draco Meteor,charge,0
smeargle,Psycho Boost,charge,0
smeargle,Frenzy Plant,charge,0
smeargle,Blast Burn,charge,0
smeargle,Hydro Cannon,charge,0
smeargle,Last Resort,charge,0
smeargle,Meteor Mash,charge,0
smeargle,Brine,charge,0
smeargle,Scald,charge,0
smeargle,Psystrike,charge,0
smeargle,Doom Desire,charge,0
smeargle,Weather Ball (Fire),charge,0
smeargle,Weather Ball (Ice),charge,0
smeargle,Weather Ball (Water),charge,0
smeargle,Skull Bash,charge,0
smeargle,Acid Spray,charge,0
smeargle,Earth Power,charge,0
smeargle,Crabhammer,charge,0
smeargle,Lunge,charge,0
smeargle,Octazooka,charge,0
smeargle,Mirror Shot,charge,0
smeargle,Superpower,charge,0
smeargle,Fell Stinger,charge,0
smeargle,Leaf Tornado,charge,0
smeargle,Shadow Bone,charge,0
smeargle,Muddy Water,charge,0
smeargle,Blaze Kick,charge,0
smeargle,Power-Up Punch,charge,0
smeargle,Giga Impact,charge,0
smeargle,Synchronoise,charge,0
smeargle,Sacred Sword,charge,0
smeargle,Flying Press,charge,0
smeargle,Aura Sphere,charge,0
smeargle,Payback,charge,0
smeargle,Rock Wrecker,charge,0
smeargle,Aeroblast,charge,0
smeargle,Fly,charge,0
smeargle,V-Create,charge,0
smeargle,Tri Attack,charge,0
tyrogue,Rock Smash,fast,0
tyrogue,Tackle,fast,0
tyrogue,Brick Break,charge,0
tyrogue,Low Sweep,charge,0
tyrogue,Rock Slide,charge,0
hitmontop,Counter,fast,0
hitmontop,Rock Smash,fast,0
hitmontop,Close Combat,charge,0
hitmontop,Gyro Ball,charge,0
hitmontop,Stone Edge,charge,0
hitmontop,Triple Axel,charge,0
shadow hitmontop,Counter,fast,0
shadow hitmontop,Rock Smash,fast,0
shadow hitmontop,Close Combat,charge,0
shadow hitmontop,Gyro Ball,charge,0
shadow hitmontop,Stone Edge,charge,0
shadow hitmontop,Triple Axel,charge,0
smoochum,Frost Breath,fast,1
smoochum,Pound,fast,0
smoochum,Powder Snow,fast,0
smoochum,Ice Beam,charge,0
smoochum,Ice Punch,charge,0
smoochum,Psyshock,charge,0
elekid,Low Kick,fast,0
elekid,Thunder Shock,fast,0
elekid,Brick Break,charge,0
elekid,Discharge,charge,0
elekid,Thunder Punch,charge,0
elekid,Thunderbolt,charge,1
magby,Ember,fast,0
magby,Karate Chop,fast,0
magby,Brick Break,charge,0
magby,Fire Punch,charge,0
magby,Flame Burst,charge,0
magby,Flamethrower,charge,1
miltank,Tackle,fast,0
miltank,Zen Headbutt,fast,0
miltank,Rollout,fast,0
miltank,Body Slam,charge,0
miltank,Gyro Ball,charge,0
miltank,Ice Beam,charge,0
miltank,Stomp,charge,0
miltank,Thunderbolt,charge,0
blissey,Pound,fast,0
blissey,Zen Headbutt,fast,0
blissey,Dazzling Gleam,charge,0
blissey,Hyper Beam,charge,0
blissey,Psychic,charge,0
blissey,Wild Charge,charge,1
raikou,Thunder Shock,fast,0
raikou,Volt Switch,fast,0
raikou,Shadow Ball,charge,0
raikou,Thunder,charge,0
raikou,Thunderbolt,charge,0
raikou,Wild Charge,charge,0
raikou,Aura Sphere,charge,0
shadow raikou,Thunder Shock,fast,0
shadow raikou,Volt Switch,fast,0
shadow raikou,Shadow Ball,charge,0
shadow raikou,Thunder,charge,0
shadow raikou,Thunderbolt,charge,0
shadow raikou,Wild Charge,charge,0
shadow raikou,Aura Sphere,charge,0
entei,Fire Fang,fast,0
entei,Fire Spin,fast,0
entei,Fire Blast,charge,0
entei,Flamethrower,charge,0
entei,Iron Head,charge,0
entei,Overheat,charge,0
entei,Flame Charge,charge,0
entei,Scorching Sands,charge,0
shadow entei,Fire Fang,fast,0
shadow entei,Fire Spin,fast,0
shadow entei,Fire Blast,charge,0
shadow entei,Flamethrower,charge,0
shadow entei,Iron Head,charge,0
shadow entei,Overheat,charge,0
shadow entei,Flame Charge,charge,0
shadow entei,Scorching Sands,charge,0
suicune,Extrasensory,fast,0
suicune,Hidden Power Bug,fast,0
suicune,Hidden Power Dark,fast,0
suicune,Hidden Power Dragon,fast,0
suicune,Hidden Power Electric,fast,0
suicune,Hidden Power Fighting,fast,0
suicune,Hidden Power Fire,fast,0
suicune,Hidden Power Flying,fast,0
suicune,Hidden Power Ghost,fast,0
suicune,Hidden Power Grass,fast,0
suicune,Hidden Power Ground,fast,0
suicune,Hidden Power Ice,fast,0
suicune,Hidden Power Poison,fast,0
suicune,Hidden Power Psychic,fast,0
suicune,Hidden Power Rock,fast,0
suicune,Hidden Power Steel,fast,0
suicune,Hidden Power Water,fast,0
suicune,Ice Fang,fast,0
suicune,Snarl,fast,0
suicune,Water Gun,fast,0
suicune,Bubble Beam,charge,0
suicune,Hydro Pump,charge,0
suicune,Ice Beam,charge,0
suicune,Water Pulse,charge,0
suicune,Scald,charge,0
shadow suicune,Extrasensory,fast,0
shadow suicune,Hidden Power Bug,fast,0
shadow suicune,Hidden Power Dark,fast,0
shadow suicune,Hidden Power Dragon,fast,0
shadow suicune,Hidden Power Electric,fast,0
shadow suicune,Hidden Power Fighting,fast,0
shadow suicune,Hidden Power Fire,fast,0
shadow suicune,Hidden Power Flying,fast,0
shadow suicune,Hidden Power Ghost,fast,0
shadow suicune,Hidden Power Grass,fast,0
shadow suicune,Hidden Power Ground,fast,0
shadow suicune,Hidden Power Ice,fast,0
shadow suicune,Hidden Power Poison,fast,0
shadow suicune,Hidden Power Psychic,fast,0
shadow suicune,Hidden Power Rock,fast,0
shadow suicune,Hidden Power Steel,fast,0
shadow suicune,Hidden Power Water,fast,0
shadow suicune,Ice Fang,fast,0
shadow suicune,Snarl,fast,0
shadow suicune,Water Gun,fast,0
shadow suicune,Bubble Beam,charge,0
shadow suicune,Hydro Pump,charge,0
shadow suicune,Ice Beam,charge,0
shadow suicune,Water Pulse,charge,0
shadow suicune,Scald,charge,0
larvitar,Bite,fast,0
larvitar,Rock Smash,fast,0
larvitar,Ancient Power,charge,0
larvitar,Crunch,charge,0
larvitar,Stomp,charge,0
shadow larvitar,Bite,fast,0
shadow larvitar,Rock Smash,fast,0
shadow larvitar,Ancient Power,charge,0
shadow larvitar,Crunch,charge,0
shadow larvitar,Stomp,charge,0
pupitar,Bite,fast,0
pupitar,Rock Smash,fast,0
pupitar,Ancient Power,charge,0
pupitar,Crunch,charge,0
pupitar,Dig,charge,0
shadow pupitar,Bite,fast,0
shadow pupitar,Rock Smash,fast,0
shadow pupitar,Ancient Power,charge,0
shadow pupitar,Crunch,charge,0
shadow pupitar,Dig,charge,0
tyranitar,Bite,fast,0
tyranitar,Iron Tail,fast,0
tyranitar,Smack Down,fast,1
tyranitar,Dragon Breath,fast,0
tyranitar,Crunch,charge,0
tyranitar,Fire Blast,charge,0
tyranitar,Stone Edge,charge,0
tyranitar,Brutal Swing,charge,0
mega tyranitar,Bite,fast,0
mega tyranitar,Iron Tail,fast,0
mega tyranitar,Smack Down,fast,0
mega tyranitar,Dragon Breath,fast,0
mega tyranitar,Crunch,charge,0
mega tyranitar,Fire Blast,charge,0
mega tyranitar,Stone Edge,charge,0
mega tyranitar,Brutal Swing,charge,0
shadow tyranitar,Bite,fast,0
shadow tyranitar,Iron Tail,fast,0
shadow tyranitar,Smack Down,fast,0
shadow tyranitar,Dragon Breath,fast,0
shadow tyranitar,Crunch,charge,0
shadow tyranitar,Fire Blast,charge,0
shadow tyranitar,Stone Edge,charge,0
shadow tyranitar,Brutal Swing,charge,0
lugia,Dragon Tail,fast,0
lugia,Extrasensory,fast,0
lugia,Future Sight,charge,0
lugia,Hydro Pump,charge,0
lugia,Sky Attack,charge,0
lugia,Aeroblast,charge,1
lugia,Fly,charge,0
shadow lugia,Dragon Tail,fast,0
shadow lugia,Extrasensory,fast,0
shadow lugia,Future Sight,charge,0
shadow lugia,Hydro Pump,charge,0
shadow lugia,Sky Attack,charge,0
shadow lugia,Aeroblast,charge,1
shadow lugia,Fly,charge,0
ho oh,Extrasensory,fast,0
ho oh,Hidden Power Bug,fast,0
ho oh,Hidden Power Dark,fast,0
ho oh,Hidden Power Dragon,fast,0
ho oh,Hidden Power Electric,fast,0
ho oh,Hidden Power Fighting,fast,0
ho oh,Hidden Power Fire,fast,0
ho oh,Hidden Power Flying,fast,0
ho oh,Hidden Power Ghost,fast,0
ho oh,Hidden Power Grass,fast,0
ho oh,Hidden Power Ground,fast,0
ho oh,Hidden Power Ice,fast,0
ho oh,Hidden Power Poison,fast,0
ho oh,Hidden Power Psychic,fast,0
ho oh,Hidden Power Rock,fast,0
ho oh,Hidden Power Steel,fast,0
ho oh,Hidden Power Water,fast,0
ho oh,Steel Wing,fast,0
ho oh,Incinerate,fast,0
ho oh,Brave Bird,charge,0
ho oh,Fire Blast,charge,0
ho oh,Solar Beam,charge,0
ho oh,Earthquake,charge,1
ho oh,Sacred Fire,charge,1
shadow ho oh,Extrasensory,fast,0
shadow ho oh,Hidden Power Bug,fast,0
shadow ho oh,Hidden Power Dark,fast,0
shadow ho oh,Hidden Power Dragon,fast,0
shadow ho oh,Hidden Power Electric,fast,0
shadow ho oh,Hidden Power Fighting,fast,0
shadow ho oh,Hidden Power Fire,fast,0
shadow ho oh,Hidden Power Flying,fast,0
shadow ho oh,Hidden Power Ghost,fast,0
shadow ho oh,Hidden Power Grass,fast,0
shadow ho oh,Hidden Power Ground,fast,0
shadow ho oh,Hidden Power Ice,fast,0
shadow ho oh,Hidden Power Poison,fast,0
shadow ho oh,Hidden Power Psychic,fast,0
shadow ho oh,Hidden Power Rock,fast,0
shadow ho oh,Hidden Power Steel,fast,0
shadow ho oh,Hidden Power Water,fast,0
shadow ho oh,Steel Wing,fast,0
shadow ho oh,Incinerate,fast,0
shadow ho oh,Brave Bird,charge,0
shadow ho oh,Fire Blast,charge,0
shadow ho oh,Solar Beam,charge,0
shadow ho oh,Earthquake,charge,1
shadow ho oh,Sacred Fire,charge,1
celebi,Charge Beam,fast,0
celebi,Confusion,fast,0
celebi,Magical Leaf,fast,1
celebi,Dazzling Gleam,charge,0
celebi,Hyper Beam,charge,0
celebi,Psychic,charge,0
celebi,Seed Bomb,charge,0
celebi,Leaf Storm,charge,0
celebi,Aura Sphere,charge,0
treecko,Bullet Seed,fast,0
treecko,Pound,fast,0
treecko,Aerial Ace,charge,0
treecko,Energy Ball,charge,0
treecko,Grass Knot,charge,0
shadow treecko,Bullet Seed,fast,0
shadow treecko,Pound,fast,0
shadow treecko,Aerial Ace,charge,0
shadow treecko,Energy Ball,charge,0
shadow treecko,Grass Knot,charge,0
grovyle,Bullet Seed,fast,0
grovyle,Quick Attack,fast,0
grovyle,Aerial Ace,charge,0
grovyle,Grass Knot,charge,0
grovyle,Leaf Blade,charge,0
shadow grovyle,Bullet Seed,fast,0
shadow grovyle,Quick Attack,fast,0
shadow grovyle,Aerial Ace,charge,0
shadow grovyle,Grass Knot,charge,0
shadow grovyle,Leaf Blade,charge,0
sceptile,Bullet Seed,fast,0
sceptile,Fury Cutter,fast,0
sceptile,Aerial Ace,charge,0
sceptile,Earthquake,charge,0
sceptile,Leaf Blade,charge,0
sceptile,Frenzy Plant,charge,1
sceptile,Dragon Claw,charge,0
sceptile,Breaking Swipe,charge,0
mega sceptile,Bullet Seed,fast,0
mega sceptile,Fury Cutter,fast,0
mega sceptile,Aerial Ace,charge,0
mega sceptile,Earthquake,charge,0
mega sceptile,Leaf Blade,charge,0
mega sceptile,Frenzy Plant,charge,1
mega sceptile,Dragon Claw,charge,0
mega sceptile,Breaking Swipe,charge,0
shadow sceptile,Bullet Seed,fast,0
shadow sceptile,Fury Cutter,fast,0
shadow sceptile,Aerial Ace,charge,0
shadow sceptile,Earthquake,charge,0
shadow sceptile,Leaf Blade,charge,0
shadow sceptile,Frenzy Plant,charge,1
shadow sceptile,Dragon Claw,charge,0
shadow sceptile,Breaking Swipe,charge,0
torchic,Ember,fast,0
torchic,Scratch,fast,0
torchic,Flame Charge,charge,0
torchic,Flamethrower,charge,0
torchic,Rock Tomb,charge,0
shadow torchic,Ember,fast,0
shadow torchic,Scratch,fast,0
shadow torchic,Flame Charge,charge,0
shadow torchic,Flamethrower,charge,0
shadow torchic,Rock Tomb,charge,0
combusken,Ember,fast,0
combusken,Peck,fast,0
combusken,Flame Charge,charge,0
combusken,Flamethrower,charge,0
combusken,Rock Slide,charge,0
shadow combusken,Ember,fast,0
shadow combusken,Peck,fast,0
shadow combusken,Flame Charge,charge,0
shadow combusken,Flamethrower,charge,0
shadow combusken,Rock Slide,charge,0
blaziken,Counter,fast,0
blaziken,Fire Spin,fast,0
blaziken,Ember,fast,0
blaziken,Brave Bird,charge,0
blaziken,Focus Blast,charge,0
blaziken,Overheat,charge,0
blaziken,Stone Edge,charge,1
blaziken,Blast Burn,charge,1
blaziken,Blaze Kick,charge,0
blaziken,Aura Sphere,charge,0
mega blaziken,Counter,fast,0
mega blaziken,Fire Spin,fast,0
mega blaziken,Ember,fast,0
mega blaziken,Brave Bird,charge,0
mega blaziken,Focus Blast,charge,0
mega blaziken,Overheat,charge,0
mega blaziken,Stone Edge,charge,0
mega blaziken,Blast Burn,charge,1
mega blaziken,Blaze Kick,charge,0
mega blaziken,Aura Sphere,charge,0
shadow blaziken,Counter,fast,0
shadow blaziken,Fire Spin,fast,0
shadow blaziken,Ember,fast,0
shadow blaziken,Brave Bird,charge,0
shadow blaziken,Focus Blast,charge,0
shadow blaziken,Overheat,charge,0
shadow blaziken,Stone Edge,charge,0
shadow blaziken,Blast Burn,charge,1
shadow blaziken,Blaze Kick,charge,0
shadow blaziken,Aura Sphere,charge,0
mudkip,Tackle,fast,0
mudkip,Water Gun,fast,0
mudkip,Dig,charge,0
mudkip,Sludge,charge,0
mudkip,Stomp,charge,0
shadow mudkip,Tackle,fast,0
shadow mudkip,Water Gun,fast,0
shadow mudkip,Dig,charge,0
shadow mudkip,Sludge,charge,0
shadow mudkip,Stomp,charge,0
marshtomp,Mud Shot,fast,0
marshtomp,Water Gun,fast,0
marshtomp,Mud Bomb,charge,0
marshtomp,Sludge,charge,0
marshtomp,Surf,charge,0
shadow marshtomp,Mud Shot,fast,0
shadow marshtomp,Water Gun,fast,0
shadow marshtomp,Mud Bomb,charge,0
shadow marshtomp,Sludge,charge,0
shadow marshtomp,Surf,charge,0
swampert,Mud Shot,fast,0
swampert,Water Gun,fast,0
swampert,Earthquake,charge,0
swampert,Sludge Wave,charge,0
swampert,Surf,charge,0
swampert,Hydro Cannon,charge,1
swampert,Muddy Water,charge,0
swampert,Sludge,charge,0
mega swampert,Mud Shot,fast,0
mega swampert,Water Gun,fast,0
mega swampert,Earthquake,charge,0
mega swampert,Sludge Wave,charge,0
mega swampert,Surf,charge,0
mega swampert,Hydro Cannon,charge,1
mega swampert,Muddy Water,charge,0
mega swampert,Sludge,charge,0
shadow swampert,Mud Shot,fast,0
shadow swampert,Water Gun,fast,0
shadow swampert,Earthquake,charge,0
shadow swampert,Sludge Wave,charge,0
shadow swampert,Surf,charge,0
shadow swampert,Hydro Cannon,charge,1
shadow swampert,Muddy Water,charge,0
shadow swampert,Sludge,charge,0
poochyena,Snarl,fast,0
poochyena,Tackle,fast,0
poochyena,Crunch,charge,0
poochyena,Dig,charge,0
poochyena,Poison Fang,charge,0
shadow poochyena,Snarl,fast,0
shadow poochyena,Tackle,fast,0
shadow poochyena,Crunch,charge,0
shadow poochyena,Dig,charge,0
shadow poochyena,Poison Fang,charge,0
mightyena,Bite,fast,0
mightyena,Fire Fang,fast,0
mightyena,Thunder Fang,fast,0
mightyena,Ice Fang,fast,0
mightyena,Sucker Punch,fast,0
mightyena,Crunch,charge,0
mightyena,Play Rough,charge,0
mightyena,Poison Fang,charge,0
shadow mightyena,Bite,fast,0
shadow mightyena,Fire Fang,fast,0
shadow mightyena,Thunder Fang,fast,0
shadow mightyena,Ice Fang,fast,0
shadow mightyena,Sucker Punch,fast,0
shadow mightyena,Crunch,charge,0
shadow mightyena,Play Rough,charge,0
shadow mightyena,Poison Fang,charge,0
zigzagoon,Rock Smash,fast,0
zigzagoon,Tackle,fast,0
zigzagoon,Sand Attack,fast,0
zigzagoon,Dig,charge,0
zigzagoon,Grass Knot,charge,0
zigzagoon,Thunderbolt,charge,0
galarian zigzagoon,Tackle,fast,0
galarian zigzagoon,Take Down,fast,0
galarian zigzagoon,Dig,charge,0
galarian zigzagoon,Body Slam,charge,0
galarian zigzagoon,Swift,charge,0
shadow zigzagoon,Tackle,fast,0
shadow zigzagoon,Take Down,fast,0
shadow zigzagoon,Dig,charge,0
shadow zigzagoon,Body Slam,charge,0
shadow zigzagoon,Swift,charge,0
linoone,Shadow Claw,fast,0
linoone,Tackle,fast,0
linoone,Sand Attack,fast,0
linoone,Dig,charge,0
linoone,Grass Knot,charge,0
linoone,Thunder,charge,0
linoone,Swift,charge,0
galarian linoone,Snarl,fast,0
galarian linoone,Lick,fast,0
galarian linoone,Dig,charge,0
galarian linoone,Body Slam,charge,0
galarian linoone,Gunk Shot,charge,0
shadow linoone,Snarl,fast,0
shadow linoone,Lick,fast,0
shadow linoone,Dig,charge,0
shadow linoone,Body Slam,charge,0
shadow linoone,Gunk Shot,charge,0
beautifly,Infestation,fast,0
beautifly,Struggle Bug,fast,0
beautifly,Air Cutter,charge,0
beautifly,Bug Buzz,charge,0
beautifly,Silver Wind,charge,0
dustox,Confusion,fast,0
dustox,Struggle Bug,fast,0
dustox,Bug Buzz,charge,0
dustox,Silver Wind,charge,0
dustox,Sludge Bomb,charge,0
lotad,Razor Leaf,fast,0
lotad,Water Gun,fast,0
lotad,Bubble Beam,charge,0
lotad,Energy Ball,charge,0
lotad,Scald,charge,0
lombre,Bubble,fast,0
lombre,Razor Leaf,fast,0
lombre,Bubble Beam,charge,0
lombre,Grass Knot,charge,0
lombre,Ice Beam,charge,0
lombre,Scald,charge,0
ludicolo,Bubble,fast,0
ludicolo,Razor Leaf,fast,0
ludicolo,Astonish,fast,0
ludicolo,Blizzard,charge,0
ludicolo,Hydro Pump,charge,0
ludicolo,Energy Ball,charge,0
ludicolo,Ice Beam,charge,0
ludicolo,Solar Beam,charge,0
ludicolo,Leaf Storm,charge,0
ludicolo,Scald,charge,0
ludicolo,Weather Ball (Water),charge,0
seedot,Bullet Seed,fast,0
seedot,Quick Attack,fast,0
seedot,Energy Ball,charge,0
seedot,Foul Play,charge,0
seedot,Grass Knot,charge,0
shadow seedot,Bullet Seed,fast,0
shadow seedot,Quick Attack,fast,0
shadow seedot,Energy Ball,charge,0
shadow seedot,Foul Play,charge,0
shadow seedot,Grass Knot,charge,0
nuzleaf,Feint Attack,fast,0
nuzleaf,Razor Leaf,fast,0
nuzleaf,Foul Play,charge,0
nuzleaf,Grass Knot,charge,0
nuzleaf,Leaf Blade,charge,0
shadow nuzleaf,Feint Attack,fast,0
shadow nuzleaf,Razor Leaf,fast,0
shadow nuzleaf,Foul Play,charge,0
shadow nuzleaf,Grass Knot,charge,0
shadow nuzleaf,Leaf Blade,charge,0
shiftry,Feint Attack,fast,0
shiftry,Razor Leaf,fast,0
shiftry,Snarl,fast,0
shiftry,Bullet Seed,fast,1
shiftry,Foul Play,charge,0
shiftry,Hurricane,charge,0
shiftry,Leaf Blade,charge,0
shiftry,Leaf Tornado,charge,0
shadow shiftry,Feint Attack,fast,0
shadow shiftry,Razor Leaf,fast,0
shadow shiftry,Snarl,fast,0
shadow shiftry,Bullet Seed,fast,0
shadow shiftry,Foul Play,charge,0
shadow shiftry,Hurricane,charge,0
shadow shiftry,Leaf Blade,charge,0
shadow shiftry,Leaf Tornado,charge,0
taillow,Peck,fast,0
taillow,Quick Attack,fast,0
taillow,Aerial Ace,charge,0
shadow taillow,Peck,fast,0
shadow taillow,Quick Attack,fast,0
shadow taillow,Aerial Ace,charge,0
swellow,Steel Wing,fast,0
swellow,Wing Attack,fast,0
swellow,Aerial Ace,charge,0
swellow,Brave Bird,charge,0
swellow,Sky Attack,charge,0
shadow swellow,Steel Wing,fast,0
shadow swellow,Wing Attack,fast,0
shadow swellow,Aerial Ace,charge,0
shadow swellow,Brave Bird,charge,0
shadow swellow,Sky Attack,charge,0
wingull,Quick Attack,fast,0
wingull,Water Gun,fast,0
wingull,Air Cutter,charge,0
wingull,Ice Beam,charge,0
wingull,Water Pulse,charge,0
pelipper,Water Gun,fast,0
pelipper,Wing Attack,fast,0
pelipper,Blizzard,charge,0
pelipper,Hurricane,charge,0
pelipper,Hydro Pump,charge,0
pelipper,Weather Ball (Water),charge,0
ralts,Charge Beam,fast,0
ralts,Confusion,fast,0
ralts,Disarming Voice,charge,0
ralts,Psyshock,charge,0
ralts,Shadow Sneak,charge,0
shadow ralts,Charge Beam,fast,0
shadow ralts,Confusion,fast,0
shadow ralts,Disarming Voice,charge,0
shadow ralts,Psyshock,charge,0
shadow ralts,Shadow Sneak,charge,0
kirlia,Charge Beam,fast,0
kirlia,Confusion,fast,0
kirlia,Magical Leaf,fast,0
kirlia,Disarming Voice,charge,0
kirlia,Psychic,charge,0
kirlia,Shadow Sneak,charge,0
kirlia,Draining Kiss,charge,0
kirlia,Triple Axel,charge,0
shadow kirlia,Charge Beam,fast,0
shadow kirlia,Confusion,fast,0
shadow kirlia,Magical Leaf,fast,0
shadow kirlia,Disarming Voice,charge,0
shadow kirlia,Psychic,charge,0
shadow kirlia,Shadow Sneak,charge,0
shadow kirlia,Triple Axel,charge,0
gardevoir,Charge Beam,fast,0
gardevoir,Confusion,fast,0
gardevoir,Charm,fast,0
gardevoir,Magical Leaf,fast,0
gardevoir,Dazzling Gleam,charge,0
gardevoir,Psychic,charge,0
gardevoir,Shadow Ball,charge,0
gardevoir,Synchronoise,charge,1
gardevoir,Triple Axel,charge,0
mega gardevoir,Charge Beam,fast,0
mega gardevoir,Confusion,fast,0
mega gardevoir,Charm,fast,0
mega gardevoir,Magical Leaf,fast,0
mega gardevoir,Dazzling Gleam,charge,0
mega gardevoir,Psychic,charge,0
mega gardevoir,Shadow Ball,charge,0
mega gardevoir,Synchronoise,charge,0
mega gardevoir,Triple Axel,charge,0
shadow gardevoir,Charge Beam,fast,0
shadow gardevoir,Confusion,fast,0
shadow gardevoir,Charm,fast,0
shadow gardevoir,Magical Leaf,fast,0
shadow gardevoir,Dazzling Gleam,charge,0
shadow gardevoir,Psychic,charge,0
shadow gardevoir,Shadow Ball,charge,0
shadow gardevoir,Synchronoise,charge,0
shadow gardevoir,Triple Axel,charge,0
surskit,Bubble,fast,0
surskit,Bug Bite,fast,0
surskit,Aqua Jet,charge,0
surskit,Bubble Beam,charge,0
surskit,Signal Beam,charge,0
masquerain,Air Slash,fast,0
masquerain,Infestation,fast,0
masquerain,Air Cutter,charge,0
masquerain,Ominous Wind,charge,0
masquerain,Silver Wind,charge,0
masquerain,Bubble Beam,charge,0
masquerain,Lunge,charge,0
shroomish,Bullet Seed,fast,0
shroomish,Tackle,fast,0
shroomish,Energy Ball,charge,0
shroomish,Grass Knot,charge,0
shroomish,Seed Bomb,charge,0
breloom,Bullet Seed,fast,0
breloom,Counter,fast,0
breloom,Force Palm,fast,0
breloom,Dynamic Punch,charge,0
breloom,Grass Knot,charge,1
breloom,Seed Bomb,charge,0
breloom,Sludge Bomb,charge,0
slakoth,Yawn,fast,0
slakoth,Body Slam,charge,0
slakoth,Brick Break,charge,0
slakoth,Night Slash,charge,0
shadow slakoth,Yawn,fast,0
shadow slakoth,Body Slam,charge,0
shadow slakoth,Brick Break,charge,0
shadow slakoth,Night Slash,charge,0
vigoroth,Counter,fast,0
vigoroth,Scratch,fast,0
vigoroth,Body Slam,charge,0
vigoroth,Brick Break,charge,0
vigoroth,Bulldoze,charge,0
vigoroth,Rock Slide,charge,0
shadow vigoroth,Counter,fast,0
shadow vigoroth,Scratch,fast,0
shadow vigoroth,Body Slam,charge,0
shadow vigoroth,Brick Break,charge,0
shadow vigoroth,Bulldoze,charge,0
shadow vigoroth,Rock Slide,charge,0
slaking,Yawn,fast,0
slaking,Earthquake,charge,0
slaking,Hyper Beam,charge,0
slaking,Play Rough,charge,0
slaking,Body Slam,charge,1
shadow slaking,Yawn,fast,0
shadow slaking,Earthquake,charge,0
shadow slaking,Hyper Beam,charge,0
shadow slaking,Play Rough,charge,0
shadow slaking,Body Slam,charge,0
nincada,Bug Bite,fast,0
nincada,Scratch,fast,0
nincada,Aerial Ace,charge,0
nincada,Bug Buzz,charge,0
nincada,Night Slash,charge,0
ninjask,Fury Cutter,fast,0
ninjask,Metal Claw,fast,0
ninjask,Aerial Ace,charge,0
ninjask,Bug Buzz,charge,0
ninjask,Shadow Ball,charge,0
shedinja,Bug Bite,fast,0
shedinja,Shadow Claw,fast,0
shedinja,Struggle Bug,fast,1
shedinja,Aerial Ace,charge,0
shedinja,Dig,charge,0
shedinja,Shadow Sneak,charge,0
whismur,Astonish,fast,0
whismur,Pound,fast,0
whismur,Disarming Voice,charge,0
whismur,Flamethrower,charge,0
whismur,Stomp,charge,0
shadow whismur,Astonish,fast,0
shadow whismur,Pound,fast,0
shadow whismur,Disarming Voice,charge,0
shadow whismur,Flamethrower,charge,0
shadow whismur,Stomp,charge,0
loudred,Bite,fast,0
loudred,Rock Smash,fast,0
loudred,Disarming Voice,charge,0
loudred,Flamethrower,charge,0
loudred,Stomp,charge,0
shadow loudred,Bite,fast,0
shadow loudred,Rock Smash,fast,0
shadow loudred,Disarming Voice,charge,0
shadow loudred,Flamethrower,charge,0
shadow loudred,Stomp,charge,0
exploud,Astonish,fast,0
exploud,Bite,fast,0
exploud,Crunch,charge,0
exploud,Disarming Voice,charge,0
exploud,Fire Blast,charge,0
exploud,Boomburst,charge,0
shadow exploud,Astonish,fast,0
shadow exploud,Bite,fast,0
shadow exploud,Crunch,charge,0
shadow exploud,Disarming Voice,charge,0
shadow exploud,Fire Blast,charge,0
shadow exploud,Boomburst,charge,0
makuhita,Rock Smash,fast,0
makuhita,Tackle,fast,0
makuhita,Cross Chop,charge,0
makuhita,Heavy Slam,charge,0
makuhita,Low Sweep,charge,0
shadow makuhita,Rock Smash,fast,0
shadow makuhita,Tackle,fast,0
shadow makuhita,Cross Chop,charge,0
shadow makuhita,Heavy Slam,charge,0
shadow makuhita,Low Sweep,charge,0
hariyama,Bullet Punch,fast,0
hariyama,Counter,fast,0
hariyama,Force Palm,fast,0
hariyama,Close Combat,charge,0
hariyama,Dynamic Punch,charge,0
hariyama,Heavy Slam,charge,0
hariyama,Superpower,charge,0
shadow hariyama,Bullet Punch,fast,0
shadow hariyama,Counter,fast,0
shadow hariyama,Force Palm,fast,0
shadow hariyama,Close Combat,charge,0
shadow hariyama,Dynamic Punch,charge,0
shadow hariyama,Heavy Slam,charge,0
shadow hariyama,Superpower,charge,0
azurill,Bubble,fast,0
azurill,Splash,fast,0
azurill,Body Slam,charge,0
azurill,Bubble Beam,charge,0
azurill,Ice Beam,charge,0
nosepass,Rock Throw,fast,0
nosepass,Spark,fast,0
nosepass,Rock Blast,charge,0
nosepass,Rock Slide,charge,0
nosepass,Thunderbolt,charge,0
shadow nosepass,Rock Throw,fast,0
shadow nosepass,Spark,fast,0
shadow nosepass,Rock Blast,charge,0
shadow nosepass,Rock Slide,charge,0
shadow nosepass,Thunderbolt,charge,0
skitty,Feint Attack,fast,0
skitty,Tackle,fast,0
skitty,Dig,charge,0
skitty,Disarming Voice,charge,0
skitty,Wild Charge,charge,0
delcatty,Charm,fast,0
delcatty,Feint Attack,fast,0
delcatty,Zen Headbutt,fast,0
delcatty,Disarming Voice,charge,0
delcatty,Play Rough,charge,0
delcatty,Wild Charge,charge,0
sableye,Feint Attack,fast,0
sableye,Shadow Claw,fast,0
sableye,Foul Play,charge,0
sableye,Power Gem,charge,0
sableye,Shadow Sneak,charge,0
sableye,Dazzling Gleam,charge,0
sableye,Drain Punch,charge,0
mega sableye,Feint Attack,fast,0
mega sableye,Shadow Claw,fast,0
mega sableye,Foul Play,charge,0
mega sableye,Power Gem,charge,0
mega sableye,Shadow Sneak,charge,0
mega sableye,Dazzling Gleam,charge,0
mega sableye,Drain Punch,charge,0
shadow sableye,Feint Attack,fast,0
shadow sableye,Shadow Claw,fast,0
shadow sableye,Foul Play,charge,0
shadow sableye,Power Gem,charge,0
shadow sableye,Shadow Sneak,charge,0
shadow sableye,Dazzling Gleam,charge,0
shadow sableye,Drain Punch,charge,0
mawile,Astonish,fast,0
mawile,Bite,fast,0
mawile,Fire Fang,fast,0
mawile,Ice Fang,fast,0
mawile,Fairy Wind,fast,0
mawile,Iron Head,charge,0
mawile,Play Rough,charge,0
mawile,Vise Grip,charge,0
mawile,Power-Up Punch,charge,0
mega mawile,Astonish,fast,0
mega mawile,Bite,fast,0
mega mawile,Fire Fang,fast,0
mega mawile,Ice Fang,fast,0
mega mawile,Fairy Wind,fast,0
mega mawile,Iron Head,charge,0
mega mawile,Play Rough,charge,0
mega mawile,Vise Grip,charge,0
mega mawile,Power-Up Punch,charge,0
shadow mawile,Astonish,fast,0
shadow mawile,Bite,fast,0
shadow mawile,Fire Fang,fast,0
shadow mawile,Ice Fang,fast,0
shadow mawile,Fairy Wind,fast,0
shadow mawile,Iron Head,charge,0
shadow mawile,Play Rough,charge,0
shadow mawile,Vise Grip,charge,0
shadow mawile,Power-Up Punch,charge,0
aron,Metal Claw,fast,0
aron,Tackle,fast,0
aron,Metal Sound,fast,0
aron,Body Slam,charge,0
aron,Iron Head,charge,0
aron,Rock Tomb,charge,0
shadow aron,Metal Claw,fast,0
shadow aron,Tackle,fast,0
shadow aron,Metal Sound,fast,0
shadow aron,Body Slam,charge,0
shadow aron,Iron Head,charge,0
shadow aron,Rock Tomb,charge,0
lairon,Iron Tail,fast,0
lairon,Metal Claw,fast,0
lairon,Metal Sound,fast,0
lairon,Body Slam,charge,0
lairon,Heavy Slam,charge,0
lairon,Rock Slide,charge,0
lairon,Rock Tomb,charge,0
shadow lairon,Iron Tail,fast,0
shadow lairon,Metal Claw,fast,0
shadow lairon,Metal Sound,fast,0
shadow lairon,Body Slam,charge,0
shadow lairon,Heavy Slam,charge,0
shadow lairon,Rock Slide,charge,0
shadow lairon,Rock Tomb,charge,0
aggron,Dragon Tail,fast,0
aggron,Iron Tail,fast,0
aggron,Smack Down,fast,0
aggron,Metal Sound,fast,0
aggron,Heavy Slam,charge,0
aggron,Stone Edge,charge,0
aggron,Thunder,charge,0
aggron,Rock Tomb,charge,0
aggron,Meteor Beam,charge,0
mega aggron,Dragon Tail,fast,0
mega aggron,Iron Tail,fast,0
mega aggron,Smack Down,fast,0
mega aggron,Metal Sound,fast,0
mega aggron,Heavy Slam,charge,0
mega aggron,Stone Edge,charge,0
mega aggron,Thunder,charge,0
mega aggron,Rock Tomb,charge,0
mega aggron,Meteor Beam,charge,0
shadow aggron,Dragon Tail,fast,0
shadow aggron,Iron Tail,fast,0
shadow aggron,Smack Down,fast,0
shadow aggron,Metal Sound,fast,0
shadow aggron,Heavy Slam,charge,0
shadow aggron,Stone Edge,charge,0
shadow aggron,Thunder,charge,0
shadow aggron,Rock Tomb,charge,0
shadow aggron,Meteor Beam,charge,0
meditite,Confusion,fast,0
meditite,Rock Smash,fast,0
meditite,Ice Punch,charge,0
meditite,Low Sweep,charge,0
meditite,Psyshock,charge,0
medicham,Counter,fast,0
medicham,Psycho Cut,fast,0
medicham,Dynamic Punch,charge,0
medicham,Ice Punch,charge,0
medicham,Psychic,charge,0
medicham,Power-Up Punch,charge,0
mega medicham,Counter,fast,0
mega medicham,Psycho Cut,fast,0
mega medicham,Dynamic Punch,charge,0
mega medicham,Ice Punch,charge,0
mega medicham,Psychic,charge,0
mega medicham,Power-Up Punch,charge,0
electrike,Quick Attack,fast,0
electrike,Spark,fast,0
electrike,Discharge,charge,0
electrike,Swift,charge,0
electrike,Thunderbolt,charge,0
shadow electrike,Quick Attack,fast,0
shadow electrike,Spark,fast,0
shadow electrike,Discharge,charge,0
shadow electrike,Swift,charge,0
shadow electrike,Thunderbolt,charge,0
manectric,Charge Beam,fast,0
manectric,Snarl,fast,0
manectric,Thunder Fang,fast,0
manectric,Flame Burst,charge,0
manectric,Thunder,charge,0
manectric,Wild Charge,charge,0
manectric,Overheat,charge,0
manectric,Psychic Fangs,charge,0
mega manectric,Charge Beam,fast,0
mega manectric,Snarl,fast,0
mega manectric,Thunder Fang,fast,0
mega manectric,Flame Burst,charge,0
mega manectric,Thunder,charge,0
mega manectric,Wild Charge,charge,0
mega manectric,Overheat,charge,0
mega manectric,Psychic Fangs,charge,0
shadow manectric,Charge Beam,fast,0
shadow manectric,Snarl,fast,0
shadow manectric,Thunder Fang,fast,0
shadow manectric,Flame Burst,charge,0
shadow manectric,Thunder,charge,0
shadow manectric,Wild Charge,charge,0
shadow manectric,Overheat,charge,0
shadow manectric,Psychic Fangs,charge,0
plusle,Quick Attack,fast,0
plusle,Spark,fast,0
plusle,Discharge,charge,0
plusle,Swift,charge,0
plusle,Thunderbolt,charge,0
plusle,Grass Knot,charge,0
minun,Quick Attack,fast,0
minun,Spark,fast,0
minun,Discharge,charge,0
minun,Swift,charge,0
minun,Thunderbolt,charge,0
minun,Grass Knot,charge,0
volbeat,Struggle Bug,fast,0
volbeat,Tackle,fast,0
volbeat,Bug Buzz,charge,0
volbeat,Signal Beam,charge,0
volbeat,Thunderbolt,charge,0
illumise,Struggle Bug,fast,0
illumise,Tackle,fast,0
illumise,Bug Buzz,charge,0
illumise,Dazzling Gleam,charge,0
illumise,Silver Wind,charge,0
roselia,Poison Jab,fast,0
roselia,Razor Leaf,fast,0
roselia,Magical Leaf,fast,0
roselia,Dazzling Gleam,charge,0
roselia,Petal Blizzard,charge,0
roselia,Sludge Bomb,charge,0
gulpin,Pound,fast,0
gulpin,Rock Smash,fast,0
gulpin,Gunk Shot,charge,0
gulpin,Ice Beam,charge,0
gulpin,Sludge,charge,0
swalot,Infestation,fast,0
swalot,Rock Smash,fast,0
swalot,Mud Shot,fast,0
swalot,Gunk Shot,charge,0
swalot,Ice Beam,charge,0
swalot,Sludge Bomb,charge,0
swalot,Acid Spray,charge,0
swalot,Sludge,charge,0
carvanha,Bite,fast,0
carvanha,Snarl,fast,0
carvanha,Aqua Jet,charge,0
carvanha,Crunch,charge,0
carvanha,Poison Fang,charge,0
shadow carvanha,Bite,fast,0
shadow carvanha,Snarl,fast,0
shadow carvanha,Aqua Jet,charge,0
shadow carvanha,Crunch,charge,0
shadow carvanha,Poison Fang,charge,0
sharpedo,Bite,fast,0
sharpedo,Waterfall,fast,0
sharpedo,Crunch,charge,0
sharpedo,Hydro Pump,charge,0
sharpedo,Poison Fang,charge,0
mega sharpedo,Bite,fast,0
mega sharpedo,Waterfall,fast,0
mega sharpedo,Crunch,charge,0
mega sharpedo,Hydro Pump,charge,0
mega sharpedo,Poison Fang,charge,0
shadow sharpedo,Bite,fast,0
shadow sharpedo,Waterfall,fast,0
shadow sharpedo,Crunch,charge,0
shadow sharpedo,Hydro Pump,charge,0
shadow sharpedo,Poison Fang,charge,0
wailmer,Splash,fast,0
wailmer,Water Gun,fast,0
wailmer,Rollout,fast,0
wailmer,Body Slam,charge,0
wailmer,Heavy Slam,charge,0
wailmer,Water Pulse,charge,0
wailmer,Scald,charge,0
shadow wailmer,Splash,fast,0
shadow wailmer,Water Gun,fast,0
shadow wailmer,Rollout,fast,0
shadow wailmer,Body Slam,charge,0
shadow wailmer,Heavy Slam,charge,0
shadow wailmer,Water Pulse,charge,0
shadow wailmer,Scald,charge,0
wailord,Water Gun,fast,0
wailord,Zen Headbutt,fast,0
wailord,Rollout,fast,0
wailord,Blizzard,charge,0
wailord,Hyper Beam,charge,0
wailord,Surf,charge,0
wailord,Scald,charge,0
shadow wailord,Water Gun,fast,0
shadow wailord,Zen Headbutt,fast,0
shadow wailord,Rollout,fast,0
shadow wailord,Blizzard,charge,0
shadow wailord,Hyper Beam,charge,0
shadow wailord,Surf,charge,0
shadow wailord,Scald,charge,0
numel,Ember,fast,0
numel,Tackle,fast,0
numel,Bulldoze,charge,0
numel,Heat Wave,charge,0
numel,Stomp,charge,0
shadow numel,Ember,fast,0
shadow numel,Tackle,fast,0
shadow numel,Bulldoze,charge,0
shadow numel,Heat Wave,charge,0
shadow numel,Stomp,charge,0
camerupt,Ember,fast,0
camerupt,Rock Smash,fast,0
camerupt,Incinerate,fast,0
camerupt,Earthquake,charge,0
camerupt,Overheat,charge,0
camerupt,Solar Beam,charge,0
camerupt,Earth Power,charge,0
camerupt,Scorching Sands,charge,0
camerupt,Rock Tomb,charge,0
mega camerupt,Ember,fast,0
mega camerupt,Rock Smash,fast,0
mega camerupt,Incinerate,fast,0
mega camerupt,Earthquake,charge,0
mega camerupt,Overheat,charge,0
mega camerupt,Solar Beam,charge,0
mega camerupt,Earth Power,charge,0
mega camerupt,Scorching Sands,charge,0
mega camerupt,Rock Tomb,charge,0
shadow camerupt,Ember,fast,0
shadow camerupt,Rock Smash,fast,0
shadow camerupt,Incinerate,fast,0
shadow camerupt,Earthquake,charge,0
shadow camerupt,Overheat,charge,0
shadow camerupt,Solar Beam,charge,0
shadow camerupt,Earth Power,charge,0
shadow camerupt,Scorching Sands,charge,0
shadow camerupt,Rock Tomb,charge,0
torkoal,Ember,fast,0
torkoal,Fire Spin,fast,0
torkoal,Earthquake,charge,0
torkoal,Overheat,charge,0
torkoal,Solar Beam,charge,0
torkoal,Flame Wheel,charge,0
spoink,Splash,fast,0
spoink,Zen Headbutt,fast,0
spoink,Mirror Coat,charge,0
spoink,Psybeam,charge,0
spoink,Shadow Ball,charge,0
shadow spoink,Splash,fast,0
shadow spoink,Zen Headbutt,fast,0
shadow spoink,Mirror Coat,charge,0
shadow spoink,Psybeam,charge,0
shadow spoink,Shadow Ball,charge,0
grumpig,Charge Beam,fast,0
grumpig,Extrasensory,fast,0
grumpig,Psywave,fast,0
grumpig,Mirror Coat,charge,0
grumpig,Psychic,charge,0
grumpig,Shadow Ball,charge,0
grumpig,Dynamic Punch,charge,0
shadow grumpig,Charge Beam,fast,0
shadow grumpig,Extrasensory,fast,0
shadow grumpig,Psywave,fast,0
shadow grumpig,Mirror Coat,charge,0
shadow grumpig,Psychic,charge,0
shadow grumpig,Shadow Ball,charge,0
shadow grumpig,Dynamic Punch,charge,0
spinda,Psycho Cut,fast,0
spinda,Sucker Punch,fast,0
spinda,Dig,charge,0
spinda,Icy Wind,charge,0
spinda,Rock Tomb,charge,0
trapinch,Mud Shot,fast,0
trapinch,Struggle Bug,fast,0
trapinch,Sand Attack,fast,0
trapinch,Crunch,charge,0
trapinch,Dig,charge,0
trapinch,Sand Tomb,charge,0
trapinch,Scorching Sands,charge,0
shadow trapinch,Mud Shot,fast,0
shadow trapinch,Struggle Bug,fast,0
shadow trapinch,Sand Attack,fast,0
shadow trapinch,Crunch,charge,0
shadow trapinch,Dig,charge,0
shadow trapinch,Sand Tomb,charge,0
shadow trapinch,Scorching Sands,charge,0
vibrava,Dragon Breath,fast,0
vibrava,Mud Shot,fast,0
vibrava,Sand Attack,fast,0
vibrava,Bug Buzz,charge,0
vibrava,Bulldoze,charge,0
vibrava,Sand Tomb,charge,0
vibrava,Scorching Sands,charge,0
shadow vibrava,Dragon Breath,fast,0
shadow vibrava,Mud Shot,fast,0
shadow vibrava,Sand Attack,fast,0
shadow vibrava,Bug Buzz,charge,0
shadow vibrava,Bulldoze,charge,0
shadow vibrava,Sand Tomb,charge,0
shadow vibrava,Scorching Sands,charge,0
flygon,Dragon Tail,fast,0
flygon,Mud Shot,fast,0
flygon,Sand Attack,fast,0
flygon,Dragon Claw,charge,0
flygon,Earthquake,charge,0
flygon,Stone Edge,charge,0
flygon,Earth Power,charge,1
flygon,Boomburst,charge,0
flygon,Scorching Sands,charge,0
flygon,Sand Tomb,charge,0
flygon,Twister,charge,0
shadow flygon,Dragon Tail,fast,0
shadow flygon,Mud Shot,fast,0
shadow flygon,Sand Attack,fast,0
shadow flygon,Dragon Claw,charge,0
shadow flygon,Earthquake,charge,0
shadow flygon,Stone Edge,charge,0
shadow flygon,Earth Power,charge,1
shadow flygon,Boomburst,charge,0
shadow flygon,Scorching Sands,charge,0
shadow flygon,Sand Tomb,charge,0
shadow flygon,Twister,charge,0
cacnea,Poison Sting,fast,0
cacnea,Sucker Punch,fast,0
cacnea,Sand Attack,fast,0
cacnea,Brick Break,charge,0
cacnea,Grass Knot,charge,0
cacnea,Seed Bomb,charge,0
cacnea,Payback,charge,0
cacnea,Trailblaze,charge,0
shadow cacnea,Poison Sting,fast,0
shadow cacnea,Sucker Punch,fast,0
shadow cacnea,Sand Attack,fast,0
shadow cacnea,Brick Break,charge,0
shadow cacnea,Grass Knot,charge,0
shadow cacnea,Seed Bomb,charge,0
shadow cacnea,Payback,charge,0
shadow cacnea,Trailblaze,charge,0
cacturne,Poison Jab,fast,0
cacturne,Sucker Punch,fast,0
cacturne,Sand Attack,fast,0
cacturne,Dark Pulse,charge,0
cacturne,Dynamic Punch,charge,0
cacturne,Grass Knot,charge,0
cacturne,Payback,charge,0
cacturne,Trailblaze,charge,0
shadow cacturne,Poison Jab,fast,0
shadow cacturne,Sucker Punch,fast,0
shadow cacturne,Sand Attack,fast,0
shadow cacturne,Dark Pulse,charge,0
shadow cacturne,Dynamic Punch,charge,0
shadow cacturne,Grass Knot,charge,0
shadow cacturne,Payback,charge,0
shadow cacturne,Trailblaze,charge,0
swablu,Astonish,fast,0
swablu,Peck,fast,0
swablu,Aerial Ace,charge,0
swablu,Disarming Voice,charge,0
swablu,Ice Beam,charge,0
shadow swablu,Astonish,fast,0
shadow swablu,Peck,fast,0
shadow swablu,Aerial Ace,charge,0
shadow swablu,Disarming Voice,charge,0
shadow swablu,Ice Beam,charge,0
altaria,Dragon Breath,fast,0
altaria,Peck,fast,0
altaria,Dazzling Gleam,charge,0
altaria,Dragon Pulse,charge,0
altaria,Sky Attack,charge,0
altaria,Moonblast,charge,1
altaria,Flamethrower,charge,0
mega altaria,Dragon Breath,fast,0
mega altaria,Peck,fast,0
mega altaria,Dazzling Gleam,charge,0
mega altaria,Dragon Pulse,charge,0
mega altaria,Sky Attack,charge,0
mega altaria,Moonblast,charge,0
mega altaria,Flamethrower,charge,0
shadow altaria,Dragon Breath,fast,0
shadow altaria,Peck,fast,0
shadow altaria,Dazzling Gleam,charge,0
shadow altaria,Dragon Pulse,charge,0
shadow altaria,Sky Attack,charge,0
shadow altaria,Moonblast,charge,0
shadow altaria,Flamethrower,charge,0
zangoose,Fury Cutter,fast,0
zangoose,Shadow Claw,fast,0
zangoose,Close Combat,charge,0
zangoose,Dig,charge,0
zangoose,Night Slash,charge,0
seviper,Iron Tail,fast,0
seviper,Poison Jab,fast,0
seviper,Crunch,charge,0
seviper,Poison Fang,charge,0
seviper,Wrap,charge,0
lunatone,Confusion,fast,0
lunatone,Rock Throw,fast,0
lunatone,Psywave,fast,0
lunatone,Moonblast,charge,0
lunatone,Psychic,charge,0
lunatone,Rock Slide,charge,0
lunatone,Weather Ball (Ice),charge,0
solrock,Confusion,fast,0
solrock,Rock Throw,fast,0
solrock,Psywave,fast,0
solrock,Psychic,charge,0
solrock,Rock Slide,charge,0
solrock,Solar Beam,charge,0
solrock,Weather Ball (Fire),charge,0
barboach,Mud Shot,fast,0
barboach,Water Gun,fast,0
barboach,Aqua Tail,charge,0
barboach,Ice Beam,charge,0
barboach,Mud Bomb,charge,0
barboach,Scald,charge,0
shadow barboach,Mud Shot,fast,0
shadow barboach,Water Gun,fast,0
shadow barboach,Aqua Tail,charge,0
shadow barboach,Ice Beam,charge,0
shadow barboach,Mud Bomb,charge,0
shadow barboach,Scald,charge,0
whiscash,Mud Shot,fast,0
whiscash,Water Gun,fast,0
whiscash,Blizzard,charge,0
whiscash,Mud Bomb,charge,0
whiscash,Water Pulse,charge,0
whiscash,Scald,charge,0
shadow whiscash,Mud Shot,fast,0
shadow whiscash,Water Gun,fast,0
shadow whiscash,Blizzard,charge,0
shadow whiscash,Mud Bomb,charge,0
shadow whiscash,Water Pulse,charge,0
shadow whiscash,Scald,charge,0
corphish,Bubble,fast,0
corphish,Rock Smash,fast,0
corphish,Aqua Jet,charge,0
corphish,Bubble Beam,charge,0
corphish,Vise Grip,charge,0
corphish,Razor Shell,charge,0
corphish,Scald,charge,0
shadow corphish,Bubble,fast,0
shadow corphish,Rock Smash,fast,0
shadow corphish,Aqua Jet,charge,0
shadow corphish,Bubble Beam,charge,0
shadow corphish,Vise Grip,charge,0
shadow corphish,Razor Shell,charge,0
shadow corphish,Scald,charge,0
crawdaunt,Snarl,fast,0
crawdaunt,Waterfall,fast,0
crawdaunt,Bubble Beam,charge,0
crawdaunt,Night Slash,charge,0
crawdaunt,Vise Grip,charge,0
crawdaunt,Crabhammer,charge,0
crawdaunt,Razor Shell,charge,0
crawdaunt,Scald,charge,0
shadow crawdaunt,Snarl,fast,0
shadow crawdaunt,Waterfall,fast,0
shadow crawdaunt,Bubble Beam,charge,0
shadow crawdaunt,Night Slash,charge,0
shadow crawdaunt,Vise Grip,charge,0
shadow crawdaunt,Crabhammer,charge,0
shadow crawdaunt,Razor Shell,charge,0
shadow crawdaunt,Scald,charge,0
baltoy,Confusion,fast,0
baltoy,Extrasensory,fast,0
baltoy,Dig,charge,0
baltoy,Gyro Ball,charge,0
baltoy,Psybeam,charge,0
shadow baltoy,Confusion,fast,0
shadow baltoy,Extrasensory,fast,0
shadow baltoy,Dig,charge,0
shadow baltoy,Gyro Ball,charge,0
shadow baltoy,Psybeam,charge,0
claydol,Confusion,fast,0
claydol,Extrasensory,fast,0
claydol,Mud Slap,fast,0
claydol,Earthquake,charge,0
claydol,Gyro Ball,charge,0
claydol,Psychic,charge,0
claydol,Earth Power,charge,0
claydol,Ice Beam,charge,0
claydol,Shadow Ball,charge,0
claydol,Rock Tomb,charge,0
claydol,Scorching Sands,charge,0
shadow claydol,Confusion,fast,0
shadow claydol,Extrasensory,fast,0
shadow claydol,Mud Slap,fast,0
shadow claydol,Earthquake,charge,0
shadow claydol,Gyro Ball,charge,0
shadow claydol,Psychic,charge,0
shadow claydol,Earth Power,charge,0
shadow claydol,Ice Beam,charge,0
shadow claydol,Shadow Ball,charge,0
shadow claydol,Rock Tomb,charge,0
shadow claydol,Scorching Sands,charge,0
lileep,Acid,fast,0
lileep,Infestation,fast,0
lileep,Bullet Seed,fast,0
lileep,Ancient Power,charge,0
lileep,Grass Knot,charge,0
lileep,Mirror Coat,charge,0
shadow lileep,Acid,fast,0
shadow lileep,Infestation,fast,0
shadow lileep,Bullet Seed,fast,0
shadow lileep,Ancient Power,charge,0
shadow lileep,Grass Knot,charge,0
shadow lileep,Mirror Coat,charge,0
cradily,Acid,fast,0
cradily,Infestation,fast,0
cradily,Bullet Seed,fast,0
cradily,Bulldoze,charge,0
cradily,Grass Knot,charge,0
cradily,Stone Edge,charge,0
cradily,Rock Slide,charge,0
cradily,Rock Tomb,charge,0
cradily b,Acid,fast,0
cradily b,Infestation,fast,0
cradily b,Bullet Seed,fast,0
cradily b,Bulldoze,charge,0
cradily b,Grass Knot,charge,0
cradily b,Stone Edge,charge,0
cradily b,Rock Slide,charge,0
cradily b,Rock Tomb,charge,0
shadow cradily,Acid,fast,0
shadow cradily,Infestation,fast,0
shadow cradily,Bullet Seed,fast,0
shadow cradily,Bulldoze,charge,0
shadow cradily,Grass Knot,charge,0
shadow cradily,Stone Edge,charge,0
shadow cradily,Rock Slide,charge,0
shadow cradily,Rock Tomb,charge,0
anorith,Scratch,fast,0
anorith,Struggle Bug,fast,0
anorith,Ancient Power,charge,0
anorith,Aqua Jet,charge,0
anorith,Cross Poison,charge,0
shadow anorith,Scratch,fast,0
shadow anorith,Struggle Bug,fast,0
shadow anorith,Ancient Power,charge,0
shadow anorith,Aqua Jet,charge,0
shadow anorith,Cross Poison,charge,0
armaldo,Fury Cutter,fast,0
armaldo,Struggle Bug,fast,0
armaldo,Cross Poison,charge,0
armaldo,Rock Blast,charge,0
armaldo,Water Pulse,charge,0
armaldo,Liquidation,charge,0
shadow armaldo,Fury Cutter,fast,0
shadow armaldo,Struggle Bug,fast,0
shadow armaldo,Cross Poison,charge,0
shadow armaldo,Rock Blast,charge,0
shadow armaldo,Water Pulse,charge,0
shadow armaldo,Liquidation,charge,0
feebas,Splash,fast,0
feebas,Tackle,fast,0
feebas,Mirror Coat,charge,0
shadow feebas,Splash,fast,0
shadow feebas,Tackle,fast,0
shadow feebas,Mirror Coat,charge,0
milotic,Dragon Tail,fast,0
milotic,Waterfall,fast,0
milotic,Blizzard,charge,0
milotic,Hyper Beam,charge,0
milotic,Surf,charge,0
milotic,Wrap,charge,0
milotic,Aqua Tail,charge,0
shadow milotic,Dragon Tail,fast,0
shadow milotic,Waterfall,fast,0
shadow milotic,Blizzard,charge,0
shadow milotic,Hyper Beam,charge,0
shadow milotic,Surf,charge,0
shadow milotic,Wrap,charge,0
shadow milotic,Aqua Tail,charge,0
castform,Hex,fast,0
castform,Tackle,fast,0
castform,Energy Ball,charge,0
castform,Hurricane,charge,0
castform rainy,Tackle,fast,0
castform rainy,Water Gun,fast,0
castform rainy,Hydro Pump,charge,0
castform rainy,Thunder,charge,0
castform rainy,Weather Ball (Water),charge,0
castform snowy,Powder Snow,fast,0
castform snowy,Tackle,fast,0
castform snowy,Blizzard,charge,0
castform snowy,Ice Beam,charge,0
castform snowy,Weather Ball (Ice),charge,0
castform sunny,Ember,fast,0
castform sunny,Tackle,fast,0
castform sunny,Fire Blast,charge,0
castform sunny,Solar Beam,charge,0
castform sunny,Weather Ball (Fire),charge,0
kecleon,Lick,fast,0
kecleon,Sucker Punch,fast,0
kecleon,Aerial Ace,charge,0
kecleon,Flamethrower,charge,0
kecleon,Foul Play,charge,0
kecleon,Ice Beam,charge,0
kecleon,Shadow Sneak,charge,0
kecleon,Thunder,charge,0
kecleon,Thunder Punch,charge,0
kecleon,Dynamic Punch,charge,0
shuppet,Astonish,fast,0
shuppet,Feint Attack,fast,0
shuppet,Night Shade,charge,0
shuppet,Ominous Wind,charge,0
shuppet,Shadow Sneak,charge,0
shadow shuppet,Astonish,fast,0
shadow shuppet,Feint Attack,fast,0
shadow shuppet,Night Shade,charge,0
shadow shuppet,Ominous Wind,charge,0
shadow shuppet,Shadow Sneak,charge,0
banette,Hex,fast,0
banette,Shadow Claw,fast,0
banette,Dazzling Gleam,charge,0
banette,Shadow Ball,charge,0
banette,Thunder,charge,0
mega banette,Hex,fast,0
mega banette,Shadow Claw,fast,0
mega banette,Dazzling Gleam,charge,0
mega banette,Shadow Ball,charge,0
mega banette,Thunder,charge,0
shadow banette,Hex,fast,0
shadow banette,Shadow Claw,fast,0
shadow banette,Dazzling Gleam,charge,0
shadow banette,Shadow Ball,charge,0
shadow banette,Thunder,charge,0
duskull,Astonish,fast,0
duskull,Hex,fast,0
duskull,Night Shade,charge,0
duskull,Ominous Wind,charge,0
duskull,Shadow Sneak,charge,0
shadow duskull,Astonish,fast,0
shadow duskull,Hex,fast,0
shadow duskull,Night Shade,charge,0
shadow duskull,Ominous Wind,charge,0
shadow duskull,Shadow Sneak,charge,0
dusclops,Feint Attack,fast,0
dusclops,Hex,fast,0
dusclops,Fire Punch,charge,0
dusclops,Ice Punch,charge,0
dusclops,Shadow Punch,charge,0
dusclops,Poltergeist,charge,0
shadow dusclops,Feint Attack,fast,0
shadow dusclops,Hex,fast,0
shadow dusclops,Fire Punch,charge,0
shadow dusclops,Ice Punch,charge,0
shadow dusclops,Shadow Punch,charge,0
shadow dusclops,Poltergeist,charge,0
tropius,Air Slash,fast,0
tropius,Razor Leaf,fast,0
tropius,Aerial Ace,charge,0
tropius,Leaf Blade,charge,0
tropius,Stomp,charge,0
tropius,Brutal Swing,charge,0
chimecho,Astonish,fast,0
chimecho,Extrasensory,fast,0
chimecho,Energy Ball,charge,0
chimecho,Psyshock,charge,0
chimecho,Shadow Ball,charge,0
absol,Psycho Cut,fast,0
absol,Snarl,fast,0
absol,Dark Pulse,charge,0
absol,Megahorn,charge,0
absol,Thunder,charge,0
absol,Payback,charge,0
absol,Brutal Swing,charge,1
mega absol,Psycho Cut,fast,0
mega absol,Snarl,fast,0
mega absol,Dark Pulse,charge,0
mega absol,Megahorn,charge,0
mega absol,Thunder,charge,0
mega absol,Payback,charge,0
mega absol,Brutal Swing,charge,0
shadow absol,Psycho Cut,fast,0
shadow absol,Snarl,fast,0
shadow absol,Dark Pulse,charge,0
shadow absol,Megahorn,charge,0
shadow absol,Thunder,charge,0
shadow absol,Payback,charge,0
shadow absol,Brutal Swing,charge,0
wynaut,Counter,fast,0
wynaut,Splash,fast,0
wynaut,Mirror Coat,charge,0
snorunt,Hex,fast,0
snorunt,Powder Snow,fast,0
snorunt,Avalanche,charge,0
snorunt,Icy Wind,charge,0
snorunt,Shadow Ball,charge,0
shadow snorunt,Hex,fast,0
shadow snorunt,Powder Snow,fast,0
shadow snorunt,Avalanche,charge,0
shadow snorunt,Icy Wind,charge,0
shadow snorunt,Shadow Ball,charge,0
glalie,Frost Breath,fast,0
glalie,Ice Shard,fast,0
glalie,Rollout,fast,0
glalie,Powder Snow,fast,0
glalie,Avalanche,charge,0
glalie,Gyro Ball,charge,0
glalie,Shadow Ball,charge,0
mega glalie,Frost Breath,fast,0
mega glalie,Ice Shard,fast,0
mega glalie,Rollout,fast,0
mega glalie,Powder Snow,fast,0
mega glalie,Avalanche,charge,0
mega glalie,Gyro Ball,charge,0
mega glalie,Shadow Ball,charge,0
shadow glalie,Frost Breath,fast,0
shadow glalie,Ice Shard,fast,0
shadow glalie,Rollout,fast,0
shadow glalie,Powder Snow,fast,0
shadow glalie,Avalanche,charge,0
shadow glalie,Gyro Ball,charge,0
shadow glalie,Shadow Ball,charge,0
spheal,Rock Smash,fast,0
spheal,Water Gun,fast,0
spheal,Aurora Beam,charge,0
spheal,Body Slam,charge,0
spheal,Water Pulse,charge,0
shadow spheal,Rock Smash,fast,0
shadow spheal,Water Gun,fast,0
shadow spheal,Aurora Beam,charge,0
shadow spheal,Body Slam,charge,0
shadow spheal,Water Pulse,charge,0
sealeo,Powder Snow,fast,0
sealeo,Water Gun,fast,0
sealeo,Aurora Beam,charge,0
sealeo,Body Slam,charge,0
sealeo,Water Pulse,charge,0
sealeo,Surf,charge,0
shadow sealeo,Powder Snow,fast,0
shadow sealeo,Water Gun,fast,0
shadow sealeo,Aurora Beam,charge,0
shadow sealeo,Body Slam,charge,0
shadow sealeo,Water Pulse,charge,0
shadow sealeo,Surf,charge,0
walrein,Frost Breath,fast,0
walrein,Waterfall,fast,0
walrein,Powder Snow,fast,1
walrein,Blizzard,charge,0
walrein,Earthquake,charge,0
walrein,Water Pulse,charge,0
walrein,Icicle Spear,charge,1
shadow walrein,Frost Breath,fast,0
shadow walrein,Waterfall,fast,0
shadow walrein,Powder Snow,fast,0
shadow walrein,Blizzard,charge,0
shadow walrein,Earthquake,charge,0
shadow walrein,Water Pulse,charge,0
shadow walrein,Icicle Spear,charge,0
clamperl,Water Gun,fast,0
clamperl,Body Slam,charge,0
clamperl,Ice Beam,charge,0
clamperl,Water Pulse,charge,0
huntail,Bite,fast,0
huntail,Water Gun,fast,0
huntail,Aqua Tail,charge,0
huntail,Crunch,charge,0
huntail,Ice Beam,charge,0
gorebyss,Confusion,fast,0
gorebyss,Water Gun,fast,0
gorebyss,Draining Kiss,charge,0
gorebyss,Psychic,charge,0
gorebyss,Water Pulse,charge,0
relicanth,Water Gun,fast,0
relicanth,Zen Headbutt,fast,0
relicanth,Ancient Power,charge,0
relicanth,Aqua Tail,charge,0
relicanth,Hydro Pump,charge,0
luvdisc,Splash,fast,0
luvdisc,Water Gun,fast,0
luvdisc,Aqua Jet,charge,0
luvdisc,Draining Kiss,charge,0
luvdisc,Water Pulse,charge,0
bagon,Bite,fast,0
bagon,Ember,fast,0
bagon,Crunch,charge,0
bagon,Flamethrower,charge,0
bagon,Twister,charge,0
shadow bagon,Bite,fast,0
shadow bagon,Ember,fast,0
shadow bagon,Crunch,charge,0
shadow bagon,Flamethrower,charge,0
shadow bagon,Twister,charge,0
shelgon,Dragon Breath,fast,0
shelgon,Ember,fast,0
shelgon,Dragon Pulse,charge,0
shelgon,Flamethrower,charge,0
shelgon,Twister,charge,0
shelgon,Crunch,charge,0
shadow shelgon,Dragon Breath,fast,0
shadow shelgon,Ember,fast,0
shadow shelgon,Dragon Pulse,charge,0
shadow shelgon,Flamethrower,charge,0
shadow shelgon,Twister,charge,0
shadow shelgon,Crunch,charge,0
salamence,Bite,fast,0
salamence,Dragon Tail,fast,0
salamence,Fire Fang,fast,0
salamence,Draco Meteor,charge,0
salamence,Fire Blast,charge,0
salamence,Hydro Pump,charge,0
salamence,Outrage,charge,1
salamence,Fly,charge,0
salamence,Brutal Swing,charge,0
salamence,Crunch,charge,0
mega salamence,Bite,fast,0
mega salamence,Dragon Tail,fast,0
mega salamence,Fire Fang,fast,0
mega salamence,Draco Meteor,charge,0
mega salamence,Fire Blast,charge,0
mega salamence,Hydro Pump,charge,0
mega salamence,Outrage,charge,0
mega salamence,Fly,charge,0
mega salamence,Brutal Swing,charge,0
mega salamence,Crunch,charge,0
shadow salamence,Bite,fast,0
shadow salamence,Dragon Tail,fast,0
shadow salamence,Fire Fang,fast,0
shadow salamence,Draco Meteor,charge,0
shadow salamence,Fire Blast,charge,0
shadow salamence,Hydro Pump,charge,0
shadow salamence,Outrage,charge,0
shadow salamence,Fly,charge,0
shadow salamence,Brutal Swing,charge,0
shadow salamence,Crunch,charge,0
beldum,Take Down,fast,0
beldum,Iron Head,charge,0
shadow beldum,Take Down,fast,0
shadow beldum,Iron Head,charge,0
metang,Metal Claw,fast,0
metang,Zen Headbutt,fast,0
metang,Fury Cutter,fast,0
metang,Gyro Ball,charge,0
metang,Psychic,charge,0
metang,Psyshock,charge,0
shadow metang,Metal Claw,fast,0
shadow metang,Zen Headbutt,fast,0
shadow metang,Fury Cutter,fast,0
shadow metang,Gyro Ball,charge,0
shadow metang,Psychic,charge,0
shadow metang,Psyshock,charge,0
metagross,Bullet Punch,fast,0
metagross,Zen Headbutt,fast,0
metagross,Fury Cutter,fast,0
metagross,Shadow Claw,fast,0
metagross,Earthquake,charge,0
metagross,Flash Cannon,charge,0
metagross,Meteor Mash,charge,1
metagross,Psychic,charge,0
mega metagross,Bullet Punch,fast,0
mega metagross,Zen Headbutt,fast,0
mega metagross,Fury Cutter,fast,0
mega metagross,Shadow Claw,fast,0
mega metagross,Earthquake,charge,0
mega metagross,Flash Cannon,charge,0
mega metagross,Meteor Mash,charge,1
mega metagross,Psychic,charge,0
shadow metagross,Bullet Punch,fast,0
shadow metagross,Zen Headbutt,fast,0
shadow metagross,Fury Cutter,fast,0
shadow metagross,Shadow Claw,fast,0
shadow metagross,Earthquake,charge,0
shadow metagross,Flash Cannon,charge,0
shadow metagross,Meteor Mash,charge,1
shadow metagross,Psychic,charge,0
regirock,Rock Smash,fast,0
regirock,Rock Throw,fast,0
regirock,Lock On,fast,0
regirock,Focus Blast,charge,0
regirock,Stone Edge,charge,0
regirock,Zap Cannon,charge,0
regirock,Earthquake,charge,1
shadow regirock,Rock Smash,fast,0
shadow regirock,Rock Throw,fast,0
shadow regirock,Lock On,fast,0
shadow regirock,Focus Blast,charge,0
shadow regirock,Stone Edge,charge,0
shadow regirock,Zap Cannon,charge,0
shadow regirock,Earthquake,charge,0
regice,Frost Breath,fast,0
regice,Rock Smash,fast,0
regice,Lock On,fast,0
regice,Blizzard,charge,0
regice,Earthquake,charge,0
regice,Focus Blast,charge,0
regice,Thunder,charge,1
shadow regice,Frost Breath,fast,0
shadow regice,Rock Smash,fast,0
shadow regice,Lock On,fast,0
shadow regice,Blizzard,charge,0
shadow regice,Earthquake,charge,0
shadow regice,Focus Blast,charge,0
shadow regice,Thunder,charge,0
registeel,Metal Claw,fast,0
registeel,Rock Smash,fast,0
registeel,Lock On,fast,0
registeel,Flash Cannon,charge,0
registeel,Focus Blast,charge,0
registeel,Hyper Beam,charge,0
registeel,Zap Cannon,charge,1
shadow registeel,Metal Claw,fast,0
shadow registeel,Rock Smash,fast,0
shadow registeel,Lock On,fast,0
shadow registeel,Flash Cannon,charge,0
shadow registeel,Focus Blast,charge,0
shadow registeel,Hyper Beam,charge,0
shadow registeel,Zap Cannon,charge,0
latias,Dragon Breath,fast,0
latias,Zen Headbutt,fast,0
latias,Charm,fast,0
latias,Outrage,charge,0
latias,Psychic,charge,0
latias,Thunder,charge,0
latias,Mist Ball,charge,1
latias,Aura Sphere,charge,0
mega latias,Dragon Breath,fast,0
mega latias,Zen Headbutt,fast,0
mega latias,Charm,fast,0
mega latias,Outrage,charge,0
mega latias,Psychic,charge,0
mega latias,Thunder,charge,0
mega latias,Mist Ball,charge,0
mega latias,Aura Sphere,charge,0
shadow latias,Dragon Breath,fast,0
shadow latias,Zen Headbutt,fast,0
shadow latias,Charm,fast,0
shadow latias,Outrage,charge,0
shadow latias,Psychic,charge,0
shadow latias,Thunder,charge,0
shadow latias,Mist Ball,charge,0
shadow latias,Aura Sphere,charge,0
latios,Dragon Breath,fast,0
latios,Zen Headbutt,fast,0
latios,Dragon Claw,charge,0
latios,Psychic,charge,0
latios,Solar Beam,charge,0
latios,Luster Purge,charge,1
latios,Aura Sphere,charge,0
mega latios,Dragon Breath,fast,0
mega latios,Zen Headbutt,fast,0
mega latios,Dragon Claw,charge,0
mega latios,Psychic,charge,0
mega latios,Solar Beam,charge,0
mega latios,Luster Purge,charge,0
mega latios,Aura Sphere,charge,0
shadow latios,Dragon Breath,fast,0
shadow latios,Zen Headbutt,fast,0
shadow latios,Dragon Claw,charge,0
shadow latios,Psychic,charge,0
shadow latios,Solar Beam,charge,0
shadow latios,Luster Purge,charge,0
shadow latios,Aura Sphere,charge,0
kyogre,Waterfall,fast,0
kyogre,Blizzard,charge,0
kyogre,Hydro Pump,charge,0
kyogre,Thunder,charge,0
kyogre,Surf,charge,0
kyogre,Origin Pulse,charge,1
kyogre,Avalanche,charge,0
primal kyogre,Waterfall,fast,0
primal kyogre,Blizzard,charge,0
primal kyogre,Hydro Pump,charge,0
primal kyogre,Thunder,charge,0
primal kyogre,Surf,charge,0
primal kyogre,Origin Pulse,charge,0
primal kyogre,Avalanche,charge,0
shadow kyogre,Waterfall,fast,0
shadow kyogre,Blizzard,charge,0
shadow kyogre,Hydro Pump,charge,0
shadow kyogre,Thunder,charge,0
shadow kyogre,Surf,charge,0
shadow kyogre,Origin Pulse,charge,0
shadow kyogre,Avalanche,charge,0
groudon,Dragon Tail,fast,0
groudon,Mud Shot,fast,0
groudon,Earthquake,charge,0
groudon,Fire Blast,charge,0
groudon,Solar Beam,charge,0
groudon,Fire Punch,charge,1
groudon,Precipice Blades,charge,1
primal groudon,Dragon Tail,fast,0
primal groudon,Mud Shot,fast,0
primal groudon,Earthquake,charge,0
primal groudon,Fire Blast,charge,0
primal groudon,Solar Beam,charge,0
primal groudon,Fire Punch,charge,0
primal groudon,Precipice Blades,charge,0
shadow groudon,Dragon Tail,fast,0
shadow groudon,Mud Shot,fast,0
shadow groudon,Earthquake,charge,0
shadow groudon,Fire Blast,charge,0
shadow groudon,Solar Beam,charge,0
shadow groudon,Fire Punch,charge,0
shadow groudon,Precipice Blades,charge,0
rayquaza,Air Slash,fast,0
rayquaza,Dragon Tail,fast,0
rayquaza,Aerial Ace,charge,0
rayquaza,Ancient Power,charge,0
rayquaza,Outrage,charge,0
rayquaza,Hurricane,charge,1
rayquaza,Breaking Swipe,charge,1
rayquaza,Dragon Ascent,charge,1
mega rayquaza,Air Slash,fast,0
mega rayquaza,Dragon Tail,fast,0
mega rayquaza,Aerial Ace,charge,0
mega rayquaza,Ancient Power,charge,0
mega rayquaza,Outrage,charge,0
mega rayquaza,Hurricane,charge,0
mega rayquaza,Breaking Swipe,charge,0
mega rayquaza,Dragon Ascent,charge,1
jirachi,Charge Beam,fast,0
jirachi,Confusion,fast,0
jirachi,Dazzling Gleam,charge,0
jirachi,Doom Desire,charge,0
jirachi,Psychic,charge,0
jirachi,Aura Sphere,charge,0
deoxys,Charge Beam,fast,0
deoxys,Zen Headbutt,fast,0
deoxys,Hyper Beam,charge,0
deoxys,Psycho Boost,charge,0
deoxys,Thunderbolt,charge,0
deoxys attack,Poison Jab,fast,0
deoxys attack,Zen Headbutt,fast,0
deoxys attack,Dark Pulse,charge,0
deoxys attack,Psycho Boost,charge,0
deoxys attack,Zap Cannon,charge,0
deoxys defense,Counter,fast,0
deoxys defense,Zen Headbutt,fast,0
deoxys defense,Psycho Boost,charge,0
deoxys defense,Rock Slide,charge,0
deoxys defense,Thunderbolt,charge,0
deoxys speed,Charge Beam,fast,0
deoxys speed,Zen Headbutt,fast,0
deoxys speed,Psycho Boost,charge,0
deoxys speed,Swift,charge,0
deoxys speed,Thunderbolt,charge,0
turtwig,Razor Leaf,fast,0
turtwig,Tackle,fast,0
turtwig,Body Slam,charge,0
turtwig,Energy Ball,charge,0
turtwig,Seed Bomb,charge,0
shadow turtwig,Razor Leaf,fast,0
shadow turtwig,Tackle,fast,0
shadow turtwig,Body Slam,charge,0
shadow turtwig,Energy Ball,charge,0
shadow turtwig,Seed Bomb,charge,0
grotle,Bite,fast,0
grotle,Razor Leaf,fast,0
grotle,Body Slam,charge,0
grotle,Energy Ball,charge,0
grotle,Solar Beam,charge,0
shadow grotle,Bite,fast,0
shadow grotle,Razor Leaf,fast,0
shadow grotle,Body Slam,charge,0
shadow grotle,Energy Ball,charge,0
shadow grotle,Solar Beam,charge,0
torterra,Bite,fast,0
torterra,Razor Leaf,fast,0
torterra,Mud Slap,fast,0
torterra,Earthquake,charge,0
torterra,Solar Beam,charge,0
torterra,Sand Tomb,charge,0
torterra,Stone Edge,charge,0
torterra,Frenzy Plant,charge,1
shadow torterra,Bite,fast,0
shadow torterra,Razor Leaf,fast,0
shadow torterra,Mud Slap,fast,0
shadow torterra,Earthquake,charge,0
shadow torterra,Solar Beam,charge,0
shadow torterra,Sand Tomb,charge,0
shadow torterra,Stone Edge,charge,0
shadow torterra,Frenzy Plant,charge,1
chimchar,Ember,fast,0
chimchar,Scratch,fast,0
chimchar,Flame Charge,charge,0
chimchar,Flame Wheel,charge,0
chimchar,Flamethrower,charge,0
shadow chimchar,Ember,fast,0
shadow chimchar,Scratch,fast,0
shadow chimchar,Flame Charge,charge,0
shadow chimchar,Flame Wheel,charge,0
shadow chimchar,Flamethrower,charge,0
monferno,Ember,fast,0
monferno,Rock Smash,fast,0
monferno,Flame Wheel,charge,0
monferno,Flamethrower,charge,0
monferno,Low Sweep,charge,0
shadow monferno,Ember,fast,0
shadow monferno,Rock Smash,fast,0
shadow monferno,Flame Wheel,charge,0
shadow monferno,Flamethrower,charge,0
shadow monferno,Low Sweep,charge,0
infernape,Fire Spin,fast,0
infernape,Rock Smash,fast,0
infernape,Close Combat,charge,0
infernape,Flamethrower,charge,0
infernape,Solar Beam,charge,0
infernape,Blast Burn,charge,1
shadow infernape,Fire Spin,fast,0
shadow infernape,Rock Smash,fast,0
shadow infernape,Close Combat,charge,0
shadow infernape,Flamethrower,charge,0
shadow infernape,Solar Beam,charge,0
shadow infernape,Blast Burn,charge,1
piplup,Bubble,fast,0
piplup,Pound,fast,0
piplup,Bubble Beam,charge,0
piplup,Drill Peck,charge,0
piplup,Icy Wind,charge,0
shadow piplup,Bubble,fast,0
shadow piplup,Pound,fast,0
shadow piplup,Bubble Beam,charge,0
shadow piplup,Drill Peck,charge,0
shadow piplup,Icy Wind,charge,0
prinplup,Bubble,fast,0
prinplup,Metal Claw,fast,0
prinplup,Bubble Beam,charge,0
prinplup,Hydro Pump,charge,0
prinplup,Icy Wind,charge,0
shadow prinplup,Bubble,fast,0
shadow prinplup,Metal Claw,fast,0
shadow prinplup,Bubble Beam,charge,0
shadow prinplup,Hydro Pump,charge,0
shadow prinplup,Icy Wind,charge,0
empoleon,Metal Claw,fast,0
empoleon,Waterfall,fast,0
empoleon,Steel Wing,fast,0
empoleon,Metal Sound,fast,0
empoleon,Blizzard,charge,0
empoleon,Flash Cannon,charge,0
empoleon,Hydro Pump,charge,0
empoleon,Hydro Cannon,charge,1
empoleon,Drill Peck,charge,0
shadow empoleon,Metal Claw,fast,0
shadow empoleon,Waterfall,fast,0
shadow empoleon,Steel Wing,fast,0
shadow empoleon,Metal Sound,fast,0
shadow empoleon,Blizzard,charge,0
shadow empoleon,Flash Cannon,charge,0
shadow empoleon,Hydro Pump,charge,0
shadow empoleon,Hydro Cannon,charge,1
shadow empoleon,Drill Peck,charge,0
starly,Quick Attack,fast,0
starly,Tackle,fast,0
starly,Sand Attack,fast,0
starly,Aerial Ace,charge,0
starly,Brave Bird,charge,0
starly,Fly,charge,0
shadow starly,Quick Attack,fast,0
shadow starly,Tackle,fast,0
shadow starly,Sand Attack,fast,0
shadow starly,Aerial Ace,charge,0
shadow starly,Brave Bird,charge,0
shadow starly,Fly,charge,0
staravia,Quick Attack,fast,0
staravia,Wing Attack,fast,0
staravia,Sand Attack,fast,0
staravia,Aerial Ace,charge,0
staravia,Brave Bird,charge,0
staravia,Heat Wave,charge,0
staravia,Fly,charge,0
shadow staravia,Quick Attack,fast,0
shadow staravia,Wing Attack,fast,0
shadow staravia,Sand Attack,fast,0
shadow staravia,Aerial Ace,charge,0
shadow staravia,Brave Bird,charge,0
shadow staravia,Heat Wave,charge,0
shadow staravia,Fly,charge,0
staraptor,Quick Attack,fast,0
staraptor,Wing Attack,fast,0
staraptor,Gust,fast,1
staraptor,Sand Attack,fast,0
staraptor,Brave Bird,charge,0
staraptor,Close Combat,charge,0
staraptor,Heat Wave,charge,0
staraptor,Fly,charge,0
shadow staraptor,Quick Attack,fast,0
shadow staraptor,Wing Attack,fast,0
shadow staraptor,Gust,fast,0
shadow staraptor,Sand Attack,fast,0
shadow staraptor,Brave Bird,charge,0
shadow staraptor,Close Combat,charge,0
shadow staraptor,Heat Wave,charge,0
shadow staraptor,Fly,charge,0
bidoof,Tackle,fast,0
bidoof,Take Down,fast,0
bidoof,Crunch,charge,0
bidoof,Grass Knot,charge,0
bidoof,Hyper Fang,charge,0
bidoof,Ice Beam,charge,1
bidoof,Thunderbolt,charge,1
bidoof,Shadow Ball,charge,1
bidoof,Superpower,charge,1
shadow bidoof,Tackle,fast,0
shadow bidoof,Take Down,fast,0
shadow bidoof,Crunch,charge,0
shadow bidoof,Grass Knot,charge,0
shadow bidoof,Hyper Fang,charge,0
shadow bidoof,Ice Beam,charge,0
shadow bidoof,Thunderbolt,charge,0
shadow bidoof,Shadow Ball,charge,0
shadow bidoof,Superpower,charge,0
bibarel,Take Down,fast,0
bibarel,Water Gun,fast,0
bibarel,Rollout,fast,0
bibarel,Hyper Beam,charge,0
bibarel,Hyper Fang,charge,0
bibarel,Surf,charge,0
shadow bibarel,Take Down,fast,0
shadow bibarel,Water Gun,fast,0
shadow bibarel,Rollout,fast,0
shadow bibarel,Hyper Beam,charge,0
shadow bibarel,Hyper Fang,charge,0
shadow bibarel,Surf,charge,0
kricketune,Fury Cutter,fast,0
kricketune,Struggle Bug,fast,0
kricketune,Aerial Ace,charge,0
kricketune,Bug Buzz,charge,0
kricketune,X-Scissor,charge,0
shinx,Spark,fast,0
shinx,Tackle,fast,0
shinx,Discharge,charge,0
shinx,Swift,charge,0
shinx,Thunderbolt,charge,0
shadow shinx,Spark,fast,0
shadow shinx,Tackle,fast,0
shadow shinx,Discharge,charge,0
shadow shinx,Swift,charge,0
shadow shinx,Thunderbolt,charge,0
luxio,Bite,fast,0
luxio,Spark,fast,0
luxio,Crunch,charge,0
luxio,Thunderbolt,charge,0
luxio,Wild Charge,charge,0
shadow luxio,Bite,fast,0
shadow luxio,Spark,fast,0
shadow luxio,Crunch,charge,0
shadow luxio,Thunderbolt,charge,0
shadow luxio,Wild Charge,charge,0
luxray,Hidden Power Bug,fast,0
luxray,Hidden Power Dark,fast,0
luxray,Hidden Power Dragon,fast,0
luxray,Hidden Power Electric,fast,0
luxray,Hidden Power Fighting,fast,0
luxray,Hidden Power Fire,fast,0
luxray,Hidden Power Flying,fast,0
luxray,Hidden Power Ghost,fast,0
luxray,Hidden Power Grass,fast,0
luxray,Hidden Power Ground,fast,0
luxray,Hidden Power Ice,fast,0
luxray,Hidden Power Poison,fast,0
luxray,Hidden Power Psychic,fast,0
luxray,Hidden Power Rock,fast,0
luxray,Hidden Power Steel,fast,0
luxray,Hidden Power Water,fast,0
luxray,Snarl,fast,0
luxray,Spark,fast,0
luxray,Crunch,charge,0
luxray,Hyper Beam,charge,0
luxray,Wild Charge,charge,0
luxray,Psychic Fangs,charge,1
shadow luxray,Hidden Power Bug,fast,0
shadow luxray,Hidden Power Dark,fast,0
shadow luxray,Hidden Power Dragon,fast,0
shadow luxray,Hidden Power Electric,fast,0
shadow luxray,Hidden Power Fighting,fast,0
shadow luxray,Hidden Power Fire,fast,0
shadow luxray,Hidden Power Flying,fast,0
shadow luxray,Hidden Power Ghost,fast,0
shadow luxray,Hidden Power Grass,fast,0
shadow luxray,Hidden Power Ground,fast,0
shadow luxray,Hidden Power Ice,fast,0
shadow luxray,Hidden Power Poison,fast,0
shadow luxray,Hidden Power Psychic,fast,0
shadow luxray,Hidden Power Rock,fast,0
shadow luxray,Hidden Power Steel,fast,0
shadow luxray,Hidden Power Water,fast,0
shadow luxray,Snarl,fast,0
shadow luxray,Spark,fast,0
shadow luxray,Crunch,charge,0
shadow luxray,Hyper Beam,charge,0
shadow luxray,Wild Charge,charge,0
shadow luxray,Psychic Fangs,charge,0
budew,Hidden Power Bug,fast,0
budew,Hidden Power Dark,fast,0
budew,Hidden Power Dragon,fast,0
budew,Hidden Power Electric,fast,0
budew,Hidden Power Fighting,fast,0
budew,Hidden Power Fire,fast,0
budew,Hidden Power Flying,fast,0
budew,Hidden Power Ghost,fast,0
budew,Hidden Power Grass,fast,0
budew,Hidden Power Ground,fast,0
budew,Hidden Power Ice,fast,0
budew,Hidden Power Poison,fast,0
budew,Hidden Power Psychic,fast,0
budew,Hidden Power Rock,fast,0
budew,Hidden Power Steel,fast,0
budew,Hidden Power Water,fast,0
budew,Razor Leaf,fast,0
budew,Energy Ball,charge,0
budew,Grass Knot,charge,0
roserade,Poison Jab,fast,0
roserade,Razor Leaf,fast,0
roserade,Bullet Seed,fast,1
roserade,Magical Leaf,fast,0
roserade,Poison Sting,fast,0
roserade,Dazzling Gleam,charge,0
roserade,Grass Knot,charge,0
roserade,Sludge Bomb,charge,0
roserade,Solar Beam,charge,0
roserade,Weather Ball (Fire),charge,1
roserade,Leaf Storm,charge,0
cranidos,Take Down,fast,0
cranidos,Zen Headbutt,fast,0
cranidos,Ancient Power,charge,0
cranidos,Bulldoze,charge,0
cranidos,Rock Tomb,charge,0
shadow cranidos,Take Down,fast,0
shadow cranidos,Zen Headbutt,fast,0
shadow cranidos,Ancient Power,charge,0
shadow cranidos,Bulldoze,charge,0
shadow cranidos,Rock Tomb,charge,0
rampardos,Smack Down,fast,0
rampardos,Zen Headbutt,fast,0
rampardos,Flamethrower,charge,0
rampardos,Outrage,charge,0
rampardos,Rock Slide,charge,0
shadow rampardos,Smack Down,fast,0
shadow rampardos,Zen Headbutt,fast,0
shadow rampardos,Flamethrower,charge,0
shadow rampardos,Outrage,charge,0
shadow rampardos,Rock Slide,charge,0
shieldon,Iron Tail,fast,0
shieldon,Tackle,fast,0
shieldon,Ancient Power,charge,0
shieldon,Heavy Slam,charge,0
shieldon,Rock Tomb,charge,0
shadow shieldon,Iron Tail,fast,0
shadow shieldon,Tackle,fast,0
shadow shieldon,Ancient Power,charge,0
shadow shieldon,Heavy Slam,charge,0
shadow shieldon,Rock Tomb,charge,0
bastiodon,Iron Tail,fast,0
bastiodon,Smack Down,fast,0
bastiodon,Flamethrower,charge,0
bastiodon,Flash Cannon,charge,0
bastiodon,Stone Edge,charge,0
shadow bastiodon,Iron Tail,fast,0
shadow bastiodon,Smack Down,fast,0
shadow bastiodon,Flamethrower,charge,0
shadow bastiodon,Flash Cannon,charge,0
shadow bastiodon,Stone Edge,charge,0
wormadam plant,Bug Bite,fast,0
wormadam plant,Confusion,fast,0
wormadam plant,Sucker Punch,fast,0
wormadam plant,Bug Buzz,charge,0
wormadam plant,Energy Ball,charge,0
wormadam plant,Psybeam,charge,0
wormadam sandy,Bug Bite,fast,0
wormadam sandy,Confusion,fast,0
wormadam sandy,Sucker Punch,fast,0
wormadam sandy,Bug Buzz,charge,0
wormadam sandy,Bulldoze,charge,0
wormadam sandy,Psybeam,charge,0
wormadam trash,Bug Bite,fast,0
wormadam trash,Confusion,fast,0
wormadam trash,Metal Sound,fast,0
wormadam trash,Sucker Punch,fast,0
wormadam trash,Bug Buzz,charge,0
wormadam trash,Iron Head,charge,0
wormadam trash,Psybeam,charge,0
mothim,Air Slash,fast,0
mothim,Bug Bite,fast,0
mothim,Aerial Ace,charge,0
mothim,Bug Buzz,charge,0
mothim,Psybeam,charge,0
combee,Bug Bite,fast,0
combee,Bug Buzz,charge,0
vespiquen,Bug Bite,fast,0
vespiquen,Poison Sting,fast,0
vespiquen,Fury Cutter,fast,0
vespiquen,Air Slash,fast,0
vespiquen,Bug Buzz,charge,0
vespiquen,Power Gem,charge,0
vespiquen,X-Scissor,charge,0
vespiquen,Fell Stinger,charge,0
vespiquen,Signal Beam,charge,0
pachirisu,Spark,fast,0
pachirisu,Volt Switch,fast,0
pachirisu,Thunder,charge,0
pachirisu,Thunder Punch,charge,0
pachirisu,Thunderbolt,charge,0
pachirisu,Hyper Fang,charge,0
buizel,Quick Attack,fast,0
buizel,Water Gun,fast,0
buizel,Aqua Jet,charge,0
buizel,Swift,charge,0
buizel,Water Pulse,charge,0
floatzel,Water Gun,fast,0
floatzel,Waterfall,fast,0
floatzel,Aqua Jet,charge,0
floatzel,Hydro Pump,charge,0
floatzel,Swift,charge,0
floatzel,Liquidation,charge,0
cherubi,Bullet Seed,fast,0
cherubi,Tackle,fast,0
cherubi,Dazzling Gleam,charge,0
cherubi,Petal Blizzard,charge,0
cherubi,Seed Bomb,charge,0
cherrim overcast,Bullet Seed,fast,0
cherrim overcast,Razor Leaf,fast,0
cherrim overcast,Dazzling Gleam,charge,0
cherrim overcast,Hyper Beam,charge,0
cherrim overcast,Solar Beam,charge,0
cherrim sunny,Bullet Seed,fast,0
cherrim sunny,Razor Leaf,fast,0
cherrim sunny,Dazzling Gleam,charge,0
cherrim sunny,Hyper Beam,charge,0
cherrim sunny,Solar Beam,charge,0
cherrim sunny,Weather Ball (Fire),charge,0
shellos,Hidden Power Bug,fast,0
shellos,Hidden Power Dark,fast,0
shellos,Hidden Power Dragon,fast,0
shellos,Hidden Power Electric,fast,0
shellos,Hidden Power Fighting,fast,0
shellos,Hidden Power Fire,fast,0
shellos,Hidden Power Flying,fast,0
shellos,Hidden Power Ghost,fast,0
shellos,Hidden Power Grass,fast,0
shellos,Hidden Power Ground,fast,0
shellos,Hidden Power Ice,fast,0
shellos,Hidden Power Poison,fast,0
shellos,Hidden Power Psychic,fast,0
shellos,Hidden Power Rock,fast,0
shellos,Hidden Power Steel,fast,0
shellos,Hidden Power Water,fast,0
shellos,Mud Slap,fast,0
shellos,Body Slam,charge,0
shellos,Mud Bomb,charge,0
shellos,Water Pulse,charge,0
gastrodon,Hidden Power Bug,fast,0
gastrodon,Hidden Power Dark,fast,0
gastrodon,Hidden Power Dragon,fast,0
gastrodon,Hidden Power Electric,fast,0
gastrodon,Hidden Power Fighting,fast,0
gastrodon,Hidden Power Fire,fast,0
gastrodon,Hidden Power Flying,fast,0
gastrodon,Hidden Power Ghost,fast,0
gastrodon,Hidden Power Grass,fast,0
gastrodon,Hidden Power Ground,fast,0
gastrodon,Hidden Power Ice,fast,0
gastrodon,Hidden Power Poison,fast,0
gastrodon,Hidden Power Psychic,fast,0
gastrodon,Hidden Power Rock,fast,0
gastrodon,Hidden Power Steel,fast,0
gastrodon,Hidden Power Water,fast,0
gastrodon,Mud Slap,fast,0
gastrodon,Body Slam,charge,0
gastrodon,Water Pulse,charge,0
gastrodon,Earth Power,charge,0
gastrodon,Earthquake,charge,0
ambipom,Astonish,fast,0
ambipom,Scratch,fast,0
ambipom,Aerial Ace,charge,0
ambipom,Hyper Beam,charge,0
ambipom,Low Sweep,charge,0
shadow ambipom,Astonish,fast,0
shadow ambipom,Scratch,fast,0
shadow ambipom,Aerial Ace,charge,0
shadow ambipom,Hyper Beam,charge,0
shadow ambipom,Low Sweep,charge,0
drifloon,Astonish,fast,0
drifloon,Hex,fast,0
drifloon,Icy Wind,charge,0
drifloon,Ominous Wind,charge,0
drifloon,Shadow Ball,charge,0
shadow drifloon,Astonish,fast,0
shadow drifloon,Hex,fast,0
shadow drifloon,Icy Wind,charge,0
shadow drifloon,Ominous Wind,charge,0
shadow drifloon,Shadow Ball,charge,0
drifblim,Astonish,fast,0
drifblim,Hex,fast,0
drifblim,Icy Wind,charge,0
drifblim,Ominous Wind,charge,0
drifblim,Shadow Ball,charge,0
drifblim,Mystical Fire,charge,0
shadow drifblim,Astonish,fast,0
shadow drifblim,Hex,fast,0
shadow drifblim,Icy Wind,charge,0
shadow drifblim,Ominous Wind,charge,0
shadow drifblim,Shadow Ball,charge,0
shadow drifblim,Mystical Fire,charge,0
buneary,Pound,fast,0
buneary,Quick Attack,fast,0
buneary,Fire Punch,charge,0
buneary,Swift,charge,0
lopunny,Low Kick,fast,0
lopunny,Pound,fast,0
lopunny,Double Kick,fast,0
lopunny,Fire Punch,charge,0
lopunny,Focus Blast,charge,0
lopunny,Hyper Beam,charge,0
lopunny,Triple Axel,charge,0
lopunny,Thunder Punch,charge,0
lopunny,Shadow Ball,charge,0
mega lopunny,Low Kick,fast,0
mega lopunny,Pound,fast,0
mega lopunny,Double Kick,fast,0
mega lopunny,Fire Punch,charge,0
mega lopunny,Focus Blast,charge,0
mega lopunny,Hyper Beam,charge,0
mega lopunny,Triple Axel,charge,0
mega lopunny,Thunder Punch,charge,0
mega lopunny,Shadow Ball,charge,0
mismagius,Hex,fast,0
mismagius,Sucker Punch,fast,0
mismagius,Magical Leaf,fast,0
mismagius,Psywave,fast,0
mismagius,Dark Pulse,charge,0
mismagius,Dazzling Gleam,charge,0
mismagius,Shadow Ball,charge,0
shadow mismagius,Hex,fast,0
shadow mismagius,Sucker Punch,fast,0
shadow mismagius,Magical Leaf,fast,0
shadow mismagius,Psywave,fast,0
shadow mismagius,Dark Pulse,charge,0
shadow mismagius,Dazzling Gleam,charge,0
shadow mismagius,Shadow Ball,charge,0
honchkrow,Peck,fast,0
honchkrow,Snarl,fast,0
honchkrow,Brave Bird,charge,0
honchkrow,Dark Pulse,charge,0
honchkrow,Psychic,charge,0
honchkrow,Sky Attack,charge,0
shadow honchkrow,Peck,fast,0
shadow honchkrow,Snarl,fast,0
shadow honchkrow,Brave Bird,charge,0
shadow honchkrow,Dark Pulse,charge,0
shadow honchkrow,Psychic,charge,0
shadow honchkrow,Sky Attack,charge,0
glameow,Quick Attack,fast,0
glameow,Scratch,fast,0
glameow,Aerial Ace,charge,0
glameow,Play Rough,charge,0
glameow,Thunderbolt,charge,0
shadow glameow,Quick Attack,fast,0
shadow glameow,Scratch,fast,0
shadow glameow,Aerial Ace,charge,0
shadow glameow,Play Rough,charge,0
shadow glameow,Thunderbolt,charge,0
purugly,Scratch,fast,0
purugly,Shadow Claw,fast,0
purugly,Aerial Ace,charge,0
purugly,Play Rough,charge,0
purugly,Thunder,charge,0
shadow purugly,Scratch,fast,0
shadow purugly,Shadow Claw,fast,0
shadow purugly,Aerial Ace,charge,0
shadow purugly,Play Rough,charge,0
shadow purugly,Thunder,charge,0
chingling,Astonish,fast,0
chingling,Zen Headbutt,fast,0
chingling,Psyshock,charge,0
chingling,Shadow Ball,charge,0
chingling,Wrap,charge,0
stunky,Bite,fast,0
stunky,Scratch,fast,0
stunky,Crunch,charge,0
stunky,Flamethrower,charge,0
stunky,Sludge Bomb,charge,0
stunky,Trailblaze,charge,0
shadow stunky,Bite,fast,0
shadow stunky,Scratch,fast,0
shadow stunky,Crunch,charge,0
shadow stunky,Flamethrower,charge,0
shadow stunky,Sludge Bomb,charge,0
shadow stunky,Trailblaze,charge,0
skuntank,Bite,fast,0
skuntank,Poison Jab,fast,0
skuntank,Crunch,charge,0
skuntank,Flamethrower,charge,0
skuntank,Sludge Bomb,charge,0
skuntank,Trailblaze,charge,0
shadow skuntank,Bite,fast,0
shadow skuntank,Poison Jab,fast,0
shadow skuntank,Crunch,charge,0
shadow skuntank,Flamethrower,charge,0
shadow skuntank,Sludge Bomb,charge,0
shadow skuntank,Trailblaze,charge,0
bronzor,Confusion,fast,0
bronzor,Tackle,fast,0
bronzor,Gyro Ball,charge,0
bronzor,Heavy Slam,charge,0
bronzor,Psyshock,charge,0
bronzor,Payback,charge,0
bronzong,Confusion,fast,0
bronzong,Feint Attack,fast,0
bronzong,Metal Sound,fast,0
bronzong,Flash Cannon,charge,0
bronzong,Heavy Slam,charge,0
bronzong,Psychic,charge,0
bronzong,Bulldoze,charge,0
bronzong,Psyshock,charge,0
bronzong,Payback,charge,0
bronzong,Weather Ball (Water),charge,0
bonsly,Counter,fast,0
bonsly,Rock Throw,fast,0
bonsly,Earthquake,charge,0
bonsly,Rock Slide,charge,0
bonsly,Rock Tomb,charge,0
mime jr,Confusion,fast,0
mime jr,Pound,fast,0
mime jr,Psybeam,charge,0
mime jr,Psychic,charge,0
mime jr,Psyshock,charge,0
happiny,Pound,fast,0
happiny,Zen Headbutt,fast,0
happiny,Psychic,charge,0
chatot,Peck,fast,0
chatot,Steel Wing,fast,0
chatot,Heat Wave,charge,0
chatot,Night Shade,charge,0
chatot,Sky Attack,charge,0
spiritomb,Feint Attack,fast,0
spiritomb,Sucker Punch,fast,0
spiritomb,Ominous Wind,charge,0
spiritomb,Shadow Ball,charge,0
spiritomb,Shadow Sneak,charge,0
spiritomb,Rock Tomb,charge,0
gible,Mud Shot,fast,0
gible,Take Down,fast,0
gible,Body Slam,charge,0
gible,Dig,charge,0
gible,Twister,charge,0
shadow gible,Mud Shot,fast,0
shadow gible,Take Down,fast,0
shadow gible,Body Slam,charge,0
shadow gible,Dig,charge,0
shadow gible,Twister,charge,0
gabite,Mud Shot,fast,0
gabite,Take Down,fast,0
gabite,Dig,charge,0
gabite,Flamethrower,charge,0
gabite,Twister,charge,0
shadow gabite,Mud Shot,fast,0
shadow gabite,Take Down,fast,0
shadow gabite,Dig,charge,0
shadow gabite,Flamethrower,charge,0
shadow gabite,Twister,charge,0
garchomp,Dragon Tail,fast,0
garchomp,Mud Shot,fast,0
garchomp,Earthquake,charge,0
garchomp,Fire Blast,charge,0
garchomp,Outrage,charge,0
garchomp,Sand Tomb,charge,0
garchomp,Earth Power,charge,1
garchomp,Breaking Swipe,charge,0
garchomp,Twister,charge,0
mega garchomp,Dragon Tail,fast,0
mega garchomp,Mud Shot,fast,0
mega garchomp,Earthquake,charge,0
mega garchomp,Fire Blast,charge,0
mega garchomp,Outrage,charge,0
mega garchomp,Sand Tomb,charge,0
mega garchomp,Earth Power,charge,1
mega garchomp,Breaking Swipe,charge,0
mega garchomp,Twister,charge,0
mega garchomp,Sand Tomb+,charge,1
shadow garchomp,Dragon Tail,fast,0
shadow garchomp,Mud Shot,fast,0
shadow garchomp,Earthquake,charge,0
shadow garchomp,Fire Blast,charge,0
shadow garchomp,Outrage,charge,0
shadow garchomp,Sand Tomb,charge,0
shadow garchomp,Earth Power,charge,1
shadow garchomp,Breaking Swipe,charge,0
shadow garchomp,Twister,charge,0
munchlax,Lick,fast,0
munchlax,Tackle,fast,0
munchlax,Body Slam,charge,0
munchlax,Bulldoze,charge,0
munchlax,Gunk Shot,charge,0
riolu,Counter,fast,0
riolu,Quick Attack,fast,0
riolu,Brick Break,charge,0
riolu,Cross Chop,charge,0
riolu,Low Sweep,charge,0
riolu,Blaze Kick,charge,0
riolu,Thunder Punch,charge,0
lucario,Bullet Punch,fast,0
lucario,Counter,fast,0
lucario,Force Palm,fast,1
lucario,Close Combat,charge,0
lucario,Flash Cannon,charge,0
lucario,Shadow Ball,charge,0
lucario,Power-Up Punch,charge,0
lucario,Aura Sphere,charge,0
lucario,Blaze Kick,charge,0
lucario,Thunder Punch,charge,0
lucario,Meteor Mash,charge,0
mega lucario,Bullet Punch,fast,0
mega lucario,Counter,fast,0
mega lucario,Force Palm,fast,1
mega lucario,Close Combat,charge,0
mega lucario,Flash Cannon,charge,0
mega lucario,Shadow Ball,charge,0
mega lucario,Power-Up Punch,charge,0
mega lucario,Aura Sphere,charge,0
mega lucario,Blaze Kick,charge,0
mega lucario,Thunder Punch,charge,0
mega lucario,Meteor Mash,charge,0
hippopotas,Bite,fast,0
hippopotas,Tackle,fast,0
hippopotas,Sand Attack,fast,0
hippopotas,Body Slam,charge,0
hippopotas,Dig,charge,0
hippopotas,Rock Tomb,charge,0
shadow hippopotas,Bite,fast,0
shadow hippopotas,Tackle,fast,0
shadow hippopotas,Sand Attack,fast,0
shadow hippopotas,Body Slam,charge,0
shadow hippopotas,Dig,charge,0
shadow hippopotas,Rock Tomb,charge,0
hippowdon,Bite,fast,0
hippowdon,Fire Fang,fast,0
hippowdon,Thunder Fang,fast,0
hippowdon,Ice Fang,fast,0
hippowdon,Sand Attack,fast,0
hippowdon,Body Slam,charge,0
hippowdon,Earthquake,charge,0
hippowdon,Stone Edge,charge,0
hippowdon,Earth Power,charge,0
hippowdon,Scorching Sands,charge,0
shadow hippowdon,Bite,fast,0
shadow hippowdon,Fire Fang,fast,0
shadow hippowdon,Thunder Fang,fast,0
shadow hippowdon,Ice Fang,fast,0
shadow hippowdon,Sand Attack,fast,0
shadow hippowdon,Body Slam,charge,0
shadow hippowdon,Earthquake,charge,0
shadow hippowdon,Stone Edge,charge,0
shadow hippowdon,Earth Power,charge,0
shadow hippowdon,Scorching Sands,charge,0
skorupi,Infestation,fast,0
skorupi,Poison Sting,fast,0
skorupi,Aqua Tail,charge,0
skorupi,Cross Poison,charge,0
skorupi,Sludge Bomb,charge,0
shadow skorupi,Infestation,fast,0
shadow skorupi,Poison Sting,fast,0
shadow skorupi,Aqua Tail,charge,0
shadow skorupi,Cross Poison,charge,0
shadow skorupi,Sludge Bomb,charge,0
drapion,Bite,fast,0
drapion,Infestation,fast,0
drapion,Poison Sting,fast,0
drapion,Ice Fang,fast,0
drapion,Aqua Tail,charge,0
drapion,Crunch,charge,0
drapion,Sludge Bomb,charge,0
drapion,Fell Stinger,charge,0
shadow drapion,Bite,fast,0
shadow drapion,Infestation,fast,0
shadow drapion,Poison Sting,fast,0
shadow drapion,Ice Fang,fast,0
shadow drapion,Aqua Tail,charge,0
shadow drapion,Crunch,charge,0
shadow drapion,Sludge Bomb,charge,0
shadow drapion,Fell Stinger,charge,0
croagunk,Poison Jab,fast,0
croagunk,Poison Sting,fast,0
croagunk,Mud Shot,fast,0
croagunk,Brick Break,charge,0
croagunk,Low Sweep,charge,0
croagunk,Sludge Bomb,charge,0
shadow croagunk,Poison Jab,fast,0
shadow croagunk,Poison Sting,fast,0
shadow croagunk,Mud Shot,fast,0
shadow croagunk,Brick Break,charge,0
shadow croagunk,Low Sweep,charge,0
shadow croagunk,Sludge Bomb,charge,0
toxicroak,Counter,fast,0
toxicroak,Poison Jab,fast,0
toxicroak,Mud Shot,fast,0
toxicroak,Poison Sting,fast,0
toxicroak,Dynamic Punch,charge,0
toxicroak,Mud Bomb,charge,0
toxicroak,Sludge Bomb,charge,0
toxicroak,Shadow Ball,charge,0
toxicroak,Drain Punch,charge,0
shadow toxicroak,Counter,fast,0
shadow toxicroak,Poison Jab,fast,0
shadow toxicroak,Mud Shot,fast,0
shadow toxicroak,Poison Sting,fast,0
shadow toxicroak,Dynamic Punch,charge,0
shadow toxicroak,Mud Bomb,charge,0
shadow toxicroak,Sludge Bomb,charge,0
shadow toxicroak,Shadow Ball,charge,0
shadow toxicroak,Drain Punch,charge,0
carnivine,Bite,fast,0
carnivine,Vine Whip,fast,0
carnivine,Crunch,charge,0
carnivine,Energy Ball,charge,0
carnivine,Power Whip,charge,0
finneon,Pound,fast,0
finneon,Water Gun,fast,0
finneon,Ice Beam,charge,0
finneon,Silver Wind,charge,0
finneon,Water Pulse,charge,0
lumineon,Water Gun,fast,0
lumineon,Waterfall,fast,0
lumineon,Gust,fast,0
lumineon,Blizzard,charge,0
lumineon,Silver Wind,charge,0
lumineon,Water Pulse,charge,0
lumineon,Aqua Tail,charge,0
mantyke,Bubble,fast,0
mantyke,Tackle,fast,0
mantyke,Aerial Ace,charge,0
mantyke,Ice Beam,charge,0
mantyke,Water Pulse,charge,0
snover,Ice Shard,fast,0
snover,Powder Snow,fast,0
snover,Leafage,fast,0
snover,Energy Ball,charge,0
snover,Ice Beam,charge,0
snover,Stomp,charge,0
shadow snover,Ice Shard,fast,0
shadow snover,Powder Snow,fast,0
shadow snover,Leafage,fast,0
shadow snover,Energy Ball,charge,0
shadow snover,Ice Beam,charge,0
shadow snover,Stomp,charge,0
abomasnow,Powder Snow,fast,0
abomasnow,Razor Leaf,fast,0
abomasnow,Leafage,fast,0
abomasnow,Blizzard,charge,0
abomasnow,Energy Ball,charge,0
abomasnow,Outrage,charge,0
abomasnow,Weather Ball (Ice),charge,0
abomasnow,Icy Wind,charge,0
mega abomasnow,Powder Snow,fast,0
mega abomasnow,Razor Leaf,fast,0
mega abomasnow,Leafage,fast,0
mega abomasnow,Blizzard,charge,0
mega abomasnow,Energy Ball,charge,0
mega abomasnow,Outrage,charge,0
mega abomasnow,Weather Ball (Ice),charge,0
mega abomasnow,Icy Wind,charge,0
shadow abomasnow,Powder Snow,fast,0
shadow abomasnow,Razor Leaf,fast,0
shadow abomasnow,Leafage,fast,0
shadow abomasnow,Blizzard,charge,0
shadow abomasnow,Energy Ball,charge,0
shadow abomasnow,Outrage,charge,0
shadow abomasnow,Weather Ball (Ice),charge,0
shadow abomasnow,Icy Wind,charge,0
weavile,Feint Attack,fast,0
weavile,Ice Shard,fast,0
weavile,Snarl,fast,0
weavile,Avalanche,charge,0
weavile,Focus Blast,charge,0
weavile,Foul Play,charge,0
weavile,Triple Axel,charge,0
shadow weavile,Feint Attack,fast,0
shadow weavile,Ice Shard,fast,0
shadow weavile,Snarl,fast,0
shadow weavile,Avalanche,charge,0
shadow weavile,Focus Blast,charge,0
shadow weavile,Foul Play,charge,0
shadow weavile,Triple Axel,charge,0
magnezone,Charge Beam,fast,0
magnezone,Spark,fast,0
magnezone,Volt Switch,fast,0
magnezone,Metal Sound,fast,0
magnezone,Flash Cannon,charge,0
magnezone,Wild Charge,charge,0
magnezone,Zap Cannon,charge,0
magnezone,Mirror Shot,charge,0
shadow magnezone,Charge Beam,fast,0
shadow magnezone,Spark,fast,0
shadow magnezone,Volt Switch,fast,0
shadow magnezone,Metal Sound,fast,0
shadow magnezone,Flash Cannon,charge,0
shadow magnezone,Wild Charge,charge,0
shadow magnezone,Zap Cannon,charge,0
shadow magnezone,Mirror Shot,charge,0
lickilicky,Lick,fast,0
lickilicky,Zen Headbutt,fast,0
lickilicky,Rollout,fast,0
lickilicky,Earthquake,charge,0
lickilicky,Hyper Beam,charge,0
lickilicky,Solar Beam,charge,0
lickilicky,Shadow Ball,charge,0
lickilicky,Body Slam,charge,1
rhyperior,Mud Slap,fast,0
rhyperior,Smack Down,fast,0
rhyperior,Earthquake,charge,0
rhyperior,Stone Edge,charge,0
rhyperior,Surf,charge,0
rhyperior,Skull Bash,charge,0
rhyperior,Superpower,charge,0
rhyperior,Rock Wrecker,charge,1
rhyperior,Breaking Swipe,charge,0
rhyperior,Drill Run,charge,0
shadow rhyperior,Mud Slap,fast,0
shadow rhyperior,Smack Down,fast,0
shadow rhyperior,Earthquake,charge,0
shadow rhyperior,Stone Edge,charge,0
shadow rhyperior,Surf,charge,0
shadow rhyperior,Skull Bash,charge,0
shadow rhyperior,Superpower,charge,0
shadow rhyperior,Rock Wrecker,charge,0
shadow rhyperior,Breaking Swipe,charge,0
shadow rhyperior,Drill Run,charge,0
tangrowth,Infestation,fast,0
tangrowth,Vine Whip,fast,0
tangrowth,Ancient Power,charge,0
tangrowth,Rock Slide,charge,0
tangrowth,Sludge Bomb,charge,0
tangrowth,Solar Beam,charge,0
tangrowth,Power Whip,charge,0
shadow tangrowth,Infestation,fast,0
shadow tangrowth,Vine Whip,fast,0
shadow tangrowth,Ancient Power,charge,0
shadow tangrowth,Rock Slide,charge,0
shadow tangrowth,Sludge Bomb,charge,0
shadow tangrowth,Solar Beam,charge,0
shadow tangrowth,Power Whip,charge,0
electivire,Low Kick,fast,0
electivire,Thunder Shock,fast,0
electivire,Thunder,charge,0
electivire,Thunder Punch,charge,0
electivire,Wild Charge,charge,0
electivire,Ice Punch,charge,0
electivire,Flamethrower,charge,1
shadow electivire,Low Kick,fast,0
shadow electivire,Thunder Shock,fast,0
shadow electivire,Thunder,charge,0
shadow electivire,Thunder Punch,charge,0
shadow electivire,Wild Charge,charge,0
shadow electivire,Ice Punch,charge,0
shadow electivire,Flamethrower,charge,0
magmortar,Fire Spin,fast,0
magmortar,Karate Chop,fast,0
magmortar,Brick Break,charge,0
magmortar,Fire Blast,charge,0
magmortar,Fire Punch,charge,0
magmortar,Psychic,charge,0
magmortar,Thunderbolt,charge,1
magmortar,Scorching Sands,charge,0
shadow magmortar,Fire Spin,fast,0
shadow magmortar,Karate Chop,fast,0
shadow magmortar,Brick Break,charge,0
shadow magmortar,Fire Blast,charge,0
shadow magmortar,Fire Punch,charge,0
shadow magmortar,Psychic,charge,0
shadow magmortar,Thunderbolt,charge,0
shadow magmortar,Scorching Sands,charge,0
togekiss,Air Slash,fast,0
togekiss,Charm,fast,0
togekiss,Hidden Power Bug,fast,0
togekiss,Hidden Power Dark,fast,0
togekiss,Hidden Power Dragon,fast,0
togekiss,Hidden Power Electric,fast,0
togekiss,Hidden Power Fighting,fast,0
togekiss,Hidden Power Fire,fast,0
togekiss,Hidden Power Flying,fast,0
togekiss,Hidden Power Ghost,fast,0
togekiss,Hidden Power Grass,fast,0
togekiss,Hidden Power Ground,fast,0
togekiss,Hidden Power Ice,fast,0
togekiss,Hidden Power Poison,fast,0
togekiss,Hidden Power Psychic,fast,0
togekiss,Hidden Power Rock,fast,0
togekiss,Hidden Power Steel,fast,0
togekiss,Hidden Power Water,fast,0
togekiss,Peck,fast,0
togekiss,Aerial Ace,charge,0
togekiss,Ancient Power,charge,0
togekiss,Dazzling Gleam,charge,0
togekiss,Flamethrower,charge,0
togekiss,Aura Sphere,charge,1
togekiss,Psyshock,charge,0
yanmega,Bug Bite,fast,0
yanmega,Wing Attack,fast,0
yanmega,Aerial Ace,charge,0
yanmega,Ancient Power,charge,0
yanmega,Bug Buzz,charge,0
leafeon,Quick Attack,fast,0
leafeon,Razor Leaf,fast,0
leafeon,Bullet Seed,fast,1
leafeon,Energy Ball,charge,0
leafeon,Leaf Blade,charge,0
leafeon,Solar Beam,charge,0
leafeon,Last Resort,charge,1
glaceon,Frost Breath,fast,0
glaceon,Ice Shard,fast,0
glaceon,Avalanche,charge,0
glaceon,Ice Beam,charge,0
glaceon,Icy Wind,charge,0
glaceon,Last Resort,charge,1
glaceon,Water Pulse,charge,1
gliscor,Fury Cutter,fast,0
gliscor,Wing Attack,fast,0
gliscor,Sand Attack,fast,0
gliscor,Aerial Ace,charge,0
gliscor,Earthquake,charge,0
gliscor,Night Slash,charge,0
gliscor,Sand Tomb,charge,0
gliscor,Acrobatics,charge,0
shadow gliscor,Fury Cutter,fast,0
shadow gliscor,Wing Attack,fast,0
shadow gliscor,Sand Attack,fast,0
shadow gliscor,Aerial Ace,charge,0
shadow gliscor,Earthquake,charge,0
shadow gliscor,Night Slash,charge,0
shadow gliscor,Sand Tomb,charge,0
shadow gliscor,Acrobatics,charge,0
mamoswine,Mud Slap,fast,0
mamoswine,Powder Snow,fast,0
mamoswine,Avalanche,charge,0
mamoswine,Bulldoze,charge,0
mamoswine,Stone Edge,charge,0
mamoswine,Ancient Power,charge,1
mamoswine,High Horsepower,charge,0
mamoswine,Icicle Spear,charge,0
shadow mamoswine,Mud Slap,fast,0
shadow mamoswine,Powder Snow,fast,0
shadow mamoswine,Avalanche,charge,0
shadow mamoswine,Bulldoze,charge,0
shadow mamoswine,Stone Edge,charge,0
shadow mamoswine,Ancient Power,charge,0
shadow mamoswine,High Horsepower,charge,0
shadow mamoswine,Icicle Spear,charge,0
porygon z,Lock On,fast,0
porygon z,Charge Beam,fast,0
porygon z,Hidden Power Bug,fast,0
porygon z,Hidden Power Dark,fast,0
porygon z,Hidden Power Dragon,fast,0
porygon z,Hidden Power Electric,fast,0
porygon z,Hidden Power Fighting,fast,0
porygon z,Hidden Power Fire,fast,0
porygon z,Hidden Power Flying,fast,0
porygon z,Hidden Power Ghost,fast,0
porygon z,Hidden Power Grass,fast,0
porygon z,Hidden Power Ground,fast,0
porygon z,Hidden Power Ice,fast,0
porygon z,Hidden Power Poison,fast,0
porygon z,Hidden Power Psychic,fast,0
porygon z,Hidden Power Rock,fast,0
porygon z,Hidden Power Steel,fast,0
porygon z,Hidden Power Water,fast,0
porygon z,Blizzard,charge,0
porygon z,Hyper Beam,charge,0
porygon z,Solar Beam,charge,0
porygon z,Zap Cannon,charge,0
porygon z,Tri Attack,charge,1
shadow porygon z,Lock On,fast,0
shadow porygon z,Charge Beam,fast,0
shadow porygon z,Hidden Power Bug,fast,0
shadow porygon z,Hidden Power Dark,fast,0
shadow porygon z,Hidden Power Dragon,fast,0
shadow porygon z,Hidden Power Electric,fast,0
shadow porygon z,Hidden Power Fighting,fast,0
shadow porygon z,Hidden Power Fire,fast,0
shadow porygon z,Hidden Power Flying,fast,0
shadow porygon z,Hidden Power Ghost,fast,0
shadow porygon z,Hidden Power Grass,fast,0
shadow porygon z,Hidden Power Ground,fast,0
shadow porygon z,Hidden Power Ice,fast,0
shadow porygon z,Hidden Power Poison,fast,0
shadow porygon z,Hidden Power Psychic,fast,0
shadow porygon z,Hidden Power Rock,fast,0
shadow porygon z,Hidden Power Steel,fast,0
shadow porygon z,Hidden Power Water,fast,0
shadow porygon z,Blizzard,charge,0
shadow porygon z,Hyper Beam,charge,0
shadow porygon z,Solar Beam,charge,0
shadow porygon z,Zap Cannon,charge,0
shadow porygon z,Tri Attack,charge,0
gallade,Confusion,fast,0
gallade,Low Kick,fast,0
gallade,Charm,fast,0
gallade,Psycho Cut,fast,0
gallade,Close Combat,charge,0
gallade,Leaf Blade,charge,0
gallade,Psychic,charge,0
gallade,Synchronoise,charge,1
gallade,Sacred Sword,charge,0
mega gallade,Confusion,fast,0
mega gallade,Low Kick,fast,0
mega gallade,Charm,fast,0
mega gallade,Psycho Cut,fast,0
mega gallade,Close Combat,charge,0
mega gallade,Leaf Blade,charge,0
mega gallade,Psychic,charge,0
mega gallade,Synchronoise,charge,0
mega gallade,Sacred Sword,charge,0
shadow gallade,Confusion,fast,0
shadow gallade,Low Kick,fast,0
shadow gallade,Charm,fast,0
shadow gallade,Psycho Cut,fast,0
shadow gallade,Close Combat,charge,0
shadow gallade,Leaf Blade,charge,0
shadow gallade,Psychic,charge,0
shadow gallade,Synchronoise,charge,0
shadow gallade,Sacred Sword,charge,0
probopass,Rock Throw,fast,0
probopass,Spark,fast,0
probopass,Magnet Bomb,charge,0
probopass,Rock Slide,charge,0
probopass,Thunderbolt,charge,0
probopass,Zap Cannon,charge,0
shadow probopass,Rock Throw,fast,0
shadow probopass,Spark,fast,0
shadow probopass,Magnet Bomb,charge,0
shadow probopass,Rock Slide,charge,0
shadow probopass,Thunderbolt,charge,0
shadow probopass,Zap Cannon,charge,0
dusknoir,Astonish,fast,0
dusknoir,Hex,fast,0
dusknoir,Dark Pulse,charge,0
dusknoir,Ominous Wind,charge,0
dusknoir,Psychic,charge,0
dusknoir,Shadow Ball,charge,1
dusknoir,Poltergeist,charge,0
dusknoir,Shadow Punch,charge,0
dusknoir,Dynamic Punch,charge,0
shadow dusknoir,Astonish,fast,0
shadow dusknoir,Hex,fast,0
shadow dusknoir,Dark Pulse,charge,0
shadow dusknoir,Ominous Wind,charge,0
shadow dusknoir,Psychic,charge,0
shadow dusknoir,Shadow Ball,charge,0
shadow dusknoir,Poltergeist,charge,0
shadow dusknoir,Shadow Punch,charge,0
shadow dusknoir,Dynamic Punch,charge,0
froslass,Hex,fast,0
froslass,Powder Snow,fast,0
froslass,Avalanche,charge,0
froslass,Crunch,charge,0
froslass,Shadow Ball,charge,0
froslass,Triple Axel,charge,0
shadow froslass,Hex,fast,0
shadow froslass,Powder Snow,fast,0
shadow froslass,Avalanche,charge,0
shadow froslass,Crunch,charge,0
shadow froslass,Shadow Ball,charge,0
shadow froslass,Triple Axel,charge,0
rotom,Astonish,fast,0
rotom,Thunder Shock,fast,0
rotom,Ominous Wind,charge,0
rotom,Thunder,charge,0
rotom,Thunderbolt,charge,0
rotom fan,Air Slash,fast,0
rotom fan,Astonish,fast,0
rotom fan,Ominous Wind,charge,0
rotom fan,Thunder,charge,0
rotom fan,Thunderbolt,charge,0
rotom frost,Astonish,fast,0
rotom frost,Thunder Shock,fast,0
rotom frost,Blizzard,charge,0
rotom frost,Thunder,charge,0
rotom frost,Thunderbolt,charge,0
rotom heat,Astonish,fast,0
rotom heat,Thunder Shock,fast,0
rotom heat,Overheat,charge,0
rotom heat,Thunder,charge,0
rotom heat,Thunderbolt,charge,0
rotom mow,Astonish,fast,0
rotom mow,Thunder Shock,fast,0
rotom mow,Ominous Wind,charge,0
rotom mow,Thunder,charge,0
rotom mow,Thunderbolt,charge,0
rotom mow,Leaf Storm,charge,0
rotom wash,Astonish,fast,0
rotom wash,Thunder Shock,fast,0
rotom wash,Hydro Pump,charge,0
rotom wash,Thunder,charge,0
rotom wash,Thunderbolt,charge,0
uxie,Confusion,fast,0
uxie,Extrasensory,fast,0
uxie,Future Sight,charge,0
uxie,Swift,charge,0
uxie,Thunder,charge,0
mesprit,Confusion,fast,0
mesprit,Extrasensory,fast,0
mesprit,Blizzard,charge,0
mesprit,Future Sight,charge,0
mesprit,Swift,charge,0
azelf,Confusion,fast,0
azelf,Extrasensory,fast,0
azelf,Fire Blast,charge,0
azelf,Future Sight,charge,0
azelf,Swift,charge,0
dialga,Dragon Breath,fast,0
dialga,Metal Claw,fast,0
dialga,Draco Meteor,charge,0
dialga,Iron Head,charge,0
dialga,Thunder,charge,0
dialga origin,Dragon Breath,fast,0
dialga origin,Metal Claw,fast,0
dialga origin,Draco Meteor,charge,0
dialga origin,Iron Head,charge,0
dialga origin,Thunder,charge,0
dialga origin,Roar Of Time,charge,0
shadow dialga,Dragon Breath,fast,0
shadow dialga,Metal Claw,fast,0
shadow dialga,Draco Meteor,charge,0
shadow dialga,Iron Head,charge,0
shadow dialga,Thunder,charge,0
palkia,Dragon Breath,fast,0
palkia,Dragon Tail,fast,0
palkia,Draco Meteor,charge,0
palkia,Fire Blast,charge,0
palkia,Hydro Pump,charge,0
palkia,Aqua Tail,charge,0
palkia origin,Dragon Breath,fast,0
palkia origin,Dragon Tail,fast,0
palkia origin,Draco Meteor,charge,0
palkia origin,Fire Blast,charge,0
palkia origin,Hydro Pump,charge,0
palkia origin,Aqua Tail,charge,0
palkia origin,Spacial Rend,charge,0
shadow palkia,Dragon Breath,fast,0
shadow palkia,Dragon Tail,fast,0
shadow palkia,Draco Meteor,charge,0
shadow palkia,Fire Blast,charge,0
shadow palkia,Hydro Pump,charge,0
shadow palkia,Aqua Tail,charge,0
heatran,Bug Bite,fast,0
heatran,Fire Spin,fast,0
heatran,Fire Blast,charge,0
heatran,Iron Head,charge,0
heatran,Stone Edge,charge,0
heatran,Flamethrower,charge,0
heatran,Earth Power,charge,0
heatran,Magma Storm,charge,1
shadow heatran,Bug Bite,fast,0
shadow heatran,Fire Spin,fast,0
shadow heatran,Fire Blast,charge,0
shadow heatran,Iron Head,charge,0
shadow heatran,Stone Edge,charge,0
shadow heatran,Flamethrower,charge,0
shadow heatran,Earth Power,charge,0
shadow heatran,Magma Storm,charge,0
regigigas,Hidden Power Bug,fast,0
regigigas,Hidden Power Dark,fast,0
regigigas,Hidden Power Dragon,fast,0
regigigas,Hidden Power Electric,fast,0
regigigas,Hidden Power Fighting,fast,0
regigigas,Hidden Power Fire,fast,0
regigigas,Hidden Power Flying,fast,0
regigigas,Hidden Power Ghost,fast,0
regigigas,Hidden Power Grass,fast,0
regigigas,Hidden Power Ground,fast,0
regigigas,Hidden Power Ice,fast,0
regigigas,Hidden Power Poison,fast,0
regigigas,Hidden Power Psychic,fast,0
regigigas,Hidden Power Rock,fast,0
regigigas,Hidden Power Steel,fast,0
regigigas,Hidden Power Water,fast,0
regigigas,Zen Headbutt,fast,0
regigigas,Giga Impact,charge,0
regigigas,Focus Blast,charge,0
regigigas,Thunder,charge,0
regigigas,Crush Grip,charge,0
shadow regigigas,Hidden Power Bug,fast,0
shadow regigigas,Hidden Power Dark,fast,0
shadow regigigas,Hidden Power Dragon,fast,0
shadow regigigas,Hidden Power Electric,fast,0
shadow regigigas,Hidden Power Fighting,fast,0
shadow regigigas,Hidden Power Fire,fast,0
shadow regigigas,Hidden Power Flying,fast,0
shadow regigigas,Hidden Power Ghost,fast,0
shadow regigigas,Hidden Power Grass,fast,0
shadow regigigas,Hidden Power Ground,fast,0
shadow regigigas,Hidden Power Ice,fast,0
shadow regigigas,Hidden Power Poison,fast,0
shadow regigigas,Hidden Power Psychic,fast,0
shadow regigigas,Hidden Power Rock,fast,0
shadow regigigas,Hidden Power Steel,fast,0
shadow regigigas,Hidden Power Water,fast,0
shadow regigigas,Zen Headbutt,fast,0
shadow regigigas,Giga Impact,charge,0
shadow regigigas,Focus Blast,charge,0
shadow regigigas,Thunder,charge,0
shadow regigigas,Crush Grip,charge,0
giratina altered,Dragon Breath,fast,0
giratina altered,Shadow Claw,fast,0
giratina altered,Ancient Power,charge,0
giratina altered,Dragon Claw,charge,0
giratina altered,Shadow Sneak,charge,0
giratina altered,Shadow Force,charge,1
shadow giratina altered,Dragon Breath,fast,0
shadow giratina altered,Shadow Claw,fast,0
shadow giratina altered,Ancient Power,charge,0
shadow giratina altered,Dragon Claw,charge,0
shadow giratina altered,Shadow Sneak,charge,0
shadow giratina altered,Shadow Force,charge,0
giratina origin,Dragon Tail,fast,0
giratina origin,Shadow Claw,fast,0
giratina origin,Ominous Wind,charge,0
giratina origin,Dragon Pulse,charge,0
giratina origin,Shadow Ball,charge,0
giratina origin,Shadow Force,charge,1
cresselia,Confusion,fast,0
cresselia,Psycho Cut,fast,0
cresselia,Aurora Beam,charge,0
cresselia,Future Sight,charge,0
cresselia,Moonblast,charge,0
cresselia,Grass Knot,charge,1
shadow cresselia,Confusion,fast,0
shadow cresselia,Psycho Cut,fast,0
shadow cresselia,Aurora Beam,charge,0
shadow cresselia,Future Sight,charge,0
shadow cresselia,Moonblast,charge,0
shadow cresselia,Grass Knot,charge,0
phione,Bubble,fast,0
phione,Waterfall,fast,0
phione,Bubble Beam,charge,0
phione,Surf,charge,0
phione,Water Pulse,charge,0
manaphy,Bubble,fast,0
manaphy,Waterfall,fast,0
manaphy,Bubble Beam,charge,0
manaphy,Psychic,charge,0
manaphy,Surf,charge,0
darkrai,Feint Attack,fast,0
darkrai,Snarl,fast,0
darkrai,Dark Pulse,charge,0
darkrai,Focus Blast,charge,0
darkrai,Shadow Ball,charge,0
darkrai,Sludge Bomb,charge,1
darkrai,Foul Play,charge,0
shadow darkrai,Feint Attack,fast,0
shadow darkrai,Snarl,fast,0
shadow darkrai,Dark Pulse,charge,0
shadow darkrai,Focus Blast,charge,0
shadow darkrai,Shadow Ball,charge,0
shadow darkrai,Sludge Bomb,charge,0
shadow darkrai,Foul Play,charge,0
shaymin land,Hidden Power Bug,fast,0
shaymin land,Hidden Power Dark,fast,0
shaymin land,Hidden Power Dragon,fast,0
shaymin land,Hidden Power Electric,fast,0
shaymin land,Hidden Power Fighting,fast,0
shaymin land,Hidden Power Fire,fast,0
shaymin land,Hidden Power Flying,fast,0
shaymin land,Hidden Power Ghost,fast,0
shaymin land,Hidden Power Grass,fast,0
shaymin land,Hidden Power Ground,fast,0
shaymin land,Hidden Power Ice,fast,0
shaymin land,Hidden Power Poison,fast,0
shaymin land,Hidden Power Psychic,fast,0
shaymin land,Hidden Power Rock,fast,0
shaymin land,Hidden Power Steel,fast,0
shaymin land,Hidden Power Water,fast,0
shaymin land,Zen Headbutt,fast,0
shaymin land,Magical Leaf,fast,0
shaymin land,Energy Ball,charge,0
shaymin land,Grass Knot,charge,0
shaymin land,Solar Beam,charge,0
shaymin land,Seed Flare,charge,0
shaymin sky,Hidden Power Bug,fast,0
shaymin sky,Hidden Power Dark,fast,0
shaymin sky,Hidden Power Dragon,fast,0
shaymin sky,Hidden Power Electric,fast,0
shaymin sky,Hidden Power Fighting,fast,0
shaymin sky,Hidden Power Fire,fast,0
shaymin sky,Hidden Power Flying,fast,0
shaymin sky,Hidden Power Ghost,fast,0
shaymin sky,Hidden Power Grass,fast,0
shaymin sky,Hidden Power Ground,fast,0
shaymin sky,Hidden Power Ice,fast,0
shaymin sky,Hidden Power Poison,fast,0
shaymin sky,Hidden Power Psychic,fast,0
shaymin sky,Hidden Power Rock,fast,0
shaymin sky,Hidden Power Steel,fast,0
shaymin sky,Hidden Power Water,fast,0
shaymin sky,Zen Headbutt,fast,0
shaymin sky,Magical Leaf,fast,0
shaymin sky,Energy Ball,charge,0
shaymin sky,Grass Knot,charge,0
shaymin sky,Solar Beam,charge,0
shaymin sky,Seed Flare,charge,0
arceus,Iron Tail,fast,0
arceus,Shadow Claw,fast,0
arceus,Future Sight,charge,0
arceus,Hyper Beam,charge,0
arceus,Outrage,charge,0
arceus bug,Iron Tail,fast,0
arceus bug,Shadow Claw,fast,0
arceus bug,Future Sight,charge,0
arceus bug,Hyper Beam,charge,0
arceus bug,Outrage,charge,0
arceus dark,Iron Tail,fast,0
arceus dark,Shadow Claw,fast,0
arceus dark,Future Sight,charge,0
arceus dark,Hyper Beam,charge,0
arceus dark,Outrage,charge,0
arceus dragon,Iron Tail,fast,0
arceus dragon,Shadow Claw,fast,0
arceus dragon,Future Sight,charge,0
arceus dragon,Hyper Beam,charge,0
arceus dragon,Outrage,charge,0
arceus electric,Iron Tail,fast,0
arceus electric,Shadow Claw,fast,0
arceus electric,Future Sight,charge,0
arceus electric,Hyper Beam,charge,0
arceus electric,Outrage,charge,0
arceus fairy,Iron Tail,fast,0
arceus fairy,Shadow Claw,fast,0
arceus fairy,Future Sight,charge,0
arceus fairy,Hyper Beam,charge,0
arceus fairy,Outrage,charge,0
arceus fighting,Iron Tail,fast,0
arceus fighting,Shadow Claw,fast,0
arceus fighting,Future Sight,charge,0
arceus fighting,Hyper Beam,charge,0
arceus fighting,Outrage,charge,0
arceus fire,Iron Tail,fast,0
arceus fire,Shadow Claw,fast,0
arceus fire,Future Sight,charge,0
arceus fire,Hyper Beam,charge,0
arceus fire,Outrage,charge,0
arceus flying,Iron Tail,fast,0
arceus flying,Shadow Claw,fast,0
arceus flying,Future Sight,charge,0
arceus flying,Hyper Beam,charge,0
arceus flying,Outrage,charge,0
arceus ghost,Iron Tail,fast,0
arceus ghost,Shadow Claw,fast,0
arceus ghost,Future Sight,charge,0
arceus ghost,Hyper Beam,charge,0
arceus ghost,Outrage,charge,0
arceus grass,Iron Tail,fast,0
arceus grass,Shadow Claw,fast,0
arceus grass,Future Sight,charge,0
arceus grass,Hyper Beam,charge,0
arceus grass,Outrage,charge,0
arceus ground,Iron Tail,fast,0
arceus ground,Shadow Claw,fast,0
arceus ground,Future Sight,charge,0
arceus ground,Hyper Beam,charge,0
arceus ground,Outrage,charge,0
arceus ice,Iron Tail,fast,0
arceus ice,Shadow Claw,fast,0
arceus ice,Future Sight,charge,0
arceus ice,Hyper Beam,charge,0
arceus ice,Outrage,charge,0
arceus poison,Iron Tail,fast,0
arceus poison,Shadow Claw,fast,0
arceus poison,Future Sight,charge,0
arceus poison,Hyper Beam,charge,0
arceus poison,Outrage,charge,0
arceus psychic,Iron Tail,fast,0
arceus psychic,Shadow Claw,fast,0
arceus psychic,Future Sight,charge,0
arceus psychic,Hyper Beam,charge,0
arceus psychic,Outrage,charge,0
arceus rock,Iron Tail,fast,0
arceus rock,Shadow Claw,fast,0
arceus rock,Future Sight,charge,0
arceus rock,Hyper Beam,charge,0
arceus rock,Outrage,charge,0
arceus steel,Iron Tail,fast,0
arceus steel,Shadow Claw,fast,0
arceus steel,Future Sight,charge,0
arceus steel,Hyper Beam,charge,0
arceus steel,Outrage,charge,0
arceus water,Iron Tail,fast,0
arceus water,Shadow Claw,fast,0
arceus water,Future Sight,charge,0
arceus water,Hyper Beam,charge,0
arceus water,Outrage,charge,0
victini,Confusion,fast,0
victini,Quick Attack,fast,0
victini,Overheat,charge,0
victini,Focus Blast,charge,0
victini,Psychic,charge,0
victini,V-Create,charge,0
victini,Psyshock,charge,0
snivy,Tackle,fast,0
snivy,Vine Whip,fast,0
snivy,Energy Ball,charge,0
snivy,Seed Bomb,charge,0
snivy,Wrap,charge,0
shadow snivy,Tackle,fast,0
shadow snivy,Vine Whip,fast,0
shadow snivy,Energy Ball,charge,0
shadow snivy,Seed Bomb,charge,0
shadow snivy,Wrap,charge,0
servine,Iron Tail,fast,0
servine,Vine Whip,fast,0
servine,Grass Knot,charge,0
servine,Leaf Tornado,charge,0
servine,Wrap,charge,0
shadow servine,Iron Tail,fast,0
shadow servine,Vine Whip,fast,0
shadow servine,Grass Knot,charge,0
shadow servine,Leaf Tornado,charge,0
shadow servine,Wrap,charge,0
serperior,Iron Tail,fast,0
serperior,Vine Whip,fast,0
serperior,Grass Knot,charge,0
serperior,Leaf Tornado,charge,0
serperior,Aerial Ace,charge,0
serperior,Frenzy Plant,charge,1
shadow serperior,Iron Tail,fast,0
shadow serperior,Vine Whip,fast,0
shadow serperior,Grass Knot,charge,0
shadow serperior,Leaf Tornado,charge,0
shadow serperior,Aerial Ace,charge,0
shadow serperior,Frenzy Plant,charge,1
tepig,Tackle,fast,0
tepig,Ember,fast,0
tepig,Flame Charge,charge,0
tepig,Flamethrower,charge,0
tepig,Body Slam,charge,0
shadow tepig,Tackle,fast,0
shadow tepig,Ember,fast,0
shadow tepig,Flame Charge,charge,0
shadow tepig,Flamethrower,charge,0
shadow tepig,Body Slam,charge,0
pignite,Tackle,fast,0
pignite,Ember,fast,0
pignite,Flame Charge,charge,0
pignite,Flamethrower,charge,0
pignite,Rock Tomb,charge,0
shadow pignite,Tackle,fast,0
shadow pignite,Ember,fast,0
shadow pignite,Flame Charge,charge,0
shadow pignite,Flamethrower,charge,0
shadow pignite,Rock Tomb,charge,0
emboar,Low Kick,fast,0
emboar,Ember,fast,0
emboar,Heat Wave,charge,0
emboar,Rock Slide,charge,0
emboar,Focus Blast,charge,0
emboar,Flame Charge,charge,0
emboar,Blast Burn,charge,1
Mega emboar,Low Kick,fast,0
Mega emboar,Ember,fast,0
Mega emboar,Heat Wave,charge,0
Mega emboar,Rock Slide,charge,0
Mega emboar,Focus Blast,charge,0
Mega emboar,Flame Charge,charge,0
Mega emboar,Blast Burn,charge,1
shadow emboar,Low Kick,fast,0
shadow emboar,Ember,fast,0
shadow emboar,Heat Wave,charge,0
shadow emboar,Rock Slide,charge,0
shadow emboar,Focus Blast,charge,0
shadow emboar,Flame Charge,charge,0
shadow emboar,Blast Burn,charge,1
oshawott,Tackle,fast,0
oshawott,Water Gun,fast,0
oshawott,Aqua Tail,charge,0
oshawott,Water Pulse,charge,0
oshawott,Night Slash,charge,0
shadow oshawott,Tackle,fast,0
shadow oshawott,Water Gun,fast,0
shadow oshawott,Aqua Tail,charge,0
shadow oshawott,Water Pulse,charge,0
shadow oshawott,Night Slash,charge,0
dewott,Fury Cutter,fast,0
dewott,Water Gun,fast,0
dewott,Aqua Tail,charge,0
dewott,Water Pulse,charge,0
dewott,X-Scissor,charge,0
shadow dewott,Fury Cutter,fast,0
shadow dewott,Water Gun,fast,0
shadow dewott,Aqua Tail,charge,0
shadow dewott,Water Pulse,charge,0
shadow dewott,X-Scissor,charge,0
samurott,Fury Cutter,fast,0
samurott,Waterfall,fast,0
samurott,Hydro Pump,charge,0
samurott,Blizzard,charge,0
samurott,Megahorn,charge,0
samurott,Razor Shell,charge,0
samurott,Hydro Cannon,charge,1
samurott,Liquidation,charge,0
hisuian samurott,Fury Cutter,fast,0
hisuian samurott,Waterfall,fast,0
hisuian samurott,Snarl,fast,0
hisuian samurott,Razor Shell,charge,0
hisuian samurott,Icy Wind,charge,0
hisuian samurott,X-Scissor,charge,0
hisuian samurott,Dark Pulse,charge,0
hisuian samurott,Sacred Sword,charge,0
shadow samurott,Fury Cutter,fast,0
shadow samurott,Waterfall,fast,0
shadow samurott,Hydro Pump,charge,0
shadow samurott,Blizzard,charge,0
shadow samurott,Megahorn,charge,0
shadow samurott,Razor Shell,charge,0
shadow samurott,Hydro Cannon,charge,1
shadow samurott,Liquidation,charge,0
patrat,Tackle,fast,0
patrat,Bite,fast,0
patrat,Dig,charge,0
patrat,Hyper Fang,charge,0
patrat,Grass Knot,charge,0
shadow patrat,Tackle,fast,0
shadow patrat,Bite,fast,0
shadow patrat,Dig,charge,0
shadow patrat,Hyper Fang,charge,0
shadow patrat,Grass Knot,charge,0
watchog,Low Kick,fast,0
watchog,Bite,fast,0
watchog,Crunch,charge,0
watchog,Hyper Fang,charge,0
watchog,Grass Knot,charge,0
shadow watchog,Low Kick,fast,0
shadow watchog,Bite,fast,0
shadow watchog,Crunch,charge,0
shadow watchog,Hyper Fang,charge,0
shadow watchog,Grass Knot,charge,0
lillipup,Tackle,fast,0
lillipup,Take Down,fast,0
lillipup,Sand Attack,fast,0
lillipup,Thunderbolt,charge,0
lillipup,Rock Tomb,charge,0
lillipup,Dig,charge,0
herdier,Lick,fast,0
herdier,Take Down,fast,0
herdier,Sand Attack,fast,0
herdier,Thunderbolt,charge,0
herdier,Play Rough,charge,0
herdier,Dig,charge,0
stoutland,Lick,fast,0
stoutland,Take Down,fast,0
stoutland,Ice Fang,fast,0
stoutland,Sand Attack,fast,0
stoutland,Wild Charge,charge,0
stoutland,Play Rough,charge,0
stoutland,Crunch,charge,0
purrloin,Scratch,fast,0
purrloin,Sucker Punch,fast,0
purrloin,Night Slash,charge,0
purrloin,Play Rough,charge,0
purrloin,Dark Pulse,charge,0
shadow purrloin,Scratch,fast,0
shadow purrloin,Sucker Punch,fast,0
shadow purrloin,Night Slash,charge,0
shadow purrloin,Play Rough,charge,0
shadow purrloin,Dark Pulse,charge,0
liepard,Charm,fast,0
liepard,Snarl,fast,0
liepard,Gunk Shot,charge,0
liepard,Play Rough,charge,0
liepard,Dark Pulse,charge,0
liepard,Payback,charge,0
shadow liepard,Charm,fast,0
shadow liepard,Snarl,fast,0
shadow liepard,Gunk Shot,charge,0
shadow liepard,Play Rough,charge,0
shadow liepard,Dark Pulse,charge,0
shadow liepard,Payback,charge,0
pansage,Scratch,fast,0
pansage,Vine Whip,fast,0
pansage,Energy Ball,charge,0
pansage,Seed Bomb,charge,0
pansage,Crunch,charge,0
simisage,Bite,fast,0
simisage,Vine Whip,fast,0
simisage,Solar Beam,charge,0
simisage,Grass Knot,charge,0
simisage,Crunch,charge,0
pansear,Scratch,fast,0
pansear,Fire Spin,fast,0
pansear,Flame Burst,charge,0
pansear,Flame Charge,charge,0
pansear,Crunch,charge,0
simisear,Bite,fast,0
simisear,Fire Spin,fast,0
simisear,Flamethrower,charge,0
simisear,Fire Blast,charge,0
simisear,Crunch,charge,0
panpour,Scratch,fast,0
panpour,Water Gun,fast,0
panpour,Surf,charge,0
panpour,Water Pulse,charge,0
panpour,Crunch,charge,0
simipour,Bite,fast,0
simipour,Water Gun,fast,0
simipour,Surf,charge,0
simipour,Hydro Pump,charge,0
simipour,Crunch,charge,0
munna,Zen Headbutt,fast,0
munna,Charge Beam,fast,0
munna,Psybeam,charge,0
munna,Dazzling Gleam,charge,0
munna,Psyshock,charge,0
musharna,Zen Headbutt,fast,0
musharna,Charge Beam,fast,0
musharna,Future Sight,charge,0
musharna,Dazzling Gleam,charge,0
musharna,Psyshock,charge,0
pidove,Quick Attack,fast,0
pidove,Air Slash,fast,0
pidove,Heat Wave,charge,0
pidove,Aerial Ace,charge,0
pidove,Air Cutter,charge,0
shadow pidove,Quick Attack,fast,0
shadow pidove,Air Slash,fast,0
shadow pidove,Heat Wave,charge,0
shadow pidove,Aerial Ace,charge,0
shadow pidove,Air Cutter,charge,0
tranquill,Air Slash,fast,0
tranquill,Steel Wing,fast,0
tranquill,Heat Wave,charge,0
tranquill,Aerial Ace,charge,0
tranquill,Sky Attack,charge,0
shadow tranquill,Air Slash,fast,0
shadow tranquill,Steel Wing,fast,0
shadow tranquill,Heat Wave,charge,0
shadow tranquill,Aerial Ace,charge,0
shadow tranquill,Sky Attack,charge,0
unfezant,Air Slash,fast,0
unfezant,Steel Wing,fast,0
unfezant,Heat Wave,charge,0
unfezant,Hyper Beam,charge,0
unfezant,Sky Attack,charge,0
shadow unfezant,Air Slash,fast,0
shadow unfezant,Steel Wing,fast,0
shadow unfezant,Heat Wave,charge,0
shadow unfezant,Hyper Beam,charge,0
shadow unfezant,Sky Attack,charge,0
blitzle,Quick Attack,fast,0
blitzle,Spark,fast,0
blitzle,Flame Charge,charge,0
blitzle,Discharge,charge,0
blitzle,Thunderbolt,charge,0
shadow blitzle,Quick Attack,fast,0
shadow blitzle,Spark,fast,0
shadow blitzle,Flame Charge,charge,0
shadow blitzle,Discharge,charge,0
shadow blitzle,Thunderbolt,charge,0
zebstrika,Low Kick,fast,0
zebstrika,Spark,fast,0
zebstrika,Flame Charge,charge,0
zebstrika,Discharge,charge,0
zebstrika,Wild Charge,charge,0
shadow zebstrika,Low Kick,fast,0
shadow zebstrika,Spark,fast,0
shadow zebstrika,Flame Charge,charge,0
shadow zebstrika,Discharge,charge,0
shadow zebstrika,Wild Charge,charge,0
roggenrola,Tackle,fast,0
roggenrola,Smack Down,fast,0
roggenrola,Bulldoze,charge,0
roggenrola,Rock Blast,charge,0
roggenrola,Stone Edge,charge,0
shadow roggenrola,Tackle,fast,0
shadow roggenrola,Smack Down,fast,0
shadow roggenrola,Bulldoze,charge,0
shadow roggenrola,Rock Blast,charge,0
shadow roggenrola,Stone Edge,charge,0
boldore,Mud Slap,fast,0
boldore,Smack Down,fast,0
boldore,Rock Slide,charge,0
boldore,Bulldoze,charge,0
boldore,Stone Edge,charge,0
shadow boldore,Mud Slap,fast,0
shadow boldore,Smack Down,fast,0
shadow boldore,Rock Slide,charge,0
shadow boldore,Bulldoze,charge,0
shadow boldore,Stone Edge,charge,0
gigalith,Mud Slap,fast,0
gigalith,Smack Down,fast,0
gigalith,Lock On,fast,0
gigalith,Rock Slide,charge,0
gigalith,Solar Beam,charge,0
gigalith,Superpower,charge,0
gigalith,Heavy Slam,charge,0
gigalith,Meteor Beam,charge,1
shadow gigalith,Mud Slap,fast,0
shadow gigalith,Smack Down,fast,0
shadow gigalith,Lock On,fast,0
shadow gigalith,Rock Slide,charge,0
shadow gigalith,Solar Beam,charge,0
shadow gigalith,Superpower,charge,0
shadow gigalith,Heavy Slam,charge,0
shadow gigalith,Meteor Beam,charge,0
woobat,Confusion,fast,0
woobat,Air Slash,fast,0
woobat,Air Cutter,charge,0
woobat,Aerial Ace,charge,0
woobat,Psyshock,charge,0
swoobat,Confusion,fast,0
swoobat,Air Slash,fast,0
swoobat,Psychic,charge,0
swoobat,Aerial Ace,charge,0
swoobat,Future Sight,charge,0
swoobat,Psychic Fangs,charge,0
swoobat,Fly,charge,0
drilbur,Scratch,fast,0
drilbur,Mud Slap,fast,0
drilbur,Rock Tomb,charge,0
drilbur,Dig,charge,0
drilbur,Drill Run,charge,0
shadow drilbur,Scratch,fast,0
shadow drilbur,Mud Slap,fast,0
shadow drilbur,Rock Tomb,charge,0
shadow drilbur,Dig,charge,0
shadow drilbur,Drill Run,charge,0
excadrill,Metal Claw,fast,0
excadrill,Mud Slap,fast,0
excadrill,Mud Shot,fast,0
excadrill,Rock Slide,charge,0
excadrill,Earthquake,charge,0
excadrill,Drill Run,charge,0
excadrill,Iron Head,charge,0
excadrill,Scorching Sands,charge,0
shadow excadrill,Metal Claw,fast,0
shadow excadrill,Mud Slap,fast,0
shadow excadrill,Mud Shot,fast,0
shadow excadrill,Rock Slide,charge,0
shadow excadrill,Earthquake,charge,0
shadow excadrill,Drill Run,charge,0
shadow excadrill,Iron Head,charge,0
shadow excadrill,Scorching Sands,charge,0
audino,Pound,fast,0
audino,Zen Headbutt,fast,0
audino,Disarming Voice,charge,0
audino,Dazzling Gleam,charge,0
audino,Hyper Beam,charge,0
audino,Body Slam,charge,0
mega audino,Pound,fast,0
mega audino,Zen Headbutt,fast,0
mega audino,Disarming Voice,charge,0
mega audino,Dazzling Gleam,charge,0
mega audino,Hyper Beam,charge,0
mega audino,Body Slam,charge,0
timburr,Low Kick,fast,0
timburr,Pound,fast,0
timburr,Low Sweep,charge,0
timburr,Brick Break,charge,0
timburr,Rock Tomb,charge,0
shadow timburr,Low Kick,fast,0
shadow timburr,Pound,fast,0
shadow timburr,Low Sweep,charge,0
shadow timburr,Brick Break,charge,0
shadow timburr,Rock Tomb,charge,0
gurdurr,Low Kick,fast,0
gurdurr,Poison Jab,fast,0
gurdurr,Low Sweep,charge,0
gurdurr,Brick Break,charge,0
gurdurr,Stone Edge,charge,0
shadow gurdurr,Low Kick,fast,0
shadow gurdurr,Poison Jab,fast,0
shadow gurdurr,Low Sweep,charge,0
shadow gurdurr,Brick Break,charge,0
shadow gurdurr,Stone Edge,charge,0
conkeldurr,Counter,fast,0
conkeldurr,Poison Jab,fast,0
conkeldurr,Force Palm,fast,0
conkeldurr,Dynamic Punch,charge,0
conkeldurr,Focus Blast,charge,0
conkeldurr,Stone Edge,charge,0
conkeldurr,Brutal Swing,charge,1
shadow conkeldurr,Counter,fast,0
shadow conkeldurr,Poison Jab,fast,0
shadow conkeldurr,Force Palm,fast,0
shadow conkeldurr,Dynamic Punch,charge,0
shadow conkeldurr,Focus Blast,charge,0
shadow conkeldurr,Stone Edge,charge,0
shadow conkeldurr,Brutal Swing,charge,0
tympole,Mud Shot,fast,0
tympole,Bubble,fast,0
tympole,Water Pulse,charge,0
tympole,Mud Bomb,charge,0
tympole,Sludge Wave,charge,0
palpitoad,Mud Shot,fast,0
palpitoad,Bubble,fast,0
palpitoad,Water Pulse,charge,0
palpitoad,Earth Power,charge,0
palpitoad,Sludge Wave,charge,0
seismitoad,Mud Shot,fast,0
seismitoad,Bubble,fast,0
seismitoad,Muddy Water,charge,0
seismitoad,Earth Power,charge,0
seismitoad,Sludge Bomb,charge,0
seismitoad,Icy Wind,charge,0
throh,Low Kick,fast,0
throh,Zen Headbutt,fast,0
throh,Focus Blast,charge,0
throh,Low Sweep,charge,0
throh,Body Slam,charge,0
throh,Brick Break,charge,0
shadow throh,Low Kick,fast,0
shadow throh,Zen Headbutt,fast,0
shadow throh,Focus Blast,charge,0
shadow throh,Low Sweep,charge,0
shadow throh,Body Slam,charge,0
shadow throh,Brick Break,charge,0
sawk,Low Kick,fast,0
sawk,Poison Jab,fast,0
sawk,Focus Blast,charge,0
sawk,Low Sweep,charge,0
sawk,Body Slam,charge,0
sawk,Brick Break,charge,0
shadow sawk,Low Kick,fast,0
shadow sawk,Poison Jab,fast,0
shadow sawk,Focus Blast,charge,0
shadow sawk,Low Sweep,charge,0
shadow sawk,Body Slam,charge,0
shadow sawk,Brick Break,charge,0
sewaddle,Struggle Bug,fast,0
sewaddle,Bug Bite,fast,0
sewaddle,Energy Ball,charge,0
sewaddle,Seed Bomb,charge,0
sewaddle,Silver Wind,charge,0
swadloon,Struggle Bug,fast,0
swadloon,Bug Bite,fast,0
swadloon,Energy Ball,charge,0
swadloon,Bug Buzz,charge,0
swadloon,Silver Wind,charge,0
leavanny,Razor Leaf,fast,0
leavanny,Bug Bite,fast,0
leavanny,Shadow Claw,fast,1
leavanny,Leaf Blade,charge,0
leavanny,X-Scissor,charge,0
leavanny,Silver Wind,charge,0
leavanny,Leaf Storm,charge,0
venipede,Bug Bite,fast,0
venipede,Poison Sting,fast,0
venipede,Signal Beam,charge,0
venipede,Sludge Bomb,charge,0
venipede,Gyro Ball,charge,0
shadow venipede,Bug Bite,fast,0
shadow venipede,Poison Sting,fast,0
shadow venipede,Signal Beam,charge,0
shadow venipede,Sludge Bomb,charge,0
shadow venipede,Gyro Ball,charge,0
whirlipede,Bug Bite,fast,0
whirlipede,Poison Sting,fast,0
whirlipede,Signal Beam,charge,0
whirlipede,Sludge Bomb,charge,0
whirlipede,Gyro Ball,charge,0
shadow whirlipede,Bug Bite,fast,0
shadow whirlipede,Poison Sting,fast,0
shadow whirlipede,Signal Beam,charge,0
shadow whirlipede,Sludge Bomb,charge,0
shadow whirlipede,Gyro Ball,charge,0
scolipede,Bug Bite,fast,0
scolipede,Poison Jab,fast,0
scolipede,Poison Sting,fast,0
scolipede,Megahorn,charge,0
scolipede,Sludge Bomb,charge,0
scolipede,Gyro Ball,charge,0
scolipede,X-Scissor,charge,0
scolipede,Aqua Tail,charge,0
shadow scolipede,Bug Bite,fast,0
shadow scolipede,Poison Jab,fast,0
shadow scolipede,Poison Sting,fast,0
shadow scolipede,Megahorn,charge,0
shadow scolipede,Sludge Bomb,charge,0
shadow scolipede,Gyro Ball,charge,0
shadow scolipede,X-Scissor,charge,0
shadow scolipede,Aqua Tail,charge,0
cottonee,Charm,fast,0
cottonee,Razor Leaf,fast,0
cottonee,Energy Ball,charge,0
cottonee,Seed Bomb,charge,0
cottonee,Grass Knot,charge,0
whimsicott,Charm,fast,0
whimsicott,Razor Leaf,fast,0
whimsicott,Fairy Wind,fast,0
whimsicott,Grass Knot,charge,0
whimsicott,Hurricane,charge,0
whimsicott,Moonblast,charge,0
whimsicott,Seed Bomb,charge,0
petilil,Charm,fast,0
petilil,Hidden Power Bug,fast,0
petilil,Hidden Power Dark,fast,0
petilil,Hidden Power Dragon,fast,0
petilil,Hidden Power Electric,fast,0
petilil,Hidden Power Fighting,fast,0
petilil,Hidden Power Fire,fast,0
petilil,Hidden Power Flying,fast,0
petilil,Hidden Power Ghost,fast,0
petilil,Hidden Power Grass,fast,0
petilil,Hidden Power Ground,fast,0
petilil,Hidden Power Ice,fast,0
petilil,Hidden Power Poison,fast,0
petilil,Hidden Power Psychic,fast,0
petilil,Hidden Power Rock,fast,0
petilil,Hidden Power Steel,fast,0
petilil,Hidden Power Water,fast,0
petilil,Energy Ball,charge,0
petilil,Seed Bomb,charge,0
lilligant,Charm,fast,0
lilligant,Hidden Power Bug,fast,0
lilligant,Hidden Power Dark,fast,0
lilligant,Hidden Power Dragon,fast,0
lilligant,Hidden Power Electric,fast,0
lilligant,Hidden Power Fighting,fast,0
lilligant,Hidden Power Fire,fast,0
lilligant,Hidden Power Flying,fast,0
lilligant,Hidden Power Ghost,fast,0
lilligant,Hidden Power Grass,fast,0
lilligant,Hidden Power Ground,fast,0
lilligant,Hidden Power Ice,fast,0
lilligant,Hidden Power Poison,fast,0
lilligant,Hidden Power Psychic,fast,0
lilligant,Hidden Power Rock,fast,0
lilligant,Hidden Power Steel,fast,0
lilligant,Hidden Power Water,fast,0
lilligant,Magical Leaf,fast,0
lilligant,Petal Blizzard,charge,0
lilligant,Hyper Beam,charge,0
lilligant,Solar Beam,charge,0
hisuian lilligant,Magical Leaf,fast,0
hisuian lilligant,Bullet Seed,fast,0
hisuian lilligant,Petal Blizzard,charge,0
hisuian lilligant,Close Combat,charge,0
hisuian lilligant,Solar Beam,charge,0
basculin,Tackle,fast,0
basculin,Water Gun,fast,0
basculin,Aqua Jet,charge,0
basculin,Aqua Tail,charge,0
basculin,Muddy Water,charge,0
sandile,Bite,fast,0
sandile,Mud Slap,fast,0
sandile,Dig,charge,0
sandile,Crunch,charge,0
sandile,Bulldoze,charge,0
krokorok,Bite,fast,0
krokorok,Mud Slap,fast,0
krokorok,Earthquake,charge,0
krokorok,Crunch,charge,0
krokorok,Bulldoze,charge,0
krookodile,Snarl,fast,0
krookodile,Mud Slap,fast,0
krookodile,Earthquake,charge,0
krookodile,Crunch,charge,0
krookodile,Outrage,charge,0
krookodile,Brick Break,charge,0
krookodile,Sand Tomb,charge,0
darumaka,Tackle,fast,0
darumaka,Fire Fang,fast,0
darumaka,Fire Punch,charge,0
darumaka,Flame Charge,charge,0
galarian darumaka,Tackle,fast,0
galarian darumaka,Ice Fang,fast,0
galarian darumaka,Ice Punch,charge,0
galarian darumaka,Ice Beam,charge,0
shadow darumaka,Tackle,fast,0
shadow darumaka,Fire Fang,fast,0
shadow darumaka,Fire Punch,charge,0
shadow darumaka,Flame Charge,charge,0
galarian darmanitan zen,Tackle,fast,0
galarian darmanitan zen,Ice Fang,fast,0
galarian darmanitan zen,Overheat,charge,0
galarian darmanitan zen,Avalanche,charge,0
galarian darmanitan zen,Superpower,charge,0
galarian darmanitan zen,Ice Punch,charge,0
galarian darmanitan standard,Tackle,fast,0
galarian darmanitan standard,Ice Fang,fast,0
galarian darmanitan standard,Overheat,charge,0
galarian darmanitan standard,Avalanche,charge,0
galarian darmanitan standard,Superpower,charge,0
galarian darmanitan standard,Ice Punch,charge,0
darmanitan standard,Tackle,fast,0
darmanitan standard,Fire Fang,fast,0
darmanitan standard,Incinerate,fast,0
darmanitan standard,Overheat,charge,0
darmanitan standard,Focus Blast,charge,0
darmanitan standard,Psychic,charge,0
darmanitan standard,Rock Slide,charge,0
shadow darmanitan standard,Tackle,fast,0
shadow darmanitan standard,Fire Fang,fast,0
shadow darmanitan standard,Incinerate,fast,0
shadow darmanitan standard,Overheat,charge,0
shadow darmanitan standard,Focus Blast,charge,0
shadow darmanitan standard,Psychic,charge,0
shadow darmanitan standard,Rock Slide,charge,0
darmanitan zen,Tackle,fast,0
darmanitan zen,Fire Fang,fast,0
darmanitan zen,Incinerate,fast,0
darmanitan zen,Overheat,charge,0
darmanitan zen,Focus Blast,charge,0
darmanitan zen,Psychic,charge,0
darmanitan zen,Rock Slide,charge,0
maractus,Bullet Seed,fast,0
maractus,Poison Jab,fast,0
maractus,Aerial Ace,charge,0
maractus,Petal Blizzard,charge,0
maractus,Solar Beam,charge,0
dwebble,Cut,fast,0
dwebble,Smack Down,fast,0
dwebble,Rock Blast,charge,0
dwebble,X-Scissor,charge,0
dwebble,Rock Tomb,charge,0
shadow dwebble,Cut,fast,0
shadow dwebble,Smack Down,fast,0
shadow dwebble,Rock Blast,charge,0
shadow dwebble,X-Scissor,charge,0
shadow dwebble,Rock Tomb,charge,0
crustle,Fury Cutter,fast,0
crustle,Smack Down,fast,0
crustle,Rock Blast,charge,0
crustle,X-Scissor,charge,0
crustle,Rock Slide,charge,0
crustle,Rock Wrecker,charge,0
shadow crustle,Fury Cutter,fast,0
shadow crustle,Smack Down,fast,0
shadow crustle,Rock Blast,charge,0
shadow crustle,X-Scissor,charge,0
shadow crustle,Rock Slide,charge,0
shadow crustle,Rock Wrecker,charge,0
scraggy,Rock Smash,fast,0
scraggy,Feint Attack,fast,0
scraggy,Acid Spray,charge,0
scraggy,Brick Break,charge,0
scraggy,Foul Play,charge,0
scraggy,Thunder Punch,charge,0
scrafty,Counter,fast,0
scrafty,Snarl,fast,0
scrafty,Acid Spray,charge,0
scrafty,Power-Up Punch,charge,0
scrafty,Foul Play,charge,0
scrafty,Thunder Punch,charge,0
sigilyph,Air Slash,fast,0
sigilyph,Zen Headbutt,fast,0
sigilyph,Air Cutter,charge,0
sigilyph,Psybeam,charge,0
sigilyph,Ancient Power,charge,0
sigilyph,Signal Beam,charge,0
yamask,Astonish,fast,0
yamask,Zen Headbutt,fast,0
yamask,Shadow Ball,charge,0
yamask,Dark Pulse,charge,0
yamask,Ominous Wind,charge,0
galarian yamask,Astonish,fast,0
galarian yamask,Night Shade,charge,0
galarian yamask,Rock Tomb,charge,0
shadow yamask,Astonish,fast,0
shadow yamask,Zen Headbutt,fast,0
shadow yamask,Shadow Ball,charge,0
shadow yamask,Dark Pulse,charge,0
shadow yamask,Ominous Wind,charge,0
cofagrigus,Astonish,fast,0
cofagrigus,Zen Headbutt,fast,0
cofagrigus,Shadow Claw,fast,0
cofagrigus,Shadow Ball,charge,0
cofagrigus,Dark Pulse,charge,0
cofagrigus,Psychic,charge,0
shadow cofagrigus,Astonish,fast,0
shadow cofagrigus,Zen Headbutt,fast,0
shadow cofagrigus,Shadow Claw,fast,0
shadow cofagrigus,Shadow Ball,charge,0
shadow cofagrigus,Dark Pulse,charge,0
shadow cofagrigus,Psychic,charge,0
tirtouga,Water Gun,fast,0
tirtouga,Bite,fast,0
tirtouga,Surf,charge,0
tirtouga,Ancient Power,charge,0
tirtouga,Body Slam,charge,0
shadow tirtouga,Water Gun,fast,0
shadow tirtouga,Bite,fast,0
shadow tirtouga,Surf,charge,0
shadow tirtouga,Ancient Power,charge,0
shadow tirtouga,Body Slam,charge,0
carracosta,Water Gun,fast,0
carracosta,Rock Throw,fast,0
carracosta,Surf,charge,0
carracosta,Ancient Power,charge,0
carracosta,Body Slam,charge,0
carracosta,Liquidation,charge,0
shadow carracosta,Water Gun,fast,0
shadow carracosta,Rock Throw,fast,0
shadow carracosta,Surf,charge,0
shadow carracosta,Ancient Power,charge,0
shadow carracosta,Body Slam,charge,0
shadow carracosta,Liquidation,charge,0
archen,Quick Attack,fast,0
archen,Wing Attack,fast,0
archen,Dragon Claw,charge,0
archen,Ancient Power,charge,0
archen,Crunch,charge,0
shadow archen,Quick Attack,fast,0
shadow archen,Wing Attack,fast,0
shadow archen,Dragon Claw,charge,0
shadow archen,Ancient Power,charge,0
shadow archen,Crunch,charge,0
archeops,Steel Wing,fast,0
archeops,Wing Attack,fast,0
archeops,Dragon Claw,charge,0
archeops,Ancient Power,charge,0
archeops,Crunch,charge,0
shadow archeops,Steel Wing,fast,0
shadow archeops,Wing Attack,fast,0
shadow archeops,Dragon Claw,charge,0
shadow archeops,Ancient Power,charge,0
shadow archeops,Crunch,charge,0
trubbish,Pound,fast,0
trubbish,Take Down,fast,0
trubbish,Gunk Shot,charge,0
trubbish,Seed Bomb,charge,0
shadow trubbish,Pound,fast,0
shadow trubbish,Take Down,fast,0
shadow trubbish,Gunk Shot,charge,0
shadow trubbish,Seed Bomb,charge,0
garbodor,Infestation,fast,0
garbodor,Take Down,fast,0
garbodor,Acid Spray,charge,0
garbodor,Seed Bomb,charge,0
garbodor,Gunk Shot,charge,0
garbodor,Body Slam,charge,0
shadow garbodor,Infestation,fast,0
shadow garbodor,Take Down,fast,0
shadow garbodor,Acid Spray,charge,0
shadow garbodor,Seed Bomb,charge,0
shadow garbodor,Gunk Shot,charge,0
shadow garbodor,Body Slam,charge,0
zorua,Scratch,fast,0
zorua,Feint Attack,fast,0
zorua,Foul Play,charge,0
zorua,Aerial Ace,charge,0
zorua,Dark Pulse,charge,0
zorua,Night Shade,charge,0
hisuian zorua,Scratch,fast,0
hisuian zorua,Snarl,fast,0
hisuian zorua,Foul Play,charge,0
hisuian zorua,Shadow Ball,charge,0
hisuian zorua,Dark Pulse,charge,0
hisuian zorua,Night Shade,charge,0
zoroark,Shadow Claw,fast,0
zoroark,Snarl,fast,0
zoroark,Foul Play,charge,0
zoroark,Sludge Bomb,charge,0
zoroark,Flamethrower,charge,0
zoroark,Night Shade,charge,0
zoroark,Night Daze (test),charge,1
hisuian zoroark,Shadow Claw,fast,0
hisuian zoroark,Snarl,fast,0
hisuian zoroark,Foul Play,charge,0
hisuian zoroark,Sludge Bomb,charge,0
hisuian zoroark,Flamethrower,charge,0
hisuian zoroark,Shadow Ball,charge,0
minccino,Pound,fast,0
minccino,Charm,fast,0
minccino,Swift,charge,0
minccino,Thunderbolt,charge,0
minccino,Aqua Tail,charge,0
cinccino,Pound,fast,0
cinccino,Charm,fast,0
cinccino,Hyper Beam,charge,0
cinccino,Thunderbolt,charge,0
cinccino,Aqua Tail,charge,0
gothita,Pound,fast,0
gothita,Confusion,fast,0
gothita,Psybeam,charge,0
gothita,Psyshock,charge,0
gothita,Psychic,charge,0
shadow gothita,Pound,fast,0
shadow gothita,Confusion,fast,0
shadow gothita,Psybeam,charge,0
shadow gothita,Psyshock,charge,0
shadow gothita,Psychic,charge,0
gothorita,Pound,fast,0
gothorita,Confusion,fast,0
gothorita,Psybeam,charge,0
gothorita,Future Sight,charge,0
gothorita,Psychic,charge,0
shadow gothorita,Pound,fast,0
shadow gothorita,Confusion,fast,0
shadow gothorita,Psybeam,charge,0
shadow gothorita,Future Sight,charge,0
shadow gothorita,Psychic,charge,0
gothitelle,Charm,fast,0
gothitelle,Confusion,fast,0
gothitelle,Rock Slide,charge,0
gothitelle,Future Sight,charge,0
gothitelle,Psychic,charge,0
shadow gothitelle,Charm,fast,0
shadow gothitelle,Confusion,fast,0
shadow gothitelle,Rock Slide,charge,0
shadow gothitelle,Future Sight,charge,0
shadow gothitelle,Psychic,charge,0
solosis,Hidden Power Bug,fast,0
solosis,Hidden Power Dark,fast,0
solosis,Hidden Power Dragon,fast,0
solosis,Hidden Power Electric,fast,0
solosis,Hidden Power Fighting,fast,0
solosis,Hidden Power Fire,fast,0
solosis,Hidden Power Flying,fast,0
solosis,Hidden Power Ghost,fast,0
solosis,Hidden Power Grass,fast,0
solosis,Hidden Power Ground,fast,0
solosis,Hidden Power Ice,fast,0
solosis,Hidden Power Poison,fast,0
solosis,Hidden Power Psychic,fast,0
solosis,Hidden Power Rock,fast,0
solosis,Hidden Power Steel,fast,0
solosis,Hidden Power Water,fast,0
solosis,Zen Headbutt,fast,0
solosis,Psyshock,charge,0
solosis,Night Shade,charge,0
solosis,Thunder,charge,0
shadow solosis,Hidden Power Bug,fast,0
shadow solosis,Hidden Power Dark,fast,0
shadow solosis,Hidden Power Dragon,fast,0
shadow solosis,Hidden Power Electric,fast,0
shadow solosis,Hidden Power Fighting,fast,0
shadow solosis,Hidden Power Fire,fast,0
shadow solosis,Hidden Power Flying,fast,0
shadow solosis,Hidden Power Ghost,fast,0
shadow solosis,Hidden Power Grass,fast,0
shadow solosis,Hidden Power Ground,fast,0
shadow solosis,Hidden Power Ice,fast,0
shadow solosis,Hidden Power Poison,fast,0
shadow solosis,Hidden Power Psychic,fast,0
shadow solosis,Hidden Power Rock,fast,0
shadow solosis,Hidden Power Steel,fast,0
shadow solosis,Hidden Power Water,fast,0
shadow solosis,Zen Headbutt,fast,0
shadow solosis,Psyshock,charge,0
shadow solosis,Night Shade,charge,0
shadow solosis,Thunder,charge,0
duosion,Hidden Power Bug,fast,0
duosion,Hidden Power Dark,fast,0
duosion,Hidden Power Dragon,fast,0
duosion,Hidden Power Electric,fast,0
duosion,Hidden Power Fighting,fast,0
duosion,Hidden Power Fire,fast,0
duosion,Hidden Power Flying,fast,0
duosion,Hidden Power Ghost,fast,0
duosion,Hidden Power Grass,fast,0
duosion,Hidden Power Ground,fast,0
duosion,Hidden Power Ice,fast,0
duosion,Hidden Power Poison,fast,0
duosion,Hidden Power Psychic,fast,0
duosion,Hidden Power Rock,fast,0
duosion,Hidden Power Steel,fast,0
duosion,Hidden Power Water,fast,0
duosion,Zen Headbutt,fast,0
duosion,Psyshock,charge,0
duosion,Night Shade,charge,0
duosion,Thunder,charge,0
shadow duosion,Hidden Power Bug,fast,0
shadow duosion,Hidden Power Dark,fast,0
shadow duosion,Hidden Power Dragon,fast,0
shadow duosion,Hidden Power Electric,fast,0
shadow duosion,Hidden Power Fighting,fast,0
shadow duosion,Hidden Power Fire,fast,0
shadow duosion,Hidden Power Flying,fast,0
shadow duosion,Hidden Power Ghost,fast,0
shadow duosion,Hidden Power Grass,fast,0
shadow duosion,Hidden Power Ground,fast,0
shadow duosion,Hidden Power Ice,fast,0
shadow duosion,Hidden Power Poison,fast,0
shadow duosion,Hidden Power Psychic,fast,0
shadow duosion,Hidden Power Rock,fast,0
shadow duosion,Hidden Power Steel,fast,0
shadow duosion,Hidden Power Water,fast,0
shadow duosion,Zen Headbutt,fast,0
shadow duosion,Psyshock,charge,0
shadow duosion,Night Shade,charge,0
shadow duosion,Thunder,charge,0
reuniclus,Hidden Power Bug,fast,0
reuniclus,Hidden Power Dark,fast,0
reuniclus,Hidden Power Dragon,fast,0
reuniclus,Hidden Power Electric,fast,0
reuniclus,Hidden Power Fighting,fast,0
reuniclus,Hidden Power Fire,fast,0
reuniclus,Hidden Power Flying,fast,0
reuniclus,Hidden Power Ghost,fast,0
reuniclus,Hidden Power Grass,fast,0
reuniclus,Hidden Power Ground,fast,0
reuniclus,Hidden Power Ice,fast,0
reuniclus,Hidden Power Poison,fast,0
reuniclus,Hidden Power Psychic,fast,0
reuniclus,Hidden Power Rock,fast,0
reuniclus,Hidden Power Steel,fast,0
reuniclus,Hidden Power Water,fast,0
reuniclus,Zen Headbutt,fast,0
reuniclus,Charm,fast,0
reuniclus,Future Sight,charge,0
reuniclus,Shadow Ball,charge,0
reuniclus,Thunder,charge,0
reuniclus,Psyshock,charge,0
shadow reuniclus,Hidden Power Bug,fast,0
shadow reuniclus,Hidden Power Dark,fast,0
shadow reuniclus,Hidden Power Dragon,fast,0
shadow reuniclus,Hidden Power Electric,fast,0
shadow reuniclus,Hidden Power Fighting,fast,0
shadow reuniclus,Hidden Power Fire,fast,0
shadow reuniclus,Hidden Power Flying,fast,0
shadow reuniclus,Hidden Power Ghost,fast,0
shadow reuniclus,Hidden Power Grass,fast,0
shadow reuniclus,Hidden Power Ground,fast,0
shadow reuniclus,Hidden Power Ice,fast,0
shadow reuniclus,Hidden Power Poison,fast,0
shadow reuniclus,Hidden Power Psychic,fast,0
shadow reuniclus,Hidden Power Rock,fast,0
shadow reuniclus,Hidden Power Steel,fast,0
shadow reuniclus,Hidden Power Water,fast,0
shadow reuniclus,Zen Headbutt,fast,0
shadow reuniclus,Charm,fast,0
shadow reuniclus,Future Sight,charge,0
shadow reuniclus,Shadow Ball,charge,0
shadow reuniclus,Thunder,charge,0
shadow reuniclus,Psyshock,charge,0
ducklett,Water Gun,fast,0
ducklett,Wing Attack,fast,0
ducklett,Aerial Ace,charge,0
ducklett,Bubble Beam,charge,0
ducklett,Brave Bird,charge,0
shadow ducklett,Water Gun,fast,0
shadow ducklett,Wing Attack,fast,0
shadow ducklett,Aerial Ace,charge,0
shadow ducklett,Bubble Beam,charge,0
shadow ducklett,Brave Bird,charge,0
swanna,Water Gun,fast,0
swanna,Air Slash,fast,0
swanna,Gust,fast,0
swanna,Ice Beam,charge,0
swanna,Bubble Beam,charge,0
swanna,Hurricane,charge,0
swanna,Fly,charge,0
swanna,Aqua Jet,charge,0
shadow swanna,Water Gun,fast,0
shadow swanna,Air Slash,fast,0
shadow swanna,Gust,fast,0
shadow swanna,Ice Beam,charge,0
shadow swanna,Bubble Beam,charge,0
shadow swanna,Hurricane,charge,0
shadow swanna,Fly,charge,0
shadow swanna,Aqua Jet,charge,0
vanillite,Powder Snow,fast,0
vanillite,Astonish,fast,0
vanillite,Icy Wind,charge,0
vanillite,Ice Beam,charge,0
vanillite,Signal Beam,charge,0
vanillish,Frost Breath,fast,0
vanillish,Astonish,fast,0
vanillish,Icy Wind,charge,0
vanillish,Ice Beam,charge,0
vanillish,Signal Beam,charge,0
vanilluxe,Frost Breath,fast,0
vanilluxe,Astonish,fast,0
vanilluxe,Blizzard,charge,0
vanilluxe,Flash Cannon,charge,0
vanilluxe,Signal Beam,charge,0
vanilluxe,Avalanche,charge,1
deerling,Tackle,fast,0
deerling,Take Down,fast,0
deerling,Energy Ball,charge,0
deerling,Seed Bomb,charge,0
deerling,Wild Charge,charge,0
deerling,Trailblaze,charge,0
sawsbuck,Feint Attack,fast,0
sawsbuck,Take Down,fast,0
sawsbuck,Megahorn,charge,0
sawsbuck,Solar Beam,charge,0
sawsbuck,Wild Charge,charge,0
sawsbuck,Hyper Beam,charge,0
sawsbuck,Trailblaze,charge,0
emolga,Thunder Shock,fast,0
emolga,Quick Attack,fast,0
emolga,Discharge,charge,0
emolga,Aerial Ace,charge,0
emolga,Thunderbolt,charge,0
emolga,Acrobatics,charge,0
karrablast,Peck,fast,0
karrablast,Fury Cutter,fast,0
karrablast,Signal Beam,charge,0
karrablast,X-Scissor,charge,0
karrablast,Drill Run,charge,0
karrablast,Aerial Ace,charge,0
shadow karrablast,Peck,fast,0
shadow karrablast,Fury Cutter,fast,0
shadow karrablast,Signal Beam,charge,0
shadow karrablast,X-Scissor,charge,0
shadow karrablast,Drill Run,charge,0
shadow karrablast,Aerial Ace,charge,0
escavalier,Counter,fast,0
escavalier,Bug Bite,fast,0
escavalier,Megahorn,charge,0
escavalier,Acid Spray,charge,0
escavalier,Drill Run,charge,0
escavalier,Aerial Ace,charge,0
escavalier,Razor Shell,charge,1
shadow escavalier,Counter,fast,0
shadow escavalier,Bug Bite,fast,0
shadow escavalier,Megahorn,charge,0
shadow escavalier,Acid Spray,charge,0
shadow escavalier,Drill Run,charge,0
shadow escavalier,Aerial Ace,charge,0
shadow escavalier,Razor Shell,charge,0
foongus,Astonish,fast,0
foongus,Feint Attack,fast,0
foongus,Energy Ball,charge,0
foongus,Body Slam,charge,0
foongus,Grass Knot,charge,0
shadow foongus,Astonish,fast,0
shadow foongus,Feint Attack,fast,0
shadow foongus,Energy Ball,charge,0
shadow foongus,Body Slam,charge,0
shadow foongus,Grass Knot,charge,0
amoonguss,Astonish,fast,0
amoonguss,Feint Attack,fast,0
amoonguss,Foul Play,charge,0
amoonguss,Sludge Bomb,charge,0
amoonguss,Grass Knot,charge,0
shadow amoonguss,Astonish,fast,0
shadow amoonguss,Feint Attack,fast,0
shadow amoonguss,Foul Play,charge,0
shadow amoonguss,Sludge Bomb,charge,0
shadow amoonguss,Grass Knot,charge,0
frillish,Bubble,fast,0
frillish,Hex,fast,0
frillish,Night Shade,charge,0
frillish,Ice Beam,charge,0
frillish,Ominous Wind,charge,0
jellicent,Bubble,fast,0
jellicent,Hex,fast,0
jellicent,Shadow Ball,charge,0
jellicent,Ice Beam,charge,0
jellicent,Bubble Beam,charge,0
jellicent,Surf,charge,0
alomomola,Waterfall,fast,0
alomomola,Hidden Power Bug,fast,0
alomomola,Hidden Power Dark,fast,0
alomomola,Hidden Power Dragon,fast,0
alomomola,Hidden Power Electric,fast,0
alomomola,Hidden Power Fighting,fast,0
alomomola,Hidden Power Fire,fast,0
alomomola,Hidden Power Flying,fast,0
alomomola,Hidden Power Ghost,fast,0
alomomola,Hidden Power Grass,fast,0
alomomola,Hidden Power Ground,fast,0
alomomola,Hidden Power Ice,fast,0
alomomola,Hidden Power Poison,fast,0
alomomola,Hidden Power Psychic,fast,0
alomomola,Hidden Power Rock,fast,0
alomomola,Hidden Power Steel,fast,0
alomomola,Hidden Power Water,fast,0
alomomola,Hydro Pump,charge,0
alomomola,Blizzard,charge,0
alomomola,Psychic,charge,0
joltik,Charge Beam,fast,0
joltik,Sucker Punch,fast,0
joltik,Cross Poison,charge,0
joltik,Bug Buzz,charge,0
joltik,Discharge,charge,0
shadow joltik,Charge Beam,fast,0
shadow joltik,Sucker Punch,fast,0
shadow joltik,Cross Poison,charge,0
shadow joltik,Bug Buzz,charge,0
shadow joltik,Discharge,charge,0
galvantula,Volt Switch,fast,0
galvantula,Fury Cutter,fast,0
galvantula,Cross Poison,charge,0
galvantula,Bug Buzz,charge,0
galvantula,Discharge,charge,0
galvantula,Energy Ball,charge,0
galvantula,Lunge,charge,0
shadow galvantula,Volt Switch,fast,0
shadow galvantula,Fury Cutter,fast,0
shadow galvantula,Cross Poison,charge,0
shadow galvantula,Bug Buzz,charge,0
shadow galvantula,Discharge,charge,0
shadow galvantula,Energy Ball,charge,0
shadow galvantula,Lunge,charge,0
ferroseed,Tackle,fast,0
ferroseed,Metal Claw,fast,0
ferroseed,Gyro Ball,charge,0
ferroseed,Flash Cannon,charge,0
ferroseed,Iron Head,charge,0
shadow ferroseed,Tackle,fast,0
shadow ferroseed,Metal Claw,fast,0
shadow ferroseed,Gyro Ball,charge,0
shadow ferroseed,Flash Cannon,charge,0
shadow ferroseed,Iron Head,charge,0
ferrothorn,Bullet Seed,fast,0
ferrothorn,Metal Claw,fast,0
ferrothorn,Power Whip,charge,0
ferrothorn,Flash Cannon,charge,0
ferrothorn,Acid Spray,charge,0
ferrothorn,Thunder,charge,0
ferrothorn,Mirror Shot,charge,0
shadow ferrothorn,Bullet Seed,fast,0
shadow ferrothorn,Metal Claw,fast,0
shadow ferrothorn,Power Whip,charge,0
shadow ferrothorn,Flash Cannon,charge,0
shadow ferrothorn,Acid Spray,charge,0
shadow ferrothorn,Thunder,charge,0
shadow ferrothorn,Mirror Shot,charge,0
klink,Volt Switch,fast,0
klink,Charge Beam,fast,0
klink,Metal Sound,fast,0
klink,Vise Grip,charge,0
klink,Discharge,charge,0
klink,Zap Cannon,charge,0
klang,Thunder Shock,fast,0
klang,Charge Beam,fast,0
klang,Metal Sound,fast,0
klang,Vise Grip,charge,0
klang,Thunderbolt,charge,0
klang,Zap Cannon,charge,0
klinklang,Thunder Shock,fast,0
klinklang,Charge Beam,fast,0
klinklang,Metal Sound,fast,0
klinklang,Hyper Beam,charge,0
klinklang,Flash Cannon,charge,0
klinklang,Zap Cannon,charge,0
klinklang,Mirror Shot,charge,0
eelektrik,Acid,fast,0
eelektrik,Spark,fast,0
eelektrik,Crunch,charge,0
eelektrik,Thunderbolt,charge,0
eelektrik,Discharge,charge,0
eelektross,Acid,fast,0
eelektross,Spark,fast,0
eelektross,Volt Switch,fast,1
eelektross,Crunch,charge,0
eelektross,Thunderbolt,charge,0
eelektross,Acid Spray,charge,0
eelektross,Dragon Claw,charge,0
eelektross,Liquidation,charge,0
elgyem,Confusion,fast,0
elgyem,Astonish,fast,0
elgyem,Psybeam,charge,0
elgyem,Dark Pulse,charge,0
elgyem,Psychic,charge,0
beheeyem,Confusion,fast,0
beheeyem,Astonish,fast,0
beheeyem,Rock Slide,charge,0
beheeyem,Dark Pulse,charge,0
beheeyem,Psychic,charge,0
litwick,Astonish,fast,0
litwick,Ember,fast,0
litwick,Flame Charge,charge,0
litwick,Flame Burst,charge,0
litwick,Heat Wave,charge,0
litwick,Mystical Fire,charge,0
shadow litwick,Astonish,fast,0
shadow litwick,Ember,fast,0
shadow litwick,Flame Charge,charge,0
shadow litwick,Flame Burst,charge,0
shadow litwick,Heat Wave,charge,0
shadow litwick,Mystical Fire,charge,0
lampent,Astonish,fast,0
lampent,Ember,fast,0
lampent,Energy Ball,charge,0
lampent,Flame Burst,charge,0
lampent,Heat Wave,charge,0
shadow lampent,Astonish,fast,0
shadow lampent,Ember,fast,0
shadow lampent,Energy Ball,charge,0
shadow lampent,Flame Burst,charge,0
shadow lampent,Heat Wave,charge,0
chandelure,Hex,fast,0
chandelure,Fire Spin,fast,0
chandelure,Incinerate,fast,0
chandelure,Energy Ball,charge,0
chandelure,Shadow Ball,charge,0
chandelure,Overheat,charge,0
chandelure,Flame Charge,charge,0
chandelure,Poltergeist,charge,1
shadow chandelure,Hex,fast,0
shadow chandelure,Fire Spin,fast,0
shadow chandelure,Incinerate,fast,0
shadow chandelure,Energy Ball,charge,0
shadow chandelure,Shadow Ball,charge,0
shadow chandelure,Overheat,charge,0
shadow chandelure,Flame Charge,charge,0
shadow chandelure,Poltergeist,charge,0
axew,Scratch,fast,0
axew,Iron Tail,fast,0
axew,Dragon Claw,charge,0
axew,Aqua Tail,charge,0
axew,Dragon Pulse,charge,0
shadow axew,Scratch,fast,0
shadow axew,Iron Tail,fast,0
shadow axew,Dragon Claw,charge,0
shadow axew,Aqua Tail,charge,0
shadow axew,Dragon Pulse,charge,0
fraxure,Dragon Tail,fast,0
fraxure,Iron Tail,fast,0
fraxure,Dragon Claw,charge,0
fraxure,Aqua Tail,charge,0
fraxure,Night Slash,charge,0
shadow fraxure,Dragon Tail,fast,0
shadow fraxure,Iron Tail,fast,0
shadow fraxure,Dragon Claw,charge,0
shadow fraxure,Aqua Tail,charge,0
shadow fraxure,Night Slash,charge,0
haxorus,Dragon Tail,fast,0
haxorus,Counter,fast,0
haxorus,Dragon Claw,charge,0
haxorus,Surf,charge,0
haxorus,Night Slash,charge,0
haxorus,Earthquake,charge,0
haxorus,Breaking Swipe,charge,1
shadow haxorus,Dragon Tail,fast,0
shadow haxorus,Counter,fast,0
shadow haxorus,Dragon Claw,charge,0
shadow haxorus,Surf,charge,0
shadow haxorus,Night Slash,charge,0
shadow haxorus,Earthquake,charge,0
shadow haxorus,Breaking Swipe,charge,0
cubchoo,Powder Snow,fast,0
cubchoo,Charm,fast,0
cubchoo,Ice Punch,charge,0
cubchoo,Icy Wind,charge,0
cubchoo,Play Rough,charge,0
beartic,Powder Snow,fast,0
beartic,Charm,fast,0
beartic,Ice Punch,charge,0
beartic,Surf,charge,0
beartic,Play Rough,charge,0
beartic,Liquidation,charge,0
cryogonal,Ice Shard,fast,0
cryogonal,Frost Breath,fast,0
cryogonal,Aurora Beam,charge,0
cryogonal,Night Slash,charge,0
cryogonal,Solar Beam,charge,0
cryogonal,Water Pulse,charge,0
cryogonal,Triple Axel,charge,0
shelmet,Acid,fast,0
shelmet,Infestation,fast,0
shelmet,Bug Buzz,charge,0
shelmet,Body Slam,charge,0
shelmet,Signal Beam,charge,0
shadow shelmet,Acid,fast,0
shadow shelmet,Infestation,fast,0
shadow shelmet,Bug Buzz,charge,0
shadow shelmet,Body Slam,charge,0
shadow shelmet,Signal Beam,charge,0
accelgor,Acid,fast,0
accelgor,Infestation,fast,0
accelgor,Water Shuriken,fast,0
accelgor,Bug Buzz,charge,0
accelgor,Acid Spray,charge,0
accelgor,Signal Beam,charge,0
accelgor,Focus Blast,charge,0
accelgor,Energy Ball,charge,1
shadow accelgor,Acid,fast,0
shadow accelgor,Infestation,fast,0
shadow accelgor,Water Shuriken,fast,0
shadow accelgor,Bug Buzz,charge,0
shadow accelgor,Acid Spray,charge,0
shadow accelgor,Signal Beam,charge,0
shadow accelgor,Focus Blast,charge,0
shadow accelgor,Energy Ball,charge,0
stunfisk,Thunder Shock,fast,0
stunfisk,Mud Shot,fast,0
stunfisk,Mud Bomb,charge,0
stunfisk,Discharge,charge,0
stunfisk,Muddy Water,charge,0
galarian stunfisk,Mud Shot,fast,0
galarian stunfisk,Metal Claw,fast,0
galarian stunfisk,Earthquake,charge,0
galarian stunfisk,Flash Cannon,charge,0
galarian stunfisk,Muddy Water,charge,0
galarian stunfisk,Rock Slide,charge,0
mienfoo,Low Kick,fast,0
mienfoo,Pound,fast,0
mienfoo,Brick Break,charge,0
mienfoo,Low Sweep,charge,0
mienfoo,Focus Blast,charge,0
mienfoo,High Jump Kick,charge,1
mienfoo,Drain Punch,charge,0
mienshao,Low Kick,fast,0
mienshao,Poison Jab,fast,0
mienshao,Force Palm,fast,0
mienshao,Brick Break,charge,0
mienshao,Grass Knot,charge,0
mienshao,Stone Edge,charge,0
mienshao,Blaze Kick,charge,0
mienshao,Brutal Swing,charge,0
mienshao,Drain Punch,charge,0
druddigon,Dragon Tail,fast,0
druddigon,Bite,fast,0
druddigon,Dragon Claw,charge,0
druddigon,Night Slash,charge,0
druddigon,Hyper Beam,charge,0
druddigon,Rock Tomb,charge,0
golett,Astonish,fast,0
golett,Mud Slap,fast,0
golett,Shadow Punch,charge,0
golett,Brick Break,charge,0
golett,Night Shade,charge,0
shadow golett,Astonish,fast,0
shadow golett,Mud Slap,fast,0
shadow golett,Shadow Punch,charge,0
shadow golett,Brick Break,charge,0
shadow golett,Night Shade,charge,0
golurk,Astonish,fast,0
golurk,Mud Slap,fast,0
golurk,Shadow Punch,charge,0
golurk,Dynamic Punch,charge,0
golurk,Earth Power,charge,0
golurk,Poltergeist,charge,0
shadow golurk,Astonish,fast,0
shadow golurk,Mud Slap,fast,0
shadow golurk,Shadow Punch,charge,0
shadow golurk,Dynamic Punch,charge,0
shadow golurk,Earth Power,charge,0
shadow golurk,Poltergeist,charge,0
pawniard,Scratch,fast,0
pawniard,Fury Cutter,fast,0
pawniard,Night Slash,charge,0
pawniard,Iron Head,charge,0
pawniard,X-Scissor,charge,0
bisharp,Snarl,fast,0
bisharp,Metal Claw,fast,0
bisharp,Dark Pulse,charge,0
bisharp,Iron Head,charge,0
bisharp,X-Scissor,charge,0
bisharp,Focus Blast,charge,0
bouffalant,Zen Headbutt,fast,0
bouffalant,Mud Shot,fast,0
bouffalant,Megahorn,charge,0
bouffalant,Stomp,charge,0
bouffalant,Skull Bash,charge,0
bouffalant,Earthquake,charge,0
rufflet,Peck,fast,0
rufflet,Wing Attack,fast,0
rufflet,Aerial Ace,charge,0
rufflet,Brave Bird,charge,0
rufflet,Rock Tomb,charge,0
rufflet,Fly,charge,0
braviary,Steel Wing,fast,0
braviary,Air Slash,fast,0
braviary,Heat Wave,charge,0
braviary,Brave Bird,charge,0
braviary,Rock Slide,charge,0
braviary,Close Combat,charge,0
braviary,Fly,charge,0
hisuian braviary,Zen Headbutt,fast,0
hisuian braviary,Air Slash,fast,0
hisuian braviary,Dazzling Gleam,charge,0
hisuian braviary,Brave Bird,charge,0
hisuian braviary,Psychic,charge,0
hisuian braviary,Ominous Wind,charge,0
hisuian braviary,Fly,charge,0
vullaby,Feint Attack,fast,0
vullaby,Air Slash,fast,0
vullaby,Dark Pulse,charge,0
vullaby,Brave Bird,charge,0
vullaby,Foul Play,charge,0
mandibuzz,Snarl,fast,0
mandibuzz,Air Slash,fast,0
mandibuzz,Dark Pulse,charge,0
mandibuzz,Aerial Ace,charge,0
mandibuzz,Foul Play,charge,0
mandibuzz,Shadow Ball,charge,0
heatmor,Lick,fast,0
heatmor,Fire Spin,fast,0
heatmor,Flamethrower,charge,0
heatmor,Thunder Punch,charge,0
heatmor,Power-Up Punch,charge,0
durant,Bug Bite,fast,0
durant,Metal Claw,fast,0
durant,X-Scissor,charge,0
durant,Iron Head,charge,0
durant,Stone Edge,charge,0
deino,Tackle,fast,0
deino,Dragon Breath,fast,0
deino,Dragon Pulse,charge,0
deino,Crunch,charge,0
deino,Body Slam,charge,0
shadow deino,Tackle,fast,0
shadow deino,Dragon Breath,fast,0
shadow deino,Dragon Pulse,charge,0
shadow deino,Crunch,charge,0
shadow deino,Body Slam,charge,0
zweilous,Bite,fast,0
zweilous,Dragon Breath,fast,0
zweilous,Dragon Pulse,charge,0
zweilous,Dark Pulse,charge,0
zweilous,Body Slam,charge,0
shadow zweilous,Bite,fast,0
shadow zweilous,Dragon Breath,fast,0
shadow zweilous,Dragon Pulse,charge,0
shadow zweilous,Dark Pulse,charge,0
shadow zweilous,Body Slam,charge,0
hydreigon,Bite,fast,0
hydreigon,Dragon Breath,fast,0
hydreigon,Dragon Pulse,charge,0
hydreigon,Dark Pulse,charge,0
hydreigon,Flash Cannon,charge,0
hydreigon,Brutal Swing,charge,1
hydreigon,Fly,charge,0
shadow hydreigon,Bite,fast,0
shadow hydreigon,Dragon Breath,fast,0
shadow hydreigon,Dragon Pulse,charge,0
shadow hydreigon,Dark Pulse,charge,0
shadow hydreigon,Flash Cannon,charge,0
shadow hydreigon,Brutal Swing,charge,0
shadow hydreigon,Fly,charge,0
larvesta,Ember,fast,0
larvesta,Bug Bite,fast,0
larvesta,Flame Charge,charge,0
larvesta,Bug Buzz,charge,0
larvesta,Flame Wheel,charge,0
volcarona,Fire Spin,fast,0
volcarona,Bug Bite,fast,0
volcarona,Overheat,charge,0
volcarona,Bug Buzz,charge,0
volcarona,Solar Beam,charge,0
volcarona,Hurricane,charge,0
cobalion,Metal Claw,fast,0
cobalion,Zen Headbutt,fast,0
cobalion,Double Kick,fast,0
cobalion,Close Combat,charge,0
cobalion,Iron Head,charge,0
cobalion,Stone Edge,charge,0
cobalion,Sacred Sword,charge,1
terrakion,Smack Down,fast,0
terrakion,Zen Headbutt,fast,0
terrakion,Double Kick,fast,0
terrakion,Close Combat,charge,0
terrakion,Earthquake,charge,0
terrakion,Rock Slide,charge,0
terrakion,Sacred Sword,charge,1
virizion,Quick Attack,fast,0
virizion,Zen Headbutt,fast,0
virizion,Double Kick,fast,0
virizion,Close Combat,charge,0
virizion,Leaf Blade,charge,0
virizion,Stone Edge,charge,0
virizion,Sacred Sword,charge,1
tornadus incarnate,Bite,fast,0
tornadus incarnate,Air Slash,fast,0
tornadus incarnate,Grass Knot,charge,0
tornadus incarnate,Dark Pulse,charge,0
tornadus incarnate,Hyper Beam,charge,0
tornadus incarnate,Hurricane,charge,0
shadow tornadus incarnate,Bite,fast,0
shadow tornadus incarnate,Air Slash,fast,0
shadow tornadus incarnate,Grass Knot,charge,0
shadow tornadus incarnate,Dark Pulse,charge,0
shadow tornadus incarnate,Hyper Beam,charge,0
shadow tornadus incarnate,Hurricane,charge,0
tornadus therian,Astonish,fast,0
tornadus therian,Gust,fast,0
tornadus therian,Heat Wave,charge,0
tornadus therian,Psychic,charge,0
tornadus therian,Focus Blast,charge,0
tornadus therian,Hurricane,charge,0
tornadus therian,Bleakwind Storm,charge,1
thundurus incarnate,Astonish,fast,0
thundurus incarnate,Thunder Shock,fast,0
thundurus incarnate,Crunch,charge,0
thundurus incarnate,Thunder,charge,0
thundurus incarnate,Brick Break,charge,0
thundurus incarnate,Thunder Punch,charge,0
shadow thundurus incarnate,Astonish,fast,0
shadow thundurus incarnate,Thunder Shock,fast,0
shadow thundurus incarnate,Crunch,charge,0
shadow thundurus incarnate,Thunder,charge,0
shadow thundurus incarnate,Brick Break,charge,0
shadow thundurus incarnate,Thunder Punch,charge,0
thundurus therian,Bite,fast,0
thundurus therian,Volt Switch,fast,0
thundurus therian,Sludge Wave,charge,0
thundurus therian,Thunder,charge,0
thundurus therian,Focus Blast,charge,0
thundurus therian,Thunderbolt,charge,0
thundurus therian,Wildbolt Storm,charge,1
reshiram,Dragon Breath,fast,0
reshiram,Fire Fang,fast,0
reshiram,Crunch,charge,0
reshiram,Overheat,charge,0
reshiram,Draco Meteor,charge,0
reshiram,Stone Edge,charge,0
reshiram,Fusion Flare,charge,1
shadow reshiram,Dragon Breath,fast,0
shadow reshiram,Fire Fang,fast,0
shadow reshiram,Crunch,charge,0
shadow reshiram,Overheat,charge,0
shadow reshiram,Draco Meteor,charge,0
shadow reshiram,Stone Edge,charge,0
shadow reshiram,Fusion Flare,charge,0
zekrom,Dragon Breath,fast,0
zekrom,Charge Beam,fast,0
zekrom,Outrage,charge,0
zekrom,Wild Charge,charge,0
zekrom,Flash Cannon,charge,0
zekrom,Crunch,charge,0
zekrom,Fusion Bolt,charge,1
landorus incarnate,Mud Shot,fast,0
landorus incarnate,Rock Throw,fast,0
landorus incarnate,Earth Power,charge,0
landorus incarnate,Outrage,charge,0
landorus incarnate,Rock Slide,charge,0
landorus incarnate,Focus Blast,charge,0
shadow landorus incarnate,Mud Shot,fast,0
shadow landorus incarnate,Rock Throw,fast,0
shadow landorus incarnate,Earth Power,charge,0
shadow landorus incarnate,Outrage,charge,0
shadow landorus incarnate,Rock Slide,charge,0
shadow landorus incarnate,Focus Blast,charge,0
landorus therian,Mud Shot,fast,0
landorus therian,Extrasensory,fast,0
landorus therian,Earthquake,charge,0
landorus therian,Stone Edge,charge,0
landorus therian,Superpower,charge,0
landorus therian,Bulldoze,charge,0
landorus therian,Sandsear Storm,charge,1
kyurem,Dragon Breath,fast,0
kyurem,Steel Wing,fast,0
kyurem,Dragon Claw,charge,0
kyurem,Blizzard,charge,0
kyurem,Draco Meteor,charge,0
kyurem,Glaciate,charge,1
kyurem black,Dragon Tail,fast,0
kyurem black,Shadow Claw,fast,0
kyurem black,Iron Head,charge,0
kyurem black,Blizzard,charge,0
kyurem black,Stone Edge,charge,0
kyurem black,Outrage,charge,0
kyurem black,Fusion Bolt,charge,0
kyurem black,Freeze Shock,charge,1
kyurem white,Dragon Breath,fast,0
kyurem white,Steel Wing,fast,0
kyurem white,Ice Fang,fast,0
kyurem white,Dragon Pulse,charge,0
kyurem white,Blizzard,charge,0
kyurem white,Ancient Power,charge,0
kyurem white,Focus Blast,charge,0
kyurem white,Fusion Flare,charge,0
kyurem white,Ice Burn,charge,1
keldeo ordinary,Poison Jab,fast,0
keldeo ordinary,Low Kick,fast,0
keldeo ordinary,Aqua Jet,charge,0
keldeo ordinary,Close Combat,charge,0
keldeo ordinary,Hydro Pump,charge,0
keldeo ordinary,X-Scissor,charge,0
keldeo ordinary,Sacred Sword,charge,0
keldeo resolute,Poison Jab,fast,0
keldeo resolute,Low Kick,fast,0
keldeo resolute,Aqua Jet,charge,0
keldeo resolute,Close Combat,charge,0
keldeo resolute,Hydro Pump,charge,0
keldeo resolute,X-Scissor,charge,0
keldeo resolute,Secret Sword,charge,1
meloetta aria,Quick Attack,fast,0
meloetta aria,Confusion,fast,0
meloetta aria,Psyshock,charge,0
meloetta aria,Thunderbolt,charge,0
meloetta aria,Dazzling Gleam,charge,0
meloetta aria,Hyper Beam,charge,0
meloetta pirouette,Quick Attack,fast,0
meloetta pirouette,Low Kick,fast,0
meloetta pirouette,Close Combat,charge,0
meloetta pirouette,Fire Punch,charge,0
meloetta pirouette,Ice Punch,charge,0
meloetta pirouette,Hyper Beam,charge,0
genesect,Metal Claw,fast,0
genesect,Fury Cutter,fast,0
genesect,X-Scissor,charge,0
genesect,Magnet Bomb,charge,0
genesect,Hyper Beam,charge,0
genesect,Techno Blast (Normal),charge,1
genesect burn,Metal Claw,fast,0
genesect burn,Fury Cutter,fast,0
genesect burn,X-Scissor,charge,0
genesect burn,Magnet Bomb,charge,0
genesect burn,Flamethrower,charge,0
genesect burn,Techno Blast (Fire),charge,1
genesect chill,Metal Claw,fast,0
genesect chill,Fury Cutter,fast,0
genesect chill,X-Scissor,charge,0
genesect chill,Magnet Bomb,charge,0
genesect chill,Ice Beam,charge,0
genesect chill,Techno Blast (Ice),charge,1
genesect douse,Metal Claw,fast,0
genesect douse,Fury Cutter,fast,0
genesect douse,X-Scissor,charge,0
genesect douse,Magnet Bomb,charge,0
genesect douse,Gunk Shot,charge,0
genesect douse,Techno Blast (Water),charge,1
genesect shock,Metal Claw,fast,0
genesect shock,Fury Cutter,fast,0
genesect shock,X-Scissor,charge,0
genesect shock,Magnet Bomb,charge,0
genesect shock,Zap Cannon,charge,0
genesect shock,Techno Blast (Electric),charge,1
chespin,Take Down,fast,0
chespin,Vine Whip,fast,0
chespin,Gyro Ball,charge,0
chespin,Seed Bomb,charge,0
chespin,Body Slam,charge,0
shadow chespin,Take Down,fast,0
shadow chespin,Vine Whip,fast,0
shadow chespin,Gyro Ball,charge,0
shadow chespin,Seed Bomb,charge,0
shadow chespin,Body Slam,charge,0
quilladin,Low Kick,fast,0
quilladin,Vine Whip,fast,0
quilladin,Gyro Ball,charge,0
quilladin,Energy Ball,charge,0
quilladin,Body Slam,charge,0
shadow quilladin,Low Kick,fast,0
shadow quilladin,Vine Whip,fast,0
shadow quilladin,Gyro Ball,charge,0
shadow quilladin,Energy Ball,charge,0
shadow quilladin,Body Slam,charge,0
chesnaught,Low Kick,fast,0
chesnaught,Smack Down,fast,0
chesnaught,Vine Whip,fast,0
chesnaught,Gyro Ball,charge,0
chesnaught,Energy Ball,charge,0
chesnaught,Superpower,charge,0
chesnaught,Solar Beam,charge,0
chesnaught,Frenzy Plant,charge,1
chesnaught,Thunder Punch,charge,0
mega chesnaught,Low Kick,fast,0
mega chesnaught,Smack Down,fast,0
mega chesnaught,Vine Whip,fast,0
mega chesnaught,Gyro Ball,charge,0
mega chesnaught,Energy Ball,charge,0
mega chesnaught,Superpower,charge,0
mega chesnaught,Solar Beam,charge,0
mega chesnaught,Frenzy Plant,charge,1
mega chesnaught,Thunder Punch,charge,0
mega chesnaught,Seed Bomb+,charge,1
shadow chesnaught,Low Kick,fast,0
shadow chesnaught,Smack Down,fast,0
shadow chesnaught,Vine Whip,fast,0
shadow chesnaught,Gyro Ball,charge,0
shadow chesnaught,Energy Ball,charge,0
shadow chesnaught,Superpower,charge,0
shadow chesnaught,Solar Beam,charge,0
shadow chesnaught,Frenzy Plant,charge,1
shadow chesnaught,Thunder Punch,charge,0
fennekin,Scratch,fast,0
fennekin,Ember,fast,0
fennekin,Psyshock,charge,0
fennekin,Flamethrower,charge,0
fennekin,Flame Charge,charge,0
shadow fennekin,Scratch,fast,0
shadow fennekin,Ember,fast,0
shadow fennekin,Psyshock,charge,0
shadow fennekin,Flamethrower,charge,0
shadow fennekin,Flame Charge,charge,0
braixen,Scratch,fast,0
braixen,Ember,fast,0
braixen,Psyshock,charge,0
braixen,Flamethrower,charge,0
braixen,Flame Charge,charge,0
shadow braixen,Scratch,fast,0
shadow braixen,Ember,fast,0
shadow braixen,Psyshock,charge,0
shadow braixen,Flamethrower,charge,0
shadow braixen,Flame Charge,charge,0
delphox,Scratch,fast,0
delphox,Fire Spin,fast,0
delphox,Zen Headbutt,fast,0
delphox,Psychic,charge,0
delphox,Flamethrower,charge,0
delphox,Flame Charge,charge,0
delphox,Fire Blast,charge,0
delphox,Blast Burn,charge,1
delphox,Mystical Fire,charge,0
delphox,Psyshock,charge,0
Mega delphox,Scratch,fast,0
Mega delphox,Fire Spin,fast,0
Mega delphox,Zen Headbutt,fast,0
Mega delphox,Psychic,charge,0
Mega delphox,Flamethrower,charge,0
Mega delphox,Flame Charge,charge,0
Mega delphox,Fire Blast,charge,0
Mega delphox,Blast Burn,charge,1
Mega delphox,Mystical Fire,charge,0
Mega delphox,Psyshock,charge,0
shadow delphox,Scratch,fast,0
shadow delphox,Fire Spin,fast,0
shadow delphox,Zen Headbutt,fast,0
shadow delphox,Psychic,charge,0
shadow delphox,Flamethrower,charge,0
shadow delphox,Flame Charge,charge,0
shadow delphox,Fire Blast,charge,0
shadow delphox,Blast Burn,charge,1
shadow delphox,Mystical Fire,charge,0
shadow delphox,Psyshock,charge,0
froakie,Pound,fast,0
froakie,Bubble,fast,0
froakie,Water Pulse,charge,0
froakie,Aerial Ace,charge,0
froakie,Surf,charge,0
shadow froakie,Pound,fast,0
shadow froakie,Bubble,fast,0
shadow froakie,Water Pulse,charge,0
shadow froakie,Aerial Ace,charge,0
shadow froakie,Surf,charge,0
frogadier,Pound,fast,0
frogadier,Bubble,fast,0
frogadier,Water Pulse,charge,0
frogadier,Aerial Ace,charge,0
frogadier,Surf,charge,0
shadow frogadier,Pound,fast,0
shadow frogadier,Bubble,fast,0
shadow frogadier,Water Pulse,charge,0
shadow frogadier,Aerial Ace,charge,0
shadow frogadier,Surf,charge,0
greninja,Feint Attack,fast,0
greninja,Bubble,fast,0
greninja,Water Shuriken,fast,0
greninja,Night Slash,charge,0
greninja,Aerial Ace,charge,0
greninja,Surf,charge,0
greninja,Hydro Pump,charge,0
greninja,Hydro Cannon,charge,1
greninja,Brutal Swing,charge,0
mega greninja,Feint Attack,fast,0
mega greninja,Bubble,fast,0
mega greninja,Water Shuriken,fast,0
mega greninja,Night Slash,charge,0
mega greninja,Aerial Ace,charge,0
mega greninja,Surf,charge,0
mega greninja,Surf+,charge,1
mega greninja,Hydro Pump,charge,0
mega greninja,Hydro Cannon,charge,1
mega greninja,Brutal Swing,charge,0
shadow greninja,Feint Attack,fast,0
shadow greninja,Bubble,fast,0
shadow greninja,Water Shuriken,fast,0
shadow greninja,Night Slash,charge,0
shadow greninja,Aerial Ace,charge,0
shadow greninja,Surf,charge,0
shadow greninja,Hydro Pump,charge,0
shadow greninja,Hydro Cannon,charge,1
shadow greninja,Brutal Swing,charge,0
bunnelby,Mud Slap,fast,0
bunnelby,Quick Attack,fast,0
bunnelby,Dig,charge,0
bunnelby,Bulldoze,charge,0
bunnelby,Earthquake,charge,0
shadow bunnelby,Mud Slap,fast,0
shadow bunnelby,Quick Attack,fast,0
shadow bunnelby,Dig,charge,0
shadow bunnelby,Bulldoze,charge,0
shadow bunnelby,Earthquake,charge,0
diggersby,Mud Shot,fast,0
diggersby,Quick Attack,fast,0
diggersby,Dig,charge,0
diggersby,Hyper Beam,charge,0
diggersby,Earthquake,charge,0
diggersby,Fire Punch,charge,0
diggersby,Scorching Sands,charge,0
shadow diggersby,Mud Shot,fast,0
shadow diggersby,Quick Attack,fast,0
shadow diggersby,Dig,charge,0
shadow diggersby,Hyper Beam,charge,0
shadow diggersby,Earthquake,charge,0
shadow diggersby,Fire Punch,charge,0
shadow diggersby,Scorching Sands,charge,0
fletchling,Peck,fast,0
fletchling,Quick Attack,fast,0
fletchling,Aerial Ace,charge,0
fletchling,Heat Wave,charge,0
fletchling,Swift,charge,0
fletchling,Fly,charge,0
shadow fletchling,Peck,fast,0
shadow fletchling,Quick Attack,fast,0
shadow fletchling,Aerial Ace,charge,0
shadow fletchling,Heat Wave,charge,0
shadow fletchling,Swift,charge,0
shadow fletchling,Fly,charge,0
fletchinder,Peck,fast,0
fletchinder,Ember,fast,0
fletchinder,Steel Wing,fast,0
fletchinder,Aerial Ace,charge,0
fletchinder,Heat Wave,charge,0
fletchinder,Flame Charge,charge,0
fletchinder,Fly,charge,0
shadow fletchinder,Peck,fast,0
shadow fletchinder,Ember,fast,0
shadow fletchinder,Steel Wing,fast,0
shadow fletchinder,Aerial Ace,charge,0
shadow fletchinder,Heat Wave,charge,0
shadow fletchinder,Flame Charge,charge,0
shadow fletchinder,Fly,charge,0
talonflame,Peck,fast,0
talonflame,Fire Spin,fast,0
talonflame,Steel Wing,fast,0
talonflame,Incinerate,fast,1
talonflame,Brave Bird,charge,0
talonflame,Fire Blast,charge,0
talonflame,Flame Charge,charge,0
talonflame,Hurricane,charge,0
talonflame,Fly,charge,0
shadow talonflame,Peck,fast,0
shadow talonflame,Fire Spin,fast,0
shadow talonflame,Steel Wing,fast,0
shadow talonflame,Incinerate,fast,0
shadow talonflame,Brave Bird,charge,0
shadow talonflame,Fire Blast,charge,0
shadow talonflame,Flame Charge,charge,0
shadow talonflame,Hurricane,charge,0
shadow talonflame,Fly,charge,0
vivillon,Gust,fast,0
vivillon,Struggle Bug,fast,0
vivillon,Bug Buzz,charge,0
vivillon,Aerial Ace,charge,0
vivillon,Energy Ball,charge,0
vivillon,Hurricane,charge,0
litleo,Fire Fang,fast,0
litleo,Tackle,fast,0
litleo,Ember,fast,0
litleo,Incinerate,fast,0
litleo,Flame Charge,charge,0
litleo,Flamethrower,charge,0
litleo,Crunch,charge,0
pyroar,Fire Fang,fast,0
pyroar,Take Down,fast,0
pyroar,Incinerate,fast,0
pyroar,Ember,fast,0
pyroar,Flame Charge,charge,0
pyroar,Solar Beam,charge,0
pyroar,Dark Pulse,charge,0
pyroar,Overheat,charge,0
flabebe,Vine Whip,fast,0
flabebe,Tackle,fast,0
flabebe,Dazzling Gleam,charge,0
flabebe,Petal Blizzard,charge,0
flabebe,Psychic,charge,0
floette,Vine Whip,fast,0
floette,Tackle,fast,0
floette,Dazzling Gleam,charge,0
floette,Petal Blizzard,charge,0
floette,Psychic,charge,0
florges,Vine Whip,fast,0
florges,Tackle,fast,0
florges,Razor Leaf,fast,0
florges,Fairy Wind,fast,0
florges,Moonblast,charge,0
florges,Petal Blizzard,charge,0
florges,Psychic,charge,0
florges,Disarming Voice,charge,0
florges,Trailblaze,charge,0
skiddo,Zen Headbutt,fast,0
skiddo,Rock Smash,fast,0
skiddo,Brick Break,charge,0
skiddo,Seed Bomb,charge,0
gogoat,Zen Headbutt,fast,0
gogoat,Rock Smash,fast,0
gogoat,Vine Whip,fast,0
gogoat,Brick Break,charge,0
gogoat,Leaf Blade,charge,0
gogoat,Seed Bomb,charge,0
gogoat,Rock Slide,charge,0
pancham,Low Kick,fast,0
pancham,Tackle,fast,0
pancham,Low Sweep,charge,0
pancham,Crunch,charge,0
pancham,Body Slam,charge,0
pangoro,Low Kick,fast,0
pangoro,Snarl,fast,0
pangoro,Bullet Punch,fast,0
pangoro,Karate Chop,fast,0
pangoro,Close Combat,charge,0
pangoro,Night Slash,charge,0
pangoro,Iron Head,charge,0
pangoro,Rock Slide,charge,0
furfrou,Take Down,fast,0
furfrou,Bite,fast,0
furfrou,Sucker Punch,fast,0
furfrou,Sand Attack,fast,0
furfrou,Surf,charge,0
furfrou,Dark Pulse,charge,0
furfrou,Grass Knot,charge,0
espurr,Confusion,fast,0
espurr,Scratch,fast,0
espurr,Psyshock,charge,0
espurr,Energy Ball,charge,0
espurr,Psychic,charge,0
meowstic female,Confusion,fast,0
meowstic female,Charm,fast,0
meowstic female,Magical Leaf,fast,0
meowstic female,Psychic,charge,0
meowstic female,Energy Ball,charge,0
meowstic female,Shadow Ball,charge,0
meowstic,Confusion,fast,0
meowstic,Sucker Punch,fast,0
meowstic,Psychic,charge,0
meowstic,Energy Ball,charge,0
meowstic,Thunderbolt,charge,0
honedge,Tackle,fast,0
honedge,Psycho Cut,fast,0
honedge,Iron Head,charge,0
honedge,Gyro Ball,charge,0
doublade,Psycho Cut,fast,0
doublade,Tackle,fast,0
doublade,Shadow Claw,fast,0
doublade,Iron Head,charge,0
doublade,Gyro Ball,charge,0
doublade,Sacred Sword,charge,0
aegislash blade,Psycho Cut,fast,0
aegislash blade,Air Slash,fast,0
aegislash blade,Flash Cannon,charge,0
aegislash blade,Gyro Ball,charge,0
aegislash blade,Shadow Ball,charge,0
aegislash shield,Psycho Cut,fast,0
aegislash shield,Air Slash,fast,0
aegislash shield,Flash Cannon,charge,0
aegislash shield,Gyro Ball,charge,0
aegislash shield,Shadow Ball,charge,0
spritzee,Charm,fast,0
spritzee,Charge Beam,fast,0
spritzee,Draining Kiss,charge,0
spritzee,Thunderbolt,charge,0
aromatisse,Charm,fast,0
aromatisse,Charge Beam,fast,0
aromatisse,Fairy Wind,fast,0
aromatisse,Moonblast,charge,0
aromatisse,Thunderbolt,charge,0
aromatisse,Psychic,charge,0
aromatisse,Draining Kiss,charge,0
aromatisse,Psyshock,charge,0
swirlix,Tackle,fast,0
swirlix,Draining Kiss,charge,0
swirlix,Energy Ball,charge,0
slurpuff,Tackle,fast,0
slurpuff,Charm,fast,0
slurpuff,Fairy Wind,fast,0
slurpuff,Play Rough,charge,0
slurpuff,Energy Ball,charge,0
slurpuff,Flamethrower,charge,0
slurpuff,Draining Kiss,charge,0
inkay,Peck,fast,0
inkay,Tackle,fast,0
inkay,Psywave,fast,0
inkay,Psybeam,charge,0
inkay,Night Slash,charge,0
shadow inkay,Peck,fast,0
shadow inkay,Tackle,fast,0
shadow inkay,Psywave,fast,0
shadow inkay,Psybeam,charge,0
shadow inkay,Night Slash,charge,0
malamar,Peck,fast,0
malamar,Psycho Cut,fast,0
malamar,Psywave,fast,0
malamar,Psybeam,charge,0
malamar,Foul Play,charge,0
malamar,Superpower,charge,0
malamar,Hyper Beam,charge,0
mega malamar,Peck,fast,0
mega malamar,Psycho Cut,fast,0
mega malamar,Psywave,fast,0
mega malamar,Psybeam,charge,0
mega malamar,Psybeam+,charge,1
mega malamar,Foul Play,charge,0
mega malamar,Superpower,charge,0
mega malamar,Hyper Beam,charge,0
shadow malamar,Peck,fast,0
shadow malamar,Psycho Cut,fast,0
shadow malamar,Psywave,fast,0
shadow malamar,Psybeam,charge,0
shadow malamar,Foul Play,charge,0
shadow malamar,Superpower,charge,0
shadow malamar,Hyper Beam,charge,0
binacle,Scratch,fast,0
binacle,Mud Slap,fast,0
binacle,Ancient Power,charge,0
binacle,Cross Chop,charge,0
binacle,Dig,charge,0
barbaracle,Water Gun,fast,0
barbaracle,Mud Slap,fast,0
barbaracle,Fury Cutter,fast,0
barbaracle,Skull Bash,charge,0
barbaracle,Cross Chop,charge,0
barbaracle,Stone Edge,charge,0
barbaracle,Grass Knot,charge,0
barbaracle,Razor Shell,charge,0
skrelp,Water Gun,fast,0
skrelp,Acid,fast,0
skrelp,Aqua Tail,charge,0
skrelp,Water Pulse,charge,0
skrelp,Twister,charge,0
skrelp,Sludge Bomb,charge,0
dragalge,Water Gun,fast,0
dragalge,Acid,fast,0
dragalge,Dragon Tail,fast,0
dragalge,Hydro Pump,charge,0
dragalge,Aqua Tail,charge,0
dragalge,Outrage,charge,0
dragalge,Gunk Shot,charge,0
dragalge,Focus Blast,charge,0
dragalge,Sludge Bomb,charge,0
clauncher,Water Gun,fast,0
clauncher,Smack Down,fast,0
clauncher,Water Pulse,charge,0
clauncher,Crabhammer,charge,0
clauncher,Aqua Jet,charge,0
clawitzer,Water Gun,fast,0
clawitzer,Smack Down,fast,0
clawitzer,Water Pulse,charge,0
clawitzer,Dark Pulse,charge,0
clawitzer,Ice Beam,charge,0
clawitzer,Crabhammer,charge,0
helioptile,Quick Attack,fast,0
helioptile,Thunder Shock,fast,0
helioptile,Parabolic Charge,charge,0
helioptile,Bulldoze,charge,0
helioptile,Thunderbolt,charge,0
shadow helioptile,Quick Attack,fast,0
shadow helioptile,Thunder Shock,fast,0
shadow helioptile,Parabolic Charge,charge,0
shadow helioptile,Bulldoze,charge,0
shadow helioptile,Thunderbolt,charge,0
heliolisk,Quick Attack,fast,0
heliolisk,Volt Switch,fast,0
heliolisk,Mud Slap,fast,0
heliolisk,Parabolic Charge,charge,0
heliolisk,Bulldoze,charge,0
heliolisk,Thunderbolt,charge,0
heliolisk,Grass Knot,charge,0
heliolisk,Breaking Swipe,charge,0
shadow heliolisk,Quick Attack,fast,0
shadow heliolisk,Volt Switch,fast,0
shadow heliolisk,Mud Slap,fast,0
shadow heliolisk,Parabolic Charge,charge,0
shadow heliolisk,Bulldoze,charge,0
shadow heliolisk,Thunderbolt,charge,0
shadow heliolisk,Grass Knot,charge,0
shadow heliolisk,Breaking Swipe,charge,0
tyrunt,Dragon Tail,fast,0
tyrunt,Tackle,fast,0
tyrunt,Stomp,charge,0
tyrunt,Ancient Power,charge,0
tyrunt,Dragon Claw,charge,0
tyrunt,Rock Tomb,charge,0
shadow tyrunt,Dragon Tail,fast,0
shadow tyrunt,Tackle,fast,0
shadow tyrunt,Stomp,charge,0
shadow tyrunt,Ancient Power,charge,0
shadow tyrunt,Dragon Claw,charge,0
shadow tyrunt,Rock Tomb,charge,0
tyrantrum,Dragon Tail,fast,0
tyrantrum,Charm,fast,0
tyrantrum,Rock Throw,fast,0
tyrantrum,Crunch,charge,0
tyrantrum,Stone Edge,charge,0
tyrantrum,Outrage,charge,0
tyrantrum,Earthquake,charge,0
tyrantrum,Meteor Beam,charge,0
tyrantrum,Rock Tomb,charge,0
shadow tyrantrum,Dragon Tail,fast,0
shadow tyrantrum,Charm,fast,0
shadow tyrantrum,Rock Throw,fast,0
shadow tyrantrum,Crunch,charge,0
shadow tyrantrum,Stone Edge,charge,0
shadow tyrantrum,Outrage,charge,0
shadow tyrantrum,Earthquake,charge,0
shadow tyrantrum,Meteor Beam,charge,0
shadow tyrantrum,Rock Tomb,charge,0
amaura,Powder Snow,fast,0
amaura,Frost Breath,fast,0
amaura,Weather Ball (Ice),charge,0
amaura,Ancient Power,charge,0
amaura,Aurora Beam,charge,0
amaura,Thunderbolt,charge,0
shadow amaura,Powder Snow,fast,0
shadow amaura,Frost Breath,fast,0
shadow amaura,Weather Ball (Ice),charge,0
shadow amaura,Ancient Power,charge,0
shadow amaura,Aurora Beam,charge,0
shadow amaura,Thunderbolt,charge,0
aurorus,Powder Snow,fast,0
aurorus,Frost Breath,fast,0
aurorus,Rock Throw,fast,0
aurorus,Weather Ball (Ice),charge,0
aurorus,Ancient Power,charge,0
aurorus,Blizzard,charge,0
aurorus,Thunderbolt,charge,0
aurorus,Hyper Beam,charge,0
aurorus,Meteor Beam,charge,0
shadow aurorus,Powder Snow,fast,0
shadow aurorus,Frost Breath,fast,0
shadow aurorus,Rock Throw,fast,0
shadow aurorus,Weather Ball (Ice),charge,0
shadow aurorus,Ancient Power,charge,0
shadow aurorus,Blizzard,charge,0
shadow aurorus,Thunderbolt,charge,0
shadow aurorus,Hyper Beam,charge,0
shadow aurorus,Meteor Beam,charge,0
sylveon,Charm,fast,0
sylveon,Quick Attack,fast,0
sylveon,Fairy Wind,fast,0
sylveon,Moonblast,charge,0
sylveon,Dazzling Gleam,charge,0
sylveon,Draining Kiss,charge,0
sylveon,Last Resort,charge,1
sylveon,Psyshock,charge,1
sylveon,Shadow Ball,charge,0
hawlucha,Low Kick,fast,0
hawlucha,Poison Jab,fast,0
hawlucha,Flying Press,charge,0
hawlucha,Aerial Ace,charge,0
hawlucha,X-Scissor,charge,0
hawlucha,Power-Up Punch,charge,0
dedenne,Tackle,fast,0
dedenne,Thunder Shock,fast,0
dedenne,Discharge,charge,0
dedenne,Play Rough,charge,0
dedenne,Parabolic Charge,charge,0
carbink,Tackle,fast,0
carbink,Rock Throw,fast,0
carbink,Rock Slide,charge,0
carbink,Moonblast,charge,0
carbink,Power Gem,charge,0
goomy,Water Gun,fast,0
goomy,Tackle,fast,0
goomy,Dragon Pulse,charge,0
goomy,Sludge Wave,charge,0
goomy,Muddy Water,charge,0
sliggoo,Water Gun,fast,0
sliggoo,Tackle,fast,0
sliggoo,Dragon Breath,fast,0
sliggoo,Dragon Pulse,charge,0
sliggoo,Sludge Wave,charge,0
sliggoo,Muddy Water,charge,0
sliggoo,Water Pulse,charge,0
sliggoo,Body Slam,charge,0
goodra,Water Gun,fast,0
goodra,Dragon Breath,fast,0
goodra,Draco Meteor,charge,0
goodra,Sludge Wave,charge,0
goodra,Muddy Water,charge,0
goodra,Power Whip,charge,0
goodra,Aqua Tail,charge,0
goodra,Thunder Punch,charge,1
klefki,Astonish,fast,0
klefki,Tackle,fast,0
klefki,Flash Cannon,charge,0
klefki,Play Rough,charge,0
klefki,Draining Kiss,charge,0
klefki,Foul Play,charge,0
phantump,Astonish,fast,0
phantump,Tackle,fast,0
phantump,Seed Bomb,charge,0
phantump,Shadow Ball,charge,0
phantump,Foul Play,charge,0
shadow phantump,Astonish,fast,0
shadow phantump,Tackle,fast,0
shadow phantump,Seed Bomb,charge,0
shadow phantump,Shadow Ball,charge,0
shadow phantump,Foul Play,charge,0
trevenant,Shadow Claw,fast,0
trevenant,Sucker Punch,fast,0
trevenant,Seed Bomb,charge,0
trevenant,Shadow Ball,charge,0
trevenant,Foul Play,charge,0
shadow trevenant,Shadow Claw,fast,0
shadow trevenant,Sucker Punch,fast,0
shadow trevenant,Seed Bomb,charge,0
shadow trevenant,Shadow Ball,charge,0
shadow trevenant,Foul Play,charge,0
pumpkaboo average,Astonish,fast,0
pumpkaboo average,Razor Leaf,fast,0
pumpkaboo average,Grass Knot,charge,0
pumpkaboo average,Shadow Sneak,charge,0
pumpkaboo average,Foul Play,charge,0
pumpkaboo large,Astonish,fast,0
pumpkaboo large,Razor Leaf,fast,0
pumpkaboo large,Grass Knot,charge,0
pumpkaboo large,Shadow Sneak,charge,0
pumpkaboo large,Foul Play,charge,0
pumpkaboo small,Astonish,fast,0
pumpkaboo small,Razor Leaf,fast,0
pumpkaboo small,Grass Knot,charge,0
pumpkaboo small,Shadow Sneak,charge,0
pumpkaboo small,Foul Play,charge,0
pumpkaboo super,Astonish,fast,0
pumpkaboo super,Razor Leaf,fast,0
pumpkaboo super,Grass Knot,charge,0
pumpkaboo super,Shadow Sneak,charge,0
pumpkaboo super,Foul Play,charge,0
gourgeist average,Hex,fast,0
gourgeist average,Razor Leaf,fast,0
gourgeist average,Incinerate,fast,0
gourgeist average,Seed Bomb,charge,0
gourgeist average,Shadow Ball,charge,0
gourgeist average,Foul Play,charge,0
gourgeist average,Fire Blast,charge,0
gourgeist average,Poltergeist,charge,0
gourgeist large,Hex,fast,0
gourgeist large,Razor Leaf,fast,0
gourgeist large,Incinerate,fast,0
gourgeist large,Seed Bomb,charge,0
gourgeist large,Shadow Ball,charge,0
gourgeist large,Foul Play,charge,0
gourgeist large,Fire Blast,charge,0
gourgeist large,Poltergeist,charge,0
gourgeist small,Hex,fast,0
gourgeist small,Razor Leaf,fast,0
gourgeist small,Incinerate,fast,0
gourgeist small,Seed Bomb,charge,0
gourgeist small,Shadow Ball,charge,0
gourgeist small,Foul Play,charge,0
gourgeist small,Fire Blast,charge,0
gourgeist small,Poltergeist,charge,0
gourgeist super,Hex,fast,0
gourgeist super,Razor Leaf,fast,0
gourgeist super,Incinerate,fast,0
gourgeist super,Seed Bomb,charge,0
gourgeist super,Shadow Ball,charge,0
gourgeist super,Foul Play,charge,0
gourgeist super,Fire Blast,charge,0
gourgeist super,Poltergeist,charge,0
bergmite,Bite,fast,0
bergmite,Tackle,fast,0
bergmite,Crunch,charge,0
bergmite,Icy Wind,charge,0
bergmite,Mirror Coat,charge,0
avalugg,Bite,fast,0
avalugg,Ice Fang,fast,0
avalugg,Crunch,charge,0
avalugg,Avalanche,charge,0
avalugg,Earthquake,charge,0
avalugg,Body Slam,charge,0
avalugg,Mirror Coat,charge,0
avalugg,Icy Wind,charge,0
hisuian avalugg,Bite,fast,0
hisuian avalugg,Tackle,fast,0
hisuian avalugg,Powder Snow,fast,0
hisuian avalugg,Crunch,charge,0
hisuian avalugg,Rock Slide,charge,0
hisuian avalugg,Blizzard,charge,0
hisuian avalugg,Icy Wind,charge,0
noibat,Wing Attack,fast,0
noibat,Bite,fast,0
noibat,Dragon Pulse,charge,0
noibat,Air Cutter,charge,0
noibat,Heat Wave,charge,0
shadow noibat,Wing Attack,fast,0
shadow noibat,Bite,fast,0
shadow noibat,Dragon Pulse,charge,0
shadow noibat,Air Cutter,charge,0
shadow noibat,Heat Wave,charge,0
noivern,Air Slash,fast,0
noivern,Bite,fast,0
noivern,Draco Meteor,charge,0
noivern,Hurricane,charge,0
noivern,Heat Wave,charge,0
noivern,Psychic,charge,0
noivern,Boomburst,charge,1
shadow noivern,Air Slash,fast,0
shadow noivern,Bite,fast,0
shadow noivern,Draco Meteor,charge,0
shadow noivern,Hurricane,charge,0
shadow noivern,Heat Wave,charge,0
shadow noivern,Psychic,charge,0
shadow noivern,Boomburst,charge,0
xerneas,Tackle,fast,0
xerneas,Zen Headbutt,fast,0
xerneas,Geomancy,fast,1
xerneas,Moonblast,charge,0
xerneas,Megahorn,charge,0
xerneas,Close Combat,charge,0
xerneas,Giga Impact,charge,0
xerneas,Thunder,charge,0
yveltal,Sucker Punch,fast,0
yveltal,Snarl,fast,0
yveltal,Gust,fast,0
yveltal,Dark Pulse,charge,0
yveltal,Hurricane,charge,0
yveltal,Focus Blast,charge,0
yveltal,Hyper Beam,charge,0
yveltal,Psychic,charge,0
yveltal,Oblivion Wing,charge,1
zygarde 10%,Dragon Tail,fast,0
zygarde 10%,Bite,fast,0
zygarde 10%,Zen Headbutt,fast,0
zygarde 10%,Outrage,charge,0
zygarde 10%,Earthquake,charge,0
zygarde 10%,Crunch,charge,0
zygarde 10%,Hyper Beam,charge,0
zygarde 10%,Bulldoze,charge,0
zygarde 50%,Dragon Tail,fast,0
zygarde 50%,Bite,fast,0
zygarde 50%,Zen Headbutt,fast,0
zygarde 50%,Outrage,charge,0
zygarde 50%,Earthquake,charge,0
zygarde 50%,Crunch,charge,0
zygarde 50%,Hyper Beam,charge,0
zygarde 50%,Bulldoze,charge,0
zygarde complete,Dragon Tail,fast,0
zygarde complete,Bite,fast,0
zygarde complete,Zen Headbutt,fast,0
zygarde complete,Outrage,charge,0
zygarde complete,Earthquake,charge,0
zygarde complete,Crunch,charge,0
zygarde complete,Hyper Beam,charge,0
zygarde complete,Bulldoze,charge,0
diancie,Tackle,fast,0
diancie,Rock Throw,fast,0
diancie,Rock Slide,charge,0
diancie,Moonblast,charge,0
diancie,Power Gem,charge,0
mega diancie,Tackle,fast,0
mega diancie,Rock Throw,fast,0
mega diancie,Rock Slide,charge,0
mega diancie,Moonblast,charge,0
mega diancie,Power Gem,charge,0
hoopa,Confusion,fast,0
hoopa,Astonish,fast,0
hoopa,Shadow Ball,charge,0
hoopa,Psybeam,charge,0
hoopa,Psychic,charge,0
hoopa confined,Confusion,fast,0
hoopa confined,Astonish,fast,0
hoopa confined,Shadow Ball,charge,0
hoopa confined,Psybeam,charge,0
hoopa confined,Psychic,charge,0
hoopa unbound,Confusion,fast,0
hoopa unbound,Astonish,fast,0
hoopa unbound,Shadow Ball,charge,0
hoopa unbound,Dark Pulse,charge,0
hoopa unbound,Psychic,charge,0
volcanion,Incinerate,fast,0
volcanion,Water Gun,fast,0
volcanion,Take Down,fast,0
volcanion,Hydro Pump,charge,0
volcanion,Overheat,charge,0
volcanion,Earth Power,charge,0
volcanion,Sludge Bomb,charge,0
volcanion,Scald,charge,0
rowlet,Tackle,fast,0
rowlet,Razor Leaf,fast,0
rowlet,Leafage,fast,0
rowlet,Magical Leaf,fast,0
rowlet,Seed Bomb,charge,0
rowlet,Energy Ball,charge,0
dartrix,Peck,fast,0
dartrix,Razor Leaf,fast,0
dartrix,Leafage,fast,0
dartrix,Magical Leaf,fast,0
dartrix,Seed Bomb,charge,0
dartrix,Energy Ball,charge,0
dartrix,Brave Bird,charge,0
decidueye,Astonish,fast,0
decidueye,Razor Leaf,fast,0
decidueye,Leafage,fast,0
decidueye,Magical Leaf,fast,0
decidueye,Shadow Sneak,charge,0
decidueye,Energy Ball,charge,0
decidueye,Brave Bird,charge,0
decidueye,Frenzy Plant,charge,1
decidueye,Spirit Shackle,charge,0
hisuian decidueye,Magical Leaf,fast,0
hisuian decidueye,Psycho Cut,fast,0
hisuian decidueye,Aura Sphere,charge,0
hisuian decidueye,Energy Ball,charge,0
hisuian decidueye,Aerial Ace,charge,0
hisuian decidueye,Night Shade,charge,0
hisuian decidueye,Trailblaze,charge,0
litten,Scratch,fast,0
litten,Ember,fast,0
litten,Flamethrower,charge,0
litten,Flame Charge,charge,0
litten,Crunch,charge,0
torracat,Bite,fast,0
torracat,Ember,fast,0
torracat,Flamethrower,charge,0
torracat,Flame Charge,charge,0
torracat,Crunch,charge,0
incineroar,Snarl,fast,0
incineroar,Fire Fang,fast,0
incineroar,Double Kick,fast,0
incineroar,Fire Blast,charge,0
incineroar,Flame Charge,charge,0
incineroar,Dark Pulse,charge,0
incineroar,Blaze Kick,charge,0
incineroar,Blast Burn,charge,1
incineroar,Darkest Lariat,charge,0
incineroar,Brutal Swing,charge,0
incineroar,Drain Punch,charge,0
popplio,Pound,fast,0
popplio,Water Gun,fast,0
popplio,Aqua Jet,charge,0
popplio,Water Pulse,charge,0
popplio,Aqua Tail,charge,0
brionne,Charm,fast,0
brionne,Water Gun,fast,0
brionne,Aqua Jet,charge,0
brionne,Water Pulse,charge,0
brionne,Disarming Voice,charge,0
primarina,Charm,fast,0
primarina,Waterfall,fast,0
primarina,Psychic,charge,0
primarina,Hydro Pump,charge,0
primarina,Moonblast,charge,0
primarina,Disarming Voice,charge,0
primarina,Hydro Cannon,charge,1
primarina,Sparkling Aria,charge,0
pikipek,Peck,fast,0
pikipek,Rock Smash,fast,0
pikipek,Drill Peck,charge,0
pikipek,Aerial Ace,charge,0
pikipek,Sky Attack,charge,0
shadow pikipek,Peck,fast,0
shadow pikipek,Rock Smash,fast,0
shadow pikipek,Drill Peck,charge,0
shadow pikipek,Aerial Ace,charge,0
shadow pikipek,Sky Attack,charge,0
trumbeak,Peck,fast,0
trumbeak,Rock Smash,fast,0
trumbeak,Drill Peck,charge,0
trumbeak,Rock Blast,charge,0
trumbeak,Sky Attack,charge,0
shadow trumbeak,Peck,fast,0
shadow trumbeak,Rock Smash,fast,0
shadow trumbeak,Drill Peck,charge,0
shadow trumbeak,Rock Blast,charge,0
shadow trumbeak,Sky Attack,charge,0
toucannon,Peck,fast,0
toucannon,Rock Smash,fast,0
toucannon,Bullet Seed,fast,0
toucannon,Drill Peck,charge,0
toucannon,Rock Blast,charge,0
toucannon,Flash Cannon,charge,0
toucannon,Beak Blast,charge,0
shadow toucannon,Peck,fast,0
shadow toucannon,Rock Smash,fast,0
shadow toucannon,Bullet Seed,fast,0
shadow toucannon,Drill Peck,charge,0
shadow toucannon,Rock Blast,charge,0
shadow toucannon,Flash Cannon,charge,0
shadow toucannon,Beak Blast,charge,0
yungoos,Tackle,fast,0
yungoos,Bite,fast,0
yungoos,Hyper Fang,charge,0
yungoos,Crunch,charge,0
yungoos,Rock Tomb,charge,0
gumshoos,Take Down,fast,0
gumshoos,Bite,fast,0
gumshoos,Hyper Fang,charge,0
gumshoos,Crunch,charge,0
gumshoos,Rock Tomb,charge,0
grubbin,Bug Bite,fast,0
grubbin,Spark,fast,0
grubbin,X-Scissor,charge,0
grubbin,Vise Grip,charge,0
grubbin,Crunch,charge,0
shadow grubbin,Bug Bite,fast,0
shadow grubbin,Spark,fast,0
shadow grubbin,X-Scissor,charge,0
shadow grubbin,Vise Grip,charge,0
shadow grubbin,Crunch,charge,0
charjabug,Bug Bite,fast,0
charjabug,Spark,fast,0
charjabug,Volt Switch,fast,1
charjabug,X-Scissor,charge,0
charjabug,Discharge,charge,0
charjabug,Crunch,charge,0
shadow charjabug,Bug Bite,fast,0
shadow charjabug,Spark,fast,0
shadow charjabug,Volt Switch,fast,0
shadow charjabug,X-Scissor,charge,0
shadow charjabug,Discharge,charge,0
shadow charjabug,Crunch,charge,0
vikavolt,Bug Bite,fast,0
vikavolt,Spark,fast,0
vikavolt,Mud Slap,fast,0
vikavolt,Volt Switch,fast,1
vikavolt,X-Scissor,charge,0
vikavolt,Discharge,charge,0
vikavolt,Crunch,charge,0
vikavolt,Fly,charge,0
shadow vikavolt,Bug Bite,fast,0
shadow vikavolt,Spark,fast,0
shadow vikavolt,Mud Slap,fast,0
shadow vikavolt,Volt Switch,fast,0
shadow vikavolt,X-Scissor,charge,0
shadow vikavolt,Discharge,charge,0
shadow vikavolt,Crunch,charge,0
shadow vikavolt,Fly,charge,0
crabrawler,Rock Smash,fast,0
crabrawler,Bubble,fast,0
crabrawler,Power-Up Punch,charge,0
crabrawler,Crabhammer,charge,0
crabrawler,Payback,charge,0
crabrawler,Brick Break,charge,0
crabominable,Rock Smash,fast,0
crabominable,Bubble,fast,0
crabominable,Power-Up Punch,charge,0
crabominable,Crabhammer,charge,0
crabominable,Payback,charge,0
crabominable,Ice Punch,charge,0
crabominable,Brick Break,charge,0
oricorio baile,Pound,fast,0
oricorio baile,Air Slash,fast,0
oricorio baile,Aerial Ace,charge,0
oricorio baile,Air Cutter,charge,0
oricorio baile,Hurricane,charge,0
oricorio pau,Pound,fast,0
oricorio pau,Air Slash,fast,0
oricorio pau,Aerial Ace,charge,0
oricorio pau,Air Cutter,charge,0
oricorio pau,Hurricane,charge,0
oricorio pom pom,Pound,fast,0
oricorio pom pom,Air Slash,fast,0
oricorio pom pom,Aerial Ace,charge,0
oricorio pom pom,Air Cutter,charge,0
oricorio pom pom,Hurricane,charge,0
oricorio sensu,Pound,fast,0
oricorio sensu,Air Slash,fast,0
oricorio sensu,Aerial Ace,charge,0
oricorio sensu,Air Cutter,charge,0
oricorio sensu,Hurricane,charge,0
cutiefly,Fairy Wind,fast,0
cutiefly,Struggle Bug,fast,0
cutiefly,Dazzling Gleam,charge,0
cutiefly,Bug Buzz,charge,0
ribombee,Charm,fast,0
ribombee,Fairy Wind,fast,0
ribombee,Struggle Bug,fast,0
ribombee,Dazzling Gleam,charge,0
ribombee,Bug Buzz,charge,0
ribombee,Draining Kiss,charge,0
rockruff,Tackle,fast,0
rockruff,Rock Throw,fast,0
rockruff,Stone Edge,charge,0
rockruff,Rock Tomb,charge,0
rockruff,Crunch,charge,0
rockruff,Trailblaze,charge,0
lycanroc dusk,Counter,fast,0
lycanroc dusk,Sucker Punch,fast,0
lycanroc dusk,Rock Throw,fast,0
lycanroc dusk,Stone Edge,charge,0
lycanroc dusk,Iron Head,charge,0
lycanroc dusk,Crunch,charge,0
lycanroc dusk,Trailblaze,charge,0
lycanroc midday,Sucker Punch,fast,0
lycanroc midday,Rock Throw,fast,0
lycanroc midday,Stone Edge,charge,0
lycanroc midday,Drill Run,charge,0
lycanroc midday,Crunch,charge,0
lycanroc midday,Trailblaze,charge,0
lycanroc midnight,Counter,fast,0
lycanroc midnight,Rock Throw,fast,0
lycanroc midnight,Stone Edge,charge,0
lycanroc midnight,Psychic Fangs,charge,0
lycanroc midnight,Crunch,charge,0
lycanroc midnight,Trailblaze,charge,0
wishiwashi,Water Gun,fast,0
wishiwashi,Waterfall,fast,0
wishiwashi,Iron Tail,fast,0
wishiwashi,Brine,charge,0
wishiwashi,Surf,charge,0
wishiwashi,Aqua Tail,charge,0
wishiwashi school,Water Gun,fast,0
wishiwashi school,Waterfall,fast,0
wishiwashi school,Iron Tail,fast,0
wishiwashi school,Brine,charge,0
wishiwashi school,Surf,charge,0
wishiwashi school,Aqua Tail,charge,0
wishiwashi solo,Water Gun,fast,0
wishiwashi solo,Waterfall,fast,0
wishiwashi solo,Iron Tail,fast,0
wishiwashi solo,Brine,charge,0
wishiwashi solo,Surf,charge,0
wishiwashi solo,Aqua Tail,charge,0
mareanie,Poison Sting,fast,0
mareanie,Bite,fast,0
mareanie,Brine,charge,0
mareanie,Gunk Shot,charge,0
mareanie,Sludge Wave,charge,0
toxapex,Poison Jab,fast,0
toxapex,Bite,fast,0
toxapex,Brine,charge,0
toxapex,Gunk Shot,charge,0
toxapex,Sludge Wave,charge,0
mudbray,Mud Slap,fast,0
mudbray,Rock Smash,fast,0
mudbray,Bulldoze,charge,0
mudbray,Body Slam,charge,0
mudbray,Earthquake,charge,0
mudsdale,Mud Slap,fast,0
mudsdale,Rock Smash,fast,0
mudsdale,Bulldoze,charge,0
mudsdale,Body Slam,charge,0
mudsdale,Earthquake,charge,0
mudsdale,Heavy Slam,charge,0
dewpider,Infestation,fast,0
dewpider,Bug Bite,fast,0
dewpider,Water Pulse,charge,0
dewpider,Bubble Beam,charge,0
dewpider,Mirror Coat,charge,0
shadow dewpider,Infestation,fast,0
shadow dewpider,Bug Bite,fast,0
shadow dewpider,Water Pulse,charge,0
shadow dewpider,Bubble Beam,charge,0
shadow dewpider,Mirror Coat,charge,0
araquanid,Infestation,fast,0
araquanid,Bug Bite,fast,0
araquanid,Bug Buzz,charge,0
araquanid,Bubble Beam,charge,0
araquanid,Mirror Coat,charge,0
araquanid,Water Pulse,charge,0
shadow araquanid,Infestation,fast,0
shadow araquanid,Bug Bite,fast,0
shadow araquanid,Bug Buzz,charge,0
shadow araquanid,Bubble Beam,charge,0
shadow araquanid,Mirror Coat,charge,0
shadow araquanid,Water Pulse,charge,0
fomantis,Razor Leaf,fast,0
fomantis,Fury Cutter,fast,0
fomantis,Leafage,fast,0
fomantis,Leaf Blade,charge,0
fomantis,Energy Ball,charge,0
fomantis,Grass Knot,charge,0
fomantis,Trailblaze,charge,0
lurantis,Razor Leaf,fast,0
lurantis,Fury Cutter,fast,0
lurantis,Leafage,fast,0
lurantis,Leaf Blade,charge,0
lurantis,Leaf Storm,charge,0
lurantis,Superpower,charge,0
lurantis,X-Scissor,charge,0
lurantis,Trailblaze,charge,0
morelull,Astonish,fast,0
morelull,Dazzling Gleam,charge,0
morelull,Seed Bomb,charge,0
shiinotic,Astonish,fast,0
shiinotic,Moonblast,charge,0
shiinotic,Seed Bomb,charge,0
shiinotic,Sludge Bomb,charge,0
shadow shiinotic,Astonish,fast,0
shadow shiinotic,Moonblast,charge,0
shadow shiinotic,Seed Bomb,charge,0
shadow shiinotic,Sludge Bomb,charge,0
salandit,Ember,fast,0
salandit,Poison Jab,fast,0
salandit,Poison Fang,charge,0
salandit,Flamethrower,charge,0
salandit,Dragon Pulse,charge,0
salazzle,Incinerate,fast,0
salazzle,Poison Jab,fast,0
salazzle,Poison Fang,charge,0
salazzle,Fire Blast,charge,0
salazzle,Dragon Pulse,charge,0
salazzle,Sludge Wave,charge,0
stufful,Tackle,fast,0
stufful,Take Down,fast,0
stufful,Superpower,charge,0
stufful,Brick Break,charge,0
stufful,Stomp,charge,0
shadow stufful,Tackle,fast,0
shadow stufful,Take Down,fast,0
shadow stufful,Superpower,charge,0
shadow stufful,Brick Break,charge,0
shadow stufful,Stomp,charge,0
bewear,Tackle,fast,0
bewear,Low Kick,fast,0
bewear,Shadow Claw,fast,0
bewear,Superpower,charge,0
bewear,Payback,charge,0
bewear,Stomp,charge,0
bewear,Drain Punch,charge,1
shadow bewear,Tackle,fast,0
shadow bewear,Low Kick,fast,0
shadow bewear,Shadow Claw,fast,0
shadow bewear,Superpower,charge,0
shadow bewear,Payback,charge,0
shadow bewear,Stomp,charge,0
shadow bewear,Drain Punch,charge,0
bounsweet,Razor Leaf,fast,0
bounsweet,Charm,fast,0
bounsweet,Energy Ball,charge,0
bounsweet,Draining Kiss,charge,0
steenee,Razor Leaf,fast,0
steenee,Charm,fast,0
steenee,Energy Ball,charge,0
steenee,Draining Kiss,charge,0
steenee,Grass Knot,charge,0
steenee,Triple Axel,charge,0
tsareena,Razor Leaf,fast,0
tsareena,Charm,fast,0
tsareena,Magical Leaf,fast,0
tsareena,Energy Ball,charge,0
tsareena,Draining Kiss,charge,0
tsareena,Grass Knot,charge,0
tsareena,Stomp,charge,0
tsareena,Triple Axel,charge,0
tsareena,High Jump Kick,charge,1
comfey,Vine Whip,fast,0
comfey,Hidden Power Bug,fast,0
comfey,Hidden Power Dark,fast,0
comfey,Hidden Power Dragon,fast,0
comfey,Hidden Power Electric,fast,0
comfey,Hidden Power Fighting,fast,0
comfey,Hidden Power Fire,fast,0
comfey,Hidden Power Flying,fast,0
comfey,Hidden Power Ghost,fast,0
comfey,Hidden Power Grass,fast,0
comfey,Hidden Power Ground,fast,0
comfey,Hidden Power Ice,fast,0
comfey,Hidden Power Poison,fast,0
comfey,Hidden Power Psychic,fast,0
comfey,Hidden Power Rock,fast,0
comfey,Hidden Power Steel,fast,0
comfey,Hidden Power Water,fast,0
comfey,Petal Blizzard,charge,0
comfey,Grass Knot,charge,0
comfey,Draining Kiss,charge,0
oranguru,Confusion,fast,0
oranguru,Zen Headbutt,fast,0
oranguru,Yawn,fast,0
oranguru,Psychic,charge,0
oranguru,Foul Play,charge,0
oranguru,Future Sight,charge,0
oranguru,Trailblaze,charge,0
oranguru,Brutal Swing,charge,0
passimian,Counter,fast,0
passimian,Rock Smash,fast,0
passimian,Take Down,fast,0
passimian,Brick Break,charge,0
passimian,Close Combat,charge,0
passimian,Superpower,charge,0
passimian,Brutal Swing,charge,0
passimian,Drain Punch,charge,0
wimpod,Struggle Bug,fast,0
wimpod,Bug Buzz,charge,0
golisopod,Fury Cutter,fast,0
golisopod,Metal Claw,fast,0
golisopod,Waterfall,fast,0
golisopod,Shadow Claw,fast,0
golisopod,X-Scissor,charge,0
golisopod,Aqua Jet,charge,0
golisopod,Aerial Ace,charge,0
golisopod,Liquidation,charge,0
golisopod,Razor Shell,charge,0
golisopodsh,Fury Cutter,fast,0
golisopodsh,Metal Claw,fast,0
golisopodsh,Waterfall,fast,0
golisopodsh,Shadow Claw,fast,0
golisopodsh,X-Scissor,charge,0
golisopodsh,Aqua Jet,charge,0
golisopodsh,Aerial Ace,charge,0
golisopodsh,Liquidation,charge,0
golisopodsh,Razor Shell,charge,0
sandygast,Astonish,fast,0
sandygast,Mud Shot,fast,0
sandygast,Sand Attack,fast,0
sandygast,Sand Tomb,charge,0
sandygast,Shadow Ball,charge,0
sandygast,Earth Power,charge,0
sandygast,Scorching Sands,charge,0
palossand,Astonish,fast,0
palossand,Mud Shot,fast,0
palossand,Sand Attack,fast,0
palossand,Sand Tomb,charge,0
palossand,Shadow Ball,charge,0
palossand,Earth Power,charge,0
palossand,Scorching Sands,charge,0
pyukumuku,Counter,fast,0
pyukumuku,Mirror Coat,charge,0
type null,Tackle,fast,0
type null,Take Down,fast,0
type null,Tri Attack,charge,0
type null,Iron Head,charge,0
type null,Aerial Ace,charge,0
silvally,Tackle,fast,0
silvally,Take Down,fast,0
silvally,Bite,fast,0
silvally,Tri Attack,charge,0
silvally,Iron Head,charge,0
silvally,Aerial Ace,charge,0
silvally,X-Scissor,charge,0
silvally bug,Tackle,fast,0
silvally bug,Take Down,fast,0
silvally bug,Bite,fast,0
silvally bug,Tri Attack,charge,0
silvally bug,Iron Head,charge,0
silvally bug,Aerial Ace,charge,0
silvally bug,X-Scissor,charge,0
silvally dark,Tackle,fast,0
silvally dark,Take Down,fast,0
silvally dark,Bite,fast,0
silvally dark,Tri Attack,charge,0
silvally dark,Iron Head,charge,0
silvally dark,Aerial Ace,charge,0
silvally dark,X-Scissor,charge,0
silvally dragon,Tackle,fast,0
silvally dragon,Take Down,fast,0
silvally dragon,Bite,fast,0
silvally dragon,Tri Attack,charge,0
silvally dragon,Iron Head,charge,0
silvally dragon,Aerial Ace,charge,0
silvally dragon,X-Scissor,charge,0
silvally electric,Tackle,fast,0
silvally electric,Take Down,fast,0
silvally electric,Bite,fast,0
silvally electric,Tri Attack,charge,0
silvally electric,Iron Head,charge,0
silvally electric,Aerial Ace,charge,0
silvally electric,X-Scissor,charge,0
silvally fairy,Tackle,fast,0
silvally fairy,Take Down,fast,0
silvally fairy,Bite,fast,0
silvally fairy,Tri Attack,charge,0
silvally fairy,Iron Head,charge,0
silvally fairy,Aerial Ace,charge,0
silvally fairy,X-Scissor,charge,0
silvally fighting,Tackle,fast,0
silvally fighting,Take Down,fast,0
silvally fighting,Bite,fast,0
silvally fighting,Tri Attack,charge,0
silvally fighting,Iron Head,charge,0
silvally fighting,Aerial Ace,charge,0
silvally fighting,X-Scissor,charge,0
silvally fire,Tackle,fast,0
silvally fire,Take Down,fast,0
silvally fire,Bite,fast,0
silvally fire,Tri Attack,charge,0
silvally fire,Iron Head,charge,0
silvally fire,Aerial Ace,charge,0
silvally fire,X-Scissor,charge,0
silvally flying,Tackle,fast,0
silvally flying,Take Down,fast,0
silvally flying,Bite,fast,0
silvally flying,Tri Attack,charge,0
silvally flying,Iron Head,charge,0
silvally flying,Aerial Ace,charge,0
silvally flying,X-Scissor,charge,0
silvally ghost,Tackle,fast,0
silvally ghost,Take Down,fast,0
silvally ghost,Bite,fast,0
silvally ghost,Tri Attack,charge,0
silvally ghost,Iron Head,charge,0
silvally ghost,Aerial Ace,charge,0
silvally ghost,X-Scissor,charge,0
silvally grass,Tackle,fast,0
silvally grass,Take Down,fast,0
silvally grass,Bite,fast,0
silvally grass,Tri Attack,charge,0
silvally grass,Iron Head,charge,0
silvally grass,Aerial Ace,charge,0
silvally grass,X-Scissor,charge,0
silvally ground,Tackle,fast,0
silvally ground,Take Down,fast,0
silvally ground,Bite,fast,0
silvally ground,Tri Attack,charge,0
silvally ground,Iron Head,charge,0
silvally ground,Aerial Ace,charge,0
silvally ground,X-Scissor,charge,0
silvally ice,Tackle,fast,0
silvally ice,Take Down,fast,0
silvally ice,Bite,fast,0
silvally ice,Tri Attack,charge,0
silvally ice,Iron Head,charge,0
silvally ice,Aerial Ace,charge,0
silvally ice,X-Scissor,charge,0
silvally poison,Tackle,fast,0
silvally poison,Take Down,fast,0
silvally poison,Bite,fast,0
silvally poison,Tri Attack,charge,0
silvally poison,Iron Head,charge,0
silvally poison,Aerial Ace,charge,0
silvally poison,X-Scissor,charge,0
silvally psychic,Tackle,fast,0
silvally psychic,Take Down,fast,0
silvally psychic,Bite,fast,0
silvally psychic,Tri Attack,charge,0
silvally psychic,Iron Head,charge,0
silvally psychic,Aerial Ace,charge,0
silvally psychic,X-Scissor,charge,0
silvally rock,Tackle,fast,0
silvally rock,Take Down,fast,0
silvally rock,Bite,fast,0
silvally rock,Tri Attack,charge,0
silvally rock,Iron Head,charge,0
silvally rock,Aerial Ace,charge,0
silvally rock,X-Scissor,charge,0
silvally steel,Tackle,fast,0
silvally steel,Take Down,fast,0
silvally steel,Bite,fast,0
silvally steel,Tri Attack,charge,0
silvally steel,Iron Head,charge,0
silvally steel,Aerial Ace,charge,0
silvally steel,X-Scissor,charge,0
silvally water,Tackle,fast,0
silvally water,Take Down,fast,0
silvally water,Bite,fast,0
silvally water,Tri Attack,charge,0
silvally water,Iron Head,charge,0
silvally water,Aerial Ace,charge,0
silvally water,X-Scissor,charge,0
minior core,Rollout,fast,0
minior core,Take Down,fast,0
minior core,Power Gem,charge,0
minior core,Ancient Power,charge,0
minior core,Acrobatics,charge,0
minior meteor,Rollout,fast,0
minior meteor,Take Down,fast,0
minior meteor,Power Gem,charge,0
minior meteor,Ancient Power,charge,0
minior meteor,Acrobatics,charge,0
komala,Rollout,fast,0
komala,Yawn,fast,0
komala,Play Rough,charge,0
komala,Bulldoze,charge,0
komala,Payback,charge,0
turtonator,Ember,fast,0
turtonator,Fire Spin,fast,0
turtonator,Incinerate,fast,0
turtonator,Overheat,charge,0
turtonator,Flamethrower,charge,0
turtonator,Dragon Pulse,charge,0
turtonator,Flash Cannon,charge,0
turtonator,Brutal Swing,charge,0
turtonator,Dragon Claw,charge,0
togedemaru,Thunder Shock,fast,0
togedemaru,Spark,fast,0
togedemaru,Fell Stinger,charge,0
togedemaru,Wild Charge,charge,0
togedemaru,Gyro Ball,charge,0
mimikyu,Shadow Claw,fast,0
mimikyu,Hex,fast,0
mimikyu,Shadow Sneak,charge,0
mimikyu,Play Rough,charge,0
mimikyu,Thunder,charge,0
mimikyu busted,Shadow Claw,fast,0
mimikyu busted,Hex,fast,0
mimikyu busted,Shadow Sneak,charge,0
mimikyu busted,Play Rough,charge,0
mimikyu busted,Thunder,charge,0
bruxish,Water Gun,fast,0
bruxish,Confusion,fast,0
bruxish,Bite,fast,0
bruxish,Psychic Fangs,charge,0
bruxish,Aqua Tail,charge,0
bruxish,Crunch,charge,0
bruxish,Psyshock,charge,0
drampa,Dragon Breath,fast,0
drampa,Extrasensory,fast,0
drampa,Outrage,charge,0
drampa,Dragon Pulse,charge,0
drampa,Fly,charge,0
drampa,Swift,charge,0
dhelmise,Astonish,fast,0
dhelmise,Shadow Claw,fast,0
dhelmise,Metal Sound,fast,0
dhelmise,Power Whip,charge,0
dhelmise,Shadow Ball,charge,0
dhelmise,Heavy Slam,charge,0
dhelmise,Wrap,charge,0
dhelmise,Brutal Swing,charge,0
jangmo o,Tackle,fast,0
jangmo o,Dragon Tail,fast,0
jangmo o,Dragon Claw,charge,0
jangmo o,Brick Break,charge,0
jangmo o,Dragon Pulse,charge,0
hakamo o,Tackle,fast,0
hakamo o,Dragon Tail,fast,0
hakamo o,Dragon Claw,charge,0
hakamo o,Brick Break,charge,0
hakamo o,Dragon Pulse,charge,0
hakamo o,Rock Tomb,charge,0
kommo o,Poison Jab,fast,0
kommo o,Dragon Tail,fast,0
kommo o,Metal Sound,fast,0
kommo o,Dragon Claw,charge,0
kommo o,Close Combat,charge,0
kommo o,Flamethrower,charge,0
kommo o,Boomburst,charge,0
kommo o,Brick Break,charge,0
kommo o,Clanging Scales,charge,0
tapu koko,Volt Switch,fast,0
tapu koko,Quick Attack,fast,0
tapu koko,Thunderbolt,charge,0
tapu koko,Dazzling Gleam,charge,0
tapu koko,Brave Bird,charge,0
tapu koko,Thunder,charge,0
tapu koko,Nature's Madness,charge,1
tapu lele,Confusion,fast,0
tapu lele,Astonish,fast,0
tapu lele,Psyshock,charge,0
tapu lele,Moonblast,charge,0
tapu lele,Focus Blast,charge,0
tapu lele,Future Sight,charge,0
tapu lele,Nature's Madness,charge,1
tapu lele,Draining Kiss,charge,0
tapu bulu,Bullet Seed,fast,0
tapu bulu,Rock Smash,fast,0
tapu bulu,Grass Knot,charge,0
tapu bulu,Dazzling Gleam,charge,0
tapu bulu,Megahorn,charge,0
tapu bulu,Solar Beam,charge,0
tapu bulu,Nature's Madness,charge,1
tapu fini,Water Gun,fast,0
tapu fini,Hidden Power Bug,fast,0
tapu fini,Hidden Power Dark,fast,0
tapu fini,Hidden Power Dragon,fast,0
tapu fini,Hidden Power Electric,fast,0
tapu fini,Hidden Power Fighting,fast,0
tapu fini,Hidden Power Fire,fast,0
tapu fini,Hidden Power Flying,fast,0
tapu fini,Hidden Power Ghost,fast,0
tapu fini,Hidden Power Grass,fast,0
tapu fini,Hidden Power Ground,fast,0
tapu fini,Hidden Power Ice,fast,0
tapu fini,Hidden Power Poison,fast,0
tapu fini,Hidden Power Psychic,fast,0
tapu fini,Hidden Power Rock,fast,0
tapu fini,Hidden Power Steel,fast,0
tapu fini,Hidden Power Water,fast,0
tapu fini,Surf,charge,0
tapu fini,Moonblast,charge,0
tapu fini,Ice Beam,charge,0
tapu fini,Hydro Pump,charge,0
tapu fini,Nature's Madness,charge,1
solgaleo,Zen Headbutt,fast,0
solgaleo,Fire Spin,fast,0
solgaleo,Iron Head,charge,0
solgaleo,Psychic Fangs,charge,0
solgaleo,Solar Beam,charge,0
solgaleo,Flamethrower,charge,0
lunala,Confusion,fast,0
lunala,Air Slash,fast,0
lunala,Shadow Claw,fast,0
lunala,Shadow Ball,charge,0
lunala,Psychic,charge,0
lunala,Moonblast,charge,0
lunala,Future Sight,charge,0
nihilego,Acid,fast,0
nihilego,Pound,fast,0
nihilego,Poison Jab,fast,0
nihilego,Power Gem,charge,0
nihilego,Gunk Shot,charge,0
nihilego,Sludge Bomb,charge,0
nihilego,Rock Slide,charge,0
buzzwole,Counter,fast,0
buzzwole,Poison Jab,fast,0
buzzwole,Power-Up Punch,charge,0
buzzwole,Fell Stinger,charge,0
buzzwole,Lunge,charge,0
buzzwole,Superpower,charge,0
pheromosa,Bug Bite,fast,0
pheromosa,Low Kick,fast,0
pheromosa,Focus Blast,charge,0
pheromosa,Bug Buzz,charge,0
pheromosa,Lunge,charge,0
pheromosa,Close Combat,charge,0
xurkitree,Thunder Shock,fast,0
xurkitree,Spark,fast,0
xurkitree,Discharge,charge,0
xurkitree,Thunder,charge,0
xurkitree,Power Whip,charge,0
xurkitree,Dazzling Gleam,charge,0
celesteela,Air Slash,fast,0
celesteela,Smack Down,fast,0
celesteela,Iron Head,charge,0
celesteela,Body Slam,charge,0
celesteela,Heavy Slam,charge,0
celesteela,Bulldoze,charge,0
kartana,Air Slash,fast,0
kartana,Razor Leaf,fast,0
kartana,Fury Cutter,fast,0
kartana,Leaf Blade,charge,0
kartana,X-Scissor,charge,0
kartana,Night Slash,charge,0
kartana,Aerial Ace,charge,0
kartana,Sacred Sword,charge,0
guzzlord,Snarl,fast,0
guzzlord,Dragon Tail,fast,0
guzzlord,Brutal Swing,charge,0
guzzlord,Dragon Claw,charge,0
guzzlord,Crunch,charge,0
guzzlord,Sludge Bomb,charge,0
necrozma,Metal Claw,fast,0
necrozma,Psycho Cut,fast,0
necrozma,Shadow Claw,fast,0
necrozma,Dark Pulse,charge,0
necrozma,Future Sight,charge,0
necrozma,Iron Head,charge,0
necrozma,Outrage,charge,0
necrozma dawn wings,Metal Claw,fast,0
necrozma dawn wings,Psycho Cut,fast,0
necrozma dawn wings,Shadow Claw,fast,0
necrozma dawn wings,Dark Pulse,charge,0
necrozma dawn wings,Future Sight,charge,0
necrozma dawn wings,Iron Head,charge,0
necrozma dawn wings,Outrage,charge,0
necrozma dawn wings,Moongeist Beam,charge,1
necrozma dusk mane,Metal Claw,fast,0
necrozma dusk mane,Psycho Cut,fast,0
necrozma dusk mane,Shadow Claw,fast,0
necrozma dusk mane,Dark Pulse,charge,0
necrozma dusk mane,Future Sight,charge,0
necrozma dusk mane,Iron Head,charge,0
necrozma dusk mane,Outrage,charge,0
necrozma dusk mane,Sunsteel Strike,charge,1
necrozma ultra,Metal Claw,fast,0
necrozma ultra,Psycho Cut,fast,0
necrozma ultra,Shadow Claw,fast,0
necrozma ultra,Dark Pulse,charge,0
necrozma ultra,Future Sight,charge,0
necrozma ultra,Iron Head,charge,0
necrozma ultra,Outrage,charge,0
marshadow,Sucker Punch,fast,0
marshadow,Counter,fast,0
marshadow,Poison Jab,fast,0
marshadow,Shadow Claw,fast,0
marshadow,Close Combat,charge,0
marshadow,Fire Punch,charge,0
marshadow,Thunder Punch,charge,0
marshadow,Ice Punch,charge,0
marshadow,Rock Slide,charge,0
poipole,Poison Jab,fast,0
poipole,Peck,fast,0
poipole,Sludge Bomb,charge,0
poipole,Sludge Wave,charge,0
poipole,Fell Stinger,charge,0
naganadel,Poison Jab,fast,0
naganadel,Air Slash,fast,0
naganadel,Sludge Bomb,charge,0
naganadel,Acrobatics,charge,0
naganadel,Fell Stinger,charge,0
naganadel,Dragon Pulse,charge,0
naganadel,Dragon Claw,charge,0
stakataka,Rock Throw,fast,0
stakataka,Take Down,fast,0
stakataka,Flash Cannon,charge,0
stakataka,Stone Edge,charge,0
stakataka,Bulldoze,charge,0
blacephalon,Incinerate,fast,0
blacephalon,Astonish,fast,0
blacephalon,Mystical Fire,charge,0
blacephalon,Shadow Ball,charge,0
blacephalon,Overheat,charge,0
blacephalon,Mind Blown,charge,0
zeraora,Spark,fast,0
zeraora,Volt Switch,fast,0
zeraora,Thunder Punch,charge,0
zeraora,Discharge,charge,0
zeraora,Wild Charge,charge,0
zeraora,Plasma Fists,charge,0
meltan,Thunder Shock,fast,0
meltan,Flash Cannon,charge,0
meltan,Thunderbolt,charge,0
melmetal,Thunder Shock,fast,0
melmetal,Flash Cannon,charge,0
melmetal,Hyper Beam,charge,0
melmetal,Rock Slide,charge,0
melmetal,Thunderbolt,charge,0
melmetal,Superpower,charge,0
melmetal,Double Iron Bash,charge,1
melmetal,Dynamic Punch,charge,0
grookey,Scratch,fast,0
grookey,Razor Leaf,fast,0
grookey,Energy Ball,charge,0
grookey,Grass Knot,charge,0
thwackey,Scratch,fast,0
thwackey,Razor Leaf,fast,0
thwackey,Energy Ball,charge,0
thwackey,Grass Knot,charge,0
rillaboom,Scratch,fast,0
rillaboom,Razor Leaf,fast,0
rillaboom,Energy Ball,charge,0
rillaboom,Grass Knot,charge,0
rillaboom,Earth Power,charge,0
rillaboom,Frenzy Plant,charge,1
scorbunny,Tackle,fast,0
scorbunny,Fire Spin,fast,0
scorbunny,Flame Charge,charge,0
scorbunny,Flamethrower,charge,0
raboot,Tackle,fast,0
raboot,Fire Spin,fast,0
raboot,Flame Charge,charge,0
raboot,Flamethrower,charge,0
cinderace,Tackle,fast,0
cinderace,Fire Spin,fast,0
cinderace,Flame Charge,charge,0
cinderace,Flamethrower,charge,0
cinderace,Focus Blast,charge,0
cinderace,Pyro Ball,charge,0
cinderace,Blast Burn,charge,1
sobble,Pound,fast,0
sobble,Water Gun,fast,0
sobble,Water Pulse,charge,0
sobble,Surf,charge,0
drizzile,Pound,fast,0
drizzile,Water Gun,fast,0
drizzile,Water Pulse,charge,0
drizzile,Surf,charge,0
inteleon,Pound,fast,0
inteleon,Water Gun,fast,0
inteleon,Water Pulse,charge,0
inteleon,Surf,charge,0
inteleon,Shadow Ball,charge,0
inteleon,Snipe Shot,charge,0
inteleon,Hydro Cannon,charge,1
skwovet,Tackle,fast,0
skwovet,Bite,fast,0
skwovet,Bullet Seed,fast,0
skwovet,Body Slam,charge,0
skwovet,Crunch,charge,0
skwovet,Trailblaze,charge,0
greedent,Tackle,fast,0
greedent,Bite,fast,0
greedent,Bullet Seed,fast,0
greedent,Mud Shot,fast,0
greedent,Body Slam,charge,0
greedent,Crunch,charge,0
greedent,Trailblaze,charge,0
rookidee,Peck,fast,0
rookidee,Air Slash,fast,0
rookidee,Sand Attack,fast,0
rookidee,Sky Attack,charge,0
rookidee,Payback,charge,0
shadow rookidee,Peck,fast,0
shadow rookidee,Air Slash,fast,0
shadow rookidee,Sand Attack,fast,0
shadow rookidee,Sky Attack,charge,0
shadow rookidee,Payback,charge,0
corvisquire,Peck,fast,0
corvisquire,Air Slash,fast,0
corvisquire,Sand Attack,fast,0
corvisquire,Sky Attack,charge,0
corvisquire,Payback,charge,0
shadow corvisquire,Peck,fast,0
shadow corvisquire,Air Slash,fast,0
shadow corvisquire,Sand Attack,fast,0
shadow corvisquire,Sky Attack,charge,0
shadow corvisquire,Payback,charge,0
corviknight,Steel Wing,fast,0
corviknight,Air Slash,fast,0
corviknight,Sand Attack,fast,0
corviknight,Sky Attack,charge,0
corviknight,Payback,charge,0
corviknight,Iron Head,charge,1
corviknight,Air Cutter,charge,0
shadow corviknight,Steel Wing,fast,0
shadow corviknight,Air Slash,fast,0
shadow corviknight,Sand Attack,fast,0
shadow corviknight,Sky Attack,charge,0
shadow corviknight,Payback,charge,0
shadow corviknight,Iron Head,charge,0
shadow corviknight,Air Cutter,charge,0
dottler,Struggle Bug,fast,0
dottler,Confusion,fast,0
dottler,Bug Buzz,charge,0
dottler,Psychic,charge,0
orbeetle,Struggle Bug,fast,0
orbeetle,Confusion,fast,0
orbeetle,Psycho Cut,fast,0
orbeetle,Bug Buzz,charge,0
orbeetle,Psychic,charge,0
orbeetle,Psyshock,charge,0
nickit,Quick Attack,fast,0
nickit,Snarl,fast,0
nickit,Sucker Punch,fast,0
nickit,Night Slash,charge,0
nickit,Play Rough,charge,0
thievul,Quick Attack,fast,0
thievul,Snarl,fast,0
thievul,Sucker Punch,fast,0
thievul,Night Slash,charge,0
thievul,Play Rough,charge,0
gossifleur,Razor Leaf,fast,0
gossifleur,Bullet Seed,fast,0
gossifleur,Energy Ball,charge,0
gossifleur,Grass Knot,charge,0
eldegoss,Razor Leaf,fast,0
eldegoss,Bullet Seed,fast,0
eldegoss,Energy Ball,charge,0
eldegoss,Grass Knot,charge,0
wooloo,Tackle,fast,0
wooloo,Take Down,fast,0
wooloo,Wild Charge,charge,0
wooloo,Payback,charge,0
wooloo,Stomp,charge,0
dubwool,Tackle,fast,0
dubwool,Take Down,fast,0
dubwool,Double Kick,fast,0
dubwool,Wild Charge,charge,0
dubwool,Payback,charge,0
dubwool,Body Slam,charge,0
chewtle,Water Gun,fast,0
chewtle,Bite,fast,0
chewtle,Body Slam,charge,0
chewtle,Surf,charge,0
drednaw,Waterfall,fast,0
drednaw,Bite,fast,0
drednaw,Body Slam,charge,0
drednaw,Surf,charge,0
drednaw,Rock Blast,charge,0
drednaw,Crunch,charge,0
yamper,Spark,fast,0
yamper,Bite,fast,0
yamper,Crunch,charge,0
yamper,Thunder,charge,0
boltund,Spark,fast,0
boltund,Bite,fast,0
boltund,Crunch,charge,0
boltund,Thunder,charge,0
rolycoly,Smack Down,fast,0
rolycoly,Tackle,fast,0
rolycoly,Rock Blast,charge,0
rolycoly,Rock Slide,charge,0
carkol,Smack Down,fast,0
carkol,Rock Blast,charge,0
carkol,Rock Slide,charge,0
carkol,Flame Charge,charge,0
coalossal,Smack Down,fast,0
coalossal,Fire Spin,fast,0
coalossal,Rock Blast,charge,0
coalossal,Rock Slide,charge,0
coalossal,Flame Charge,charge,0
flapple,Bullet Seed,fast,0
flapple,Dragon Breath,fast,0
flapple,Dragon Pulse,charge,0
flapple,Fly,charge,0
flapple,Outrage,charge,0
flapple,Seed Bomb,charge,0
appletun,Bullet Seed,fast,0
appletun,Astonish,fast,0
appletun,Dragon Pulse,charge,0
appletun,Energy Ball,charge,0
appletun,Outrage,charge,0
appletun,Seed Bomb,charge,0
silicobra,Mud Slap,fast,0
silicobra,Mud Shot,fast,0
silicobra,Dig,charge,0
silicobra,Bulldoze,charge,0
silicobra,Earth Power,charge,0
silicobra,Wrap,charge,0
sandaconda,Mud Slap,fast,0
sandaconda,Mud Shot,fast,0
sandaconda,Dig,charge,0
sandaconda,Bulldoze,charge,0
sandaconda,Earth Power,charge,0
sandaconda,Wrap,charge,0
cramorant,Peck,fast,0
cramorant,Water Gun,fast,0
cramorant,Drill Peck,charge,0
cramorant,Fly,charge,0
cramorant,Hydro Pump,charge,0
arrokuda,Waterfall,fast,0
arrokuda,Bite,fast,0
arrokuda,Peck,fast,0
arrokuda,Crunch,charge,0
arrokuda,Aqua Jet,charge,0
arrokuda,Close Combat,charge,0
barraskewda,Waterfall,fast,0
barraskewda,Bite,fast,0
barraskewda,Peck,fast,0
barraskewda,Crunch,charge,0
barraskewda,Aqua Jet,charge,0
barraskewda,Close Combat,charge,0
toxel,Acid,fast,0
toxel,Power-Up Punch,charge,0
toxtricity,Acid,fast,0
toxtricity,Spark,fast,0
toxtricity,Poison Jab,fast,0
toxtricity,Acid Spray,charge,0
toxtricity,Discharge,charge,0
toxtricity,Wild Charge,charge,0
toxtricity,Power-Up Punch,charge,0
toxtricity amped,Acid,fast,0
toxtricity amped,Spark,fast,0
toxtricity amped,Poison Jab,fast,0
toxtricity amped,Acid Spray,charge,0
toxtricity amped,Discharge,charge,0
toxtricity amped,Wild Charge,charge,0
toxtricity amped,Power-Up Punch,charge,0
toxtricity low key,Acid,fast,0
toxtricity low key,Spark,fast,0
toxtricity low key,Poison Jab,fast,0
toxtricity low key,Acid Spray,charge,0
toxtricity low key,Discharge,charge,0
toxtricity low key,Wild Charge,charge,0
toxtricity low key,Power-Up Punch,charge,0
sizzlipede,Bug Bite,fast,0
sizzlipede,Ember,fast,0
sizzlipede,Heat Wave,charge,0
sizzlipede,Bug Buzz,charge,0
sizzlipede,Crunch,charge,0
centiskorch,Bug Bite,fast,0
centiskorch,Ember,fast,0
centiskorch,Heat Wave,charge,0
centiskorch,Bug Buzz,charge,0
centiskorch,Crunch,charge,0
centiskorch,Lunge,charge,0
clobbopus,Rock Smash,fast,0
clobbopus,Brick Break,charge,0
clobbopus,Superpower,charge,0
clobbopus,Ice Punch,charge,0
grapploct,Rock Smash,fast,0
grapploct,Waterfall,fast,0
grapploct,Brick Break,charge,0
grapploct,Superpower,charge,0
grapploct,Ice Punch,charge,0
grapploct,Surf,charge,0
sinistea,Astonish,fast,0
sinistea,Sucker Punch,fast,0
sinistea,Shadow Ball,charge,0
sinistea,Dark Pulse,charge,0
sinistea,Psychic,charge,0
polteageist,Astonish,fast,0
polteageist,Sucker Punch,fast,0
polteageist,Hex,fast,0
polteageist,Shadow Ball,charge,0
polteageist,Dark Pulse,charge,0
polteageist,Psychic,charge,0
hatenna,Confusion,fast,0
hatenna,Charm,fast,0
hatenna,Psyshock,charge,0
hatenna,Psychic,charge,0
hatenna,Dazzling Gleam,charge,0
hattrem,Confusion,fast,0
hattrem,Charm,fast,0
hattrem,Psyshock,charge,0
hattrem,Psychic,charge,0
hattrem,Dazzling Gleam,charge,0
hatterene,Confusion,fast,0
hatterene,Charm,fast,0
hatterene,Psycho Cut,fast,0
hatterene,Psyshock,charge,0
hatterene,Psychic,charge,0
hatterene,Dazzling Gleam,charge,0
hatterene,Power Whip,charge,0
impidimp,Bite,fast,0
impidimp,Sucker Punch,fast,0
impidimp,Foul Play,charge,0
impidimp,Dark Pulse,charge,0
impidimp,Play Rough,charge,0
morgrem,Bite,fast,0
morgrem,Sucker Punch,fast,0
morgrem,Foul Play,charge,0
morgrem,Dark Pulse,charge,0
morgrem,Play Rough,charge,0
grimmsnarl,Bite,fast,0
grimmsnarl,Sucker Punch,fast,0
grimmsnarl,Low Kick,fast,0
grimmsnarl,Foul Play,charge,0
grimmsnarl,Dark Pulse,charge,0
grimmsnarl,Play Rough,charge,0
grimmsnarl,Power-Up Punch,charge,0
obstagoon,Counter,fast,0
obstagoon,Lick,fast,0
obstagoon,Cross Chop,charge,0
obstagoon,Night Slash,charge,0
obstagoon,Hyper Beam,charge,0
obstagoon,Gunk Shot,charge,0
obstagoon,Obstruct,charge,1
shadow obstagoon,Counter,fast,0
shadow obstagoon,Lick,fast,0
shadow obstagoon,Cross Chop,charge,0
shadow obstagoon,Night Slash,charge,0
shadow obstagoon,Hyper Beam,charge,0
shadow obstagoon,Gunk Shot,charge,0
shadow obstagoon,Obstruct,charge,0
perrserker,Metal Claw,fast,0
perrserker,Shadow Claw,fast,0
perrserker,Metal Sound,fast,0
perrserker,Iron Head,charge,0
perrserker,Close Combat,charge,0
perrserker,Play Rough,charge,0
perrserker,Foul Play,charge,0
perrserker,Trailblaze,charge,0
cursola,Astonish,fast,0
cursola,Tackle,fast,0
cursola,Rock Blast,charge,0
cursola,Power Gem,charge,0
cursola,Night Shade,charge,0
sirfetchd,Counter,fast,0
sirfetchd,Fury Cutter,fast,0
sirfetchd,Close Combat,charge,0
sirfetchd,Brave Bird,charge,0
sirfetchd,Leaf Blade,charge,0
sirfetchd,Night Slash,charge,0
mr rime,Confusion,fast,0
mr rime,Zen Headbutt,fast,0
mr rime,Ice Shard,fast,0
mr rime,Psybeam,charge,0
mr rime,Psychic,charge,0
mr rime,Ice Punch,charge,0
mr rime,Icy Wind,charge,0
mr rime,Triple Axel,charge,0
runerigus,Astonish,fast,0
runerigus,Shadow Claw,fast,0
runerigus,Shadow Ball,charge,0
runerigus,Sand Tomb,charge,0
runerigus,Rock Tomb,charge,0
runerigus,Brutal Swing,charge,0
milcery,Tackle,fast,0
milcery,Charm,fast,0
milcery,Dazzling Gleam,charge,0
alcremie,Tackle,fast,0
alcremie,Charm,fast,0
alcremie,Dazzling Gleam,charge,0
alcremie,Psyshock,charge,0
alcremie,Energy Ball,charge,0
falinks,Rock Smash,fast,0
falinks,Counter,fast,0
falinks,Superpower,charge,0
falinks,Brick Break,charge,0
falinks,Megahorn,charge,0
mega falinks,Rock Smash,fast,0
mega falinks,Counter,fast,0
mega falinks,Superpower,charge,0
mega falinks,Brick Break,charge,0
mega falinks,Brick Break+,charge,1
mega falinks,Megahorn,charge,0
pincurchin,Thunder Shock,fast,0
pincurchin,Water Gun,fast,0
pincurchin,Poison Jab,fast,0
pincurchin,Discharge,charge,0
pincurchin,Thunderbolt,charge,0
pincurchin,Bubble Beam,charge,0
snom,Powder Snow,fast,0
snom,Struggle Bug,fast,0
snom,Icy Wind,charge,0
snom,Bug Buzz,charge,0
frosmoth,Powder Snow,fast,0
frosmoth,Bug Bite,fast,0
frosmoth,Icy Wind,charge,0
frosmoth,Bug Buzz,charge,0
frosmoth,Ice Beam,charge,0
frosmoth,Hurricane,charge,0
stonjourner,Rock Throw,fast,0
stonjourner,Stone Edge,charge,0
stonjourner,Rock Slide,charge,0
stonjourner,Stomp,charge,0
eiscue,Powder Snow,fast,0
eiscue,Icy Wind,charge,0
eiscue,Weather Ball (Ice),charge,0
eiscue,Surf,charge,0
eiscue ice,Powder Snow,fast,0
eiscue ice,Icy Wind,charge,0
eiscue ice,Weather Ball (Ice),charge,0
eiscue ice,Surf,charge,0
eiscue noice,Powder Snow,fast,0
eiscue noice,Icy Wind,charge,0
eiscue noice,Weather Ball (Ice),charge,0
eiscue noice,Surf,charge,0
indeedee female,Extrasensory,fast,0
indeedee female,Psybeam,charge,0
indeedee female,Psychic,charge,0
indeedee female,Energy Ball,charge,0
indeedee male,Extrasensory,fast,0
indeedee male,Psybeam,charge,0
indeedee male,Psychic,charge,0
indeedee male,Shadow Ball,charge,0
morpeko full belly,Charge Beam,fast,0
morpeko full belly,Bite,fast,0
morpeko full belly,Thunder Shock,fast,0
morpeko full belly,Seed Bomb,charge,0
morpeko full belly,Outrage,charge,0
morpeko full belly,Psychic Fangs,charge,0
morpeko full belly,Aura Wheel,charge,0
morpeko hangry,Charge Beam,fast,0
morpeko hangry,Bite,fast,0
morpeko hangry,Thunder Shock,fast,0
morpeko hangry,Seed Bomb,charge,0
morpeko hangry,Outrage,charge,0
morpeko hangry,Psychic Fangs,charge,0
morpeko hangry,Aura Wheel,charge,0
cufant,Tackle,fast,0
cufant,Rock Smash,fast,0
cufant,Iron Head,charge,0
cufant,Dig,charge,0
cufant,Play Rough,charge,0
copperajah,Tackle,fast,0
copperajah,Rock Smash,fast,0
copperajah,Iron Head,charge,0
copperajah,Dig,charge,0
copperajah,Play Rough,charge,0
copperajah,Heavy Slam,charge,0
dracozolt,Dragon Tail,fast,0
dracozolt,Thunder Shock,fast,0
dracozolt,Discharge,charge,0
dracozolt,Dragon Pulse,charge,0
dracozolt,Ancient Power,charge,0
arctozolt,Powder Snow,fast,0
arctozolt,Thunder Shock,fast,0
arctozolt,Discharge,charge,0
arctozolt,Avalanche,charge,0
arctozolt,Ancient Power,charge,0
dracovish,Dragon Breath,fast,0
dracovish,Water Gun,fast,0
dracovish,Brine,charge,0
dracovish,Dragon Pulse,charge,0
dracovish,Ancient Power,charge,0
arctovish,Powder Snow,fast,0
arctovish,Water Gun,fast,0
arctovish,Brine,charge,0
arctovish,Avalanche,charge,0
arctovish,Ancient Power,charge,0
duraludon,Dragon Tail,fast,0
duraludon,Metal Claw,fast,0
duraludon,Flash Cannon,charge,0
duraludon,Dragon Claw,charge,0
duraludon,Hyper Beam,charge,0
drakloak,Astonish,fast,0
drakloak,Dragon Tail,fast,0
drakloak,Dragon Pulse,charge,0
drakloak,Shadow Ball,charge,0
drakloak,Outrage,charge,0
dragapult,Astonish,fast,0
dragapult,Dragon Tail,fast,0
dragapult,Dragon Pulse,charge,0
dragapult,Shadow Ball,charge,0
dragapult,Outrage,charge,0
dragapult,Breaking Swipe,charge,0
zacian crown sword,Metal Claw,fast,0
zacian crown sword,Air Slash,fast,0
zacian crown sword,Play Rough,charge,0
zacian crown sword,Close Combat,charge,0
zacian crown sword,Giga Impact,charge,0
zacian crown sword,Behemoth Blade,charge,1
zacian hero,Metal Claw,fast,0
zacian hero,Snarl,fast,0
zacian hero,Quick Attack,fast,0
zacian hero,Fire Fang,fast,0
zacian hero,Play Rough,charge,0
zacian hero,Iron Head,charge,0
zacian hero,Wild Charge,charge,0
zacian hero,Close Combat,charge,0
zamazenta crown shield,Metal Claw,fast,0
zamazenta crown shield,Ice Fang,fast,0
zamazenta crown shield,Moonblast,charge,0
zamazenta crown shield,Close Combat,charge,0
zamazenta crown shield,Giga Impact,charge,0
zamazenta crown shield,Behemoth Bash,charge,1
zamazenta hero,Metal Claw,fast,0
zamazenta hero,Snarl,fast,0
zamazenta hero,Quick Attack,fast,0
zamazenta hero,Ice Fang,fast,0
zamazenta hero,Moonblast,charge,0
zamazenta hero,Iron Head,charge,0
zamazenta hero,Crunch,charge,0
zamazenta hero,Close Combat,charge,0
eternatus,Dragon Tail,fast,0
eternatus,Poison Jab,fast,0
eternatus,Sludge Bomb,charge,0
eternatus,Flamethrower,charge,0
eternatus,Dynamax Cannon,charge,1
eternatus,Dragon Pulse,charge,0
eternatus eternamax,Dragon Tail,fast,0
eternatus eternamax,Poison Jab,fast,0
eternatus eternamax,Sludge Bomb,charge,0
eternatus eternamax,Flamethrower,charge,0
eternatus eternamax,Hyper Beam,charge,0
kubfu,Rock Smash,fast,0
kubfu,Counter,fast,0
kubfu,Brick Break,charge,0
kubfu,Dynamic Punch,charge,0
kubfu,Close Combat,charge,0
urshifu rapid strike,Rock Smash,fast,0
urshifu rapid strike,Counter,fast,0
urshifu rapid strike,Waterfall,fast,0
urshifu rapid strike,Brick Break,charge,0
urshifu rapid strike,Dynamic Punch,charge,0
urshifu rapid strike,Close Combat,charge,0
urshifu rapid strike,Aqua Jet,charge,0
urshifu single strike,Rock Smash,fast,0
urshifu single strike,Counter,fast,0
urshifu single strike,Sucker Punch,fast,0
urshifu single strike,Brick Break,charge,0
urshifu single strike,Dynamic Punch,charge,0
urshifu single strike,Close Combat,charge,0
urshifu single strike,Payback,charge,0
zarude,Vine Whip,fast,0
zarude,Bite,fast,0
zarude,Power Whip,charge,0
zarude,Energy Ball,charge,0
zarude,Dark Pulse,charge,0
regieleki,Thunder Shock,fast,0
regieleki,Lock On,fast,0
regieleki,Volt Switch,fast,0
regieleki,Zap Cannon,charge,0
regieleki,Thunder,charge,0
regieleki,Hyper Beam,charge,0
regieleki,Thunder Cage,charge,0
regidrago,Bite,fast,0
regidrago,Dragon Breath,fast,0
regidrago,Hyper Beam,charge,0
regidrago,Outrage,charge,0
regidrago,Dragon Pulse,charge,0
regidrago,Breaking Swipe,charge,0
regidrago,Dragon Energy,charge,0
regidrago,Vise Grip,charge,0
glastrier,Tackle,fast,0
glastrier,Take Down,fast,0
glastrier,Avalanche,charge,0
glastrier,Icy Wind,charge,0
glastrier,Bulldoze,charge,0
spectrier,Tackle,fast,0
spectrier,Take Down,fast,0
spectrier,Shadow Ball,charge,0
spectrier,Foul Play,charge,0
spectrier,Bulldoze,charge,0
calyrex,Pound,fast,0
calyrex,Confusion,fast,0
calyrex,Psyshock,charge,0
calyrex,Psychic,charge,0
calyrex,Energy Ball,charge,0
calyrex ice rider,Confusion,fast,0
calyrex ice rider,Take Down,fast,0
calyrex ice rider,Psyshock,charge,0
calyrex ice rider,Psychic,charge,0
calyrex ice rider,Energy Ball,charge,0
calyrex ice rider,Avalanche,charge,0
wyrdeer,Tackle,fast,0
wyrdeer,Zen Headbutt,fast,0
wyrdeer,Confusion,fast,0
wyrdeer,Megahorn,charge,0
wyrdeer,Stomp,charge,0
wyrdeer,Wild Charge,charge,0
wyrdeer,Psychic,charge,0
kleavor,Quick Attack,fast,0
kleavor,Air Slash,fast,0
kleavor,Fury Cutter,fast,0
kleavor,X-Scissor,charge,0
kleavor,Rock Slide,charge,0
kleavor,Stone Edge,charge,0
kleavor,Trailblaze,charge,0
ursaluna,Tackle,fast,0
ursaluna,Rock Smash,fast,0
ursaluna,Smack Down,fast,0
ursaluna,Fire Punch,charge,0
ursaluna,Thunder Punch,charge,0
ursaluna,Aerial Ace,charge,0
ursaluna,High Horsepower,charge,1
ursaluna,Ice Punch,charge,0
ursaluna,Trailblaze,charge,0
ursaluna,Swift,charge,0
ursaluna,Play Rough,charge,0
shadow ursaluna,Tackle,fast,0
shadow ursaluna,Rock Smash,fast,0
shadow ursaluna,Smack Down,fast,0
shadow ursaluna,Fire Punch,charge,0
shadow ursaluna,Thunder Punch,charge,0
shadow ursaluna,Aerial Ace,charge,0
shadow ursaluna,High Horsepower,charge,0
shadow ursaluna,Ice Punch,charge,0
shadow ursaluna,Trailblaze,charge,0
shadow ursaluna,Swift,charge,0
shadow ursaluna,Play Rough,charge,0
sneasler,Rock Smash,fast,0
sneasler,Poison Jab,fast,0
sneasler,Shadow Claw,fast,0
sneasler,Aerial Ace,charge,0
sneasler,Close Combat,charge,0
sneasler,X-Scissor,charge,0
shadow sneasler,Rock Smash,fast,0
shadow sneasler,Poison Jab,fast,0
shadow sneasler,Shadow Claw,fast,0
shadow sneasler,Aerial Ace,charge,0
shadow sneasler,Close Combat,charge,0
shadow sneasler,X-Scissor,charge,0
overqwil,Poison Sting,fast,0
overqwil,Poison Jab,fast,0
overqwil,Aqua Tail,charge,0
overqwil,Ice Beam,charge,0
overqwil,Sludge Bomb,charge,0
overqwil,Dark Pulse,charge,0
overqwil,Shadow Ball,charge,0
enamorus incarnate,Astonish,fast,0
enamorus incarnate,Zen Headbutt,fast,0
enamorus incarnate,Fairy Wind,fast,0
enamorus incarnate,Dazzling Gleam,charge,0
enamorus incarnate,Fly,charge,0
enamorus incarnate,Grass Knot,charge,0
enamorus therian,Astonish,fast,0
enamorus therian,Extrasensory,fast,0
enamorus therian,Fairy Wind,fast,0
enamorus therian,Moonblast,charge,0
enamorus therian,Fly,charge,0
enamorus therian,Earth Power,charge,0
enamorus therian,Mystical Fire,charge,0
sprigatito,Leafage,fast,0
sprigatito,Charm,fast,0
sprigatito,Grass Knot,charge,0
sprigatito,Play Rough,charge,0
sprigatito,Energy Ball,charge,0
floragato,Leafage,fast,0
floragato,Charm,fast,0
floragato,Grass Knot,charge,0
floragato,Play Rough,charge,0
floragato,Energy Ball,charge,0
meowscarada,Leafage,fast,0
meowscarada,Charm,fast,0
meowscarada,Grass Knot,charge,0
meowscarada,Play Rough,charge,0
meowscarada,Energy Ball,charge,0
meowscarada,Night Slash,charge,0
meowscarada,Frenzy Plant,charge,1
meowscarada,Flower Trick,charge,0
fuecoco,Incinerate,fast,0
fuecoco,Bite,fast,0
fuecoco,Flamethrower,charge,0
fuecoco,Disarming Voice,charge,0
fuecoco,Crunch,charge,0
crocalor,Incinerate,fast,0
crocalor,Bite,fast,0
crocalor,Flamethrower,charge,0
crocalor,Disarming Voice,charge,0
crocalor,Crunch,charge,0
skeledirge,Incinerate,fast,0
skeledirge,Bite,fast,0
skeledirge,Hex,fast,0
skeledirge,Flamethrower,charge,0
skeledirge,Disarming Voice,charge,0
skeledirge,Crunch,charge,0
skeledirge,Shadow Ball,charge,0
skeledirge,Blast Burn,charge,1
skeledirge,Torch Song,charge,0
quaxly,Water Gun,fast,0
quaxly,Wing Attack,fast,0
quaxly,Aqua Jet,charge,0
quaxly,Aerial Ace,charge,0
quaxly,Liquidation,charge,0
quaxwell,Water Gun,fast,0
quaxwell,Wing Attack,fast,0
quaxwell,Aqua Jet,charge,0
quaxwell,Aerial Ace,charge,0
quaxwell,Liquidation,charge,0
quaquaval,Water Gun,fast,0
quaquaval,Wing Attack,fast,0
quaquaval,Low Kick,fast,0
quaquaval,Aqua Jet,charge,0
quaquaval,Aerial Ace,charge,0
quaquaval,Liquidation,charge,0
quaquaval,Close Combat,charge,0
quaquaval,Aqua Step,charge,0
quaquaval,Hydro Cannon,charge,1
lechonk,Tackle,fast,0
lechonk,Take Down,fast,0
lechonk,Dig,charge,0
lechonk,Body Slam,charge,0
lechonk,Trailblaze,charge,0
oinkologne,Tackle,fast,0
oinkologne,Take Down,fast,0
oinkologne,Mud Slap,fast,0
oinkologne,Dig,charge,0
oinkologne,Body Slam,charge,0
oinkologne,Trailblaze,charge,0
oinkologne female,Tackle,fast,0
oinkologne female,Take Down,fast,0
oinkologne female,Mud Slap,fast,0
oinkologne female,Dig,charge,0
oinkologne female,Body Slam,charge,0
oinkologne female,Trailblaze,charge,0
tarountula,Bug Bite,fast,0
tarountula,Struggle Bug,fast,0
tarountula,X-Scissor,charge,0
tarountula,Grass Knot,charge,0
tarountula,Lunge,charge,0
spidops,Bug Bite,fast,0
spidops,Counter,fast,0
spidops,Shadow Claw,fast,0
spidops,X-Scissor,charge,0
spidops,Grass Knot,charge,0
spidops,Lunge,charge,0
spidops,Rock Tomb,charge,0
nymble,Bug Bite,fast,0
nymble,Struggle Bug,fast,0
nymble,X-Scissor,charge,0
nymble,Bug Buzz,charge,0
nymble,Trailblaze,charge,0
lokix,Bug Bite,fast,0
lokix,Sucker Punch,fast,0
lokix,Counter,fast,0
lokix,X-Scissor,charge,0
lokix,Bug Buzz,charge,0
lokix,Dark Pulse,charge,0
lokix,Trailblaze,charge,0
pawmi,Spark,fast,0
pawmi,Charge Beam,fast,0
pawmi,Thunder Shock,fast,0
pawmi,Thunderbolt,charge,0
pawmi,Discharge,charge,0
pawmi,Wild Charge,charge,0
pawmo,Spark,fast,0
pawmo,Charge Beam,fast,0
pawmo,Thunder Shock,fast,0
pawmo,Thunderbolt,charge,0
pawmo,Discharge,charge,0
pawmo,Wild Charge,charge,0
pawmo,Thunder Punch,charge,0
pawmot,Spark,fast,0
pawmot,Charge Beam,fast,0
pawmot,Low Kick,fast,0
pawmot,Thunder Shock,fast,0
pawmot,Thunderbolt,charge,0
pawmot,Discharge,charge,0
pawmot,Wild Charge,charge,0
pawmot,Close Combat,charge,0
pawmot,Thunder Punch,charge,0
pawmot,Brick Break,charge,1
tandemaus,Take Down,fast,0
tandemaus,Mud Shot,fast,0
tandemaus,Bullet Seed,fast,0
tandemaus,Swift,charge,0
tandemaus,Play Rough,charge,0
tandemaus,Crunch,charge,0
maushold,Take Down,fast,0
maushold,Mud Shot,fast,0
maushold,Bullet Seed,fast,0
maushold,Swift,charge,0
maushold,Play Rough,charge,0
maushold,Crunch,charge,0
maushold family of four,Take Down,fast,0
maushold family of four,Mud Shot,fast,0
maushold family of four,Bullet Seed,fast,0
maushold family of four,Swift,charge,0
maushold family of four,Play Rough,charge,0
maushold family of four,Crunch,charge,0
maushold family of three,Take Down,fast,0
maushold family of three,Mud Shot,fast,0
maushold family of three,Bullet Seed,fast,0
maushold family of three,Swift,charge,0
maushold family of three,Play Rough,charge,0
maushold family of three,Crunch,charge,0
fidough,Charm,fast,0
fidough,Bite,fast,0
fidough,Body Slam,charge,0
fidough,Play Rough,charge,0
fidough,Psychic Fangs,charge,0
dachsbun,Charm,fast,0
dachsbun,Bite,fast,0
dachsbun,Fire Fang,fast,0
dachsbun,Body Slam,charge,0
dachsbun,Play Rough,charge,0
dachsbun,Psychic Fangs,charge,0
smoliv,Razor Leaf,fast,0
smoliv,Tackle,fast,0
smoliv,Seed Bomb,charge,0
smoliv,Energy Ball,charge,0
smoliv,Earth Power,charge,0
smoliv,Trailblaze,charge,0
dolliv,Razor Leaf,fast,0
dolliv,Tackle,fast,0
dolliv,Magical Leaf,fast,0
dolliv,Seed Bomb,charge,0
dolliv,Energy Ball,charge,0
dolliv,Earth Power,charge,0
dolliv,Trailblaze,charge,0
arboliva,Razor Leaf,fast,0
arboliva,Tackle,fast,0
arboliva,Magical Leaf,fast,0
arboliva,Seed Bomb,charge,0
arboliva,Energy Ball,charge,0
arboliva,Earth Power,charge,0
arboliva,Trailblaze,charge,0
squawkabilly,Peck,fast,0
squawkabilly,Air Slash,fast,0
squawkabilly,Aerial Ace,charge,0
squawkabilly,Brave Bird,charge,0
squawkabilly,Fly,charge,0
nacli,Rock Throw,fast,0
nacli,Mud Shot,fast,0
nacli,Rock Blast,charge,0
nacli,Rock Tomb,charge,0
nacli,Ancient Power,charge,0
naclstack,Smack Down,fast,0
naclstack,Mud Shot,fast,0
naclstack,Rock Blast,charge,0
naclstack,Rock Tomb,charge,0
naclstack,Ancient Power,charge,0
garganacl,Smack Down,fast,0
garganacl,Mud Shot,fast,0
garganacl,Rock Blast,charge,0
garganacl,Rock Tomb,charge,0
garganacl,Ancient Power,charge,0
charcadet,Ember,fast,0
charcadet,Incinerate,fast,0
charcadet,Flame Charge,charge,0
charcadet,Heat Wave,charge,0
charcadet,Flamethrower,charge,0
armarouge,Ember,fast,0
armarouge,Incinerate,fast,0
armarouge,Flame Charge,charge,0
armarouge,Heat Wave,charge,0
armarouge,Flamethrower,charge,0
armarouge,Psyshock,charge,0
ceruledge,Ember,fast,0
ceruledge,Incinerate,fast,0
ceruledge,Flame Charge,charge,0
ceruledge,Heat Wave,charge,0
ceruledge,Flamethrower,charge,0
ceruledge,Shadow Ball,charge,0
tadbulb,Thunder Shock,fast,0
tadbulb,Water Gun,fast,0
tadbulb,Parabolic Charge,charge,0
tadbulb,Discharge,charge,0
tadbulb,Zap Cannon,charge,0
bellibolt,Thunder Shock,fast,0
bellibolt,Water Gun,fast,0
bellibolt,Sucker Punch,fast,0
bellibolt,Parabolic Charge,charge,0
bellibolt,Discharge,charge,0
bellibolt,Zap Cannon,charge,0
wattrel,Thunder Shock,fast,0
wattrel,Peck,fast,0
wattrel,Acrobatics,charge,0
wattrel,Aerial Ace,charge,0
wattrel,Thunderbolt,charge,0
kilowattrel,Thunder Shock,fast,0
kilowattrel,Air Slash,fast,0
kilowattrel,Acrobatics,charge,0
kilowattrel,Aerial Ace,charge,0
kilowattrel,Thunderbolt,charge,0
maschiff,Snarl,fast,0
maschiff,Bite,fast,0
maschiff,Crunch,charge,0
maschiff,Payback,charge,0
maschiff,Dig,charge,0
mabosstiff,Snarl,fast,0
mabosstiff,Bite,fast,0
mabosstiff,Crunch,charge,0
mabosstiff,Payback,charge,0
mabosstiff,Dig,charge,0
shroodle,Mud Slap,fast,0
shroodle,Poison Jab,fast,0
shroodle,Acid Spray,charge,0
shroodle,Poison Fang,charge,0
shroodle,Sludge Bomb,charge,0
grafaiai,Mud Slap,fast,0
grafaiai,Poison Jab,fast,0
grafaiai,Acid Spray,charge,0
grafaiai,Poison Fang,charge,0
grafaiai,Sludge Bomb,charge,0
bramblin,Astonish,fast,0
bramblin,Bullet Seed,fast,0
bramblin,Shadow Sneak,charge,0
bramblin,Night Shade,charge,0
bramblin,Power Whip,charge,0
brambleghast,Hex,fast,0
brambleghast,Bullet Seed,fast,0
brambleghast,Shadow Sneak,charge,0
brambleghast,Night Shade,charge,0
brambleghast,Power Whip,charge,0
toedscool,Mud Slap,fast,0
toedscool,Mud Shot,fast,0
toedscool,Earth Power,charge,0
toedscool,Seed Bomb,charge,0
toedscool,Wrap,charge,0
toedscruel,Mud Slap,fast,0
toedscruel,Mud Shot,fast,0
toedscruel,Earth Power,charge,0
toedscruel,Seed Bomb,charge,0
toedscruel,Acid Spray,charge,0
toedscruel,Wrap,charge,0
klawf,Rock Throw,fast,0
klawf,Mud Slap,fast,0
klawf,Rock Slide,charge,0
klawf,Rock Tomb,charge,0
klawf,Bulldoze,charge,0
capsakid,Leafage,fast,0
capsakid,Razor Leaf,fast,0
capsakid,Leaf Storm,charge,0
capsakid,Grass Knot,charge,0
capsakid,Seed Bomb,charge,0
scovillain,Leafage,fast,0
scovillain,Fire Fang,fast,0
scovillain,Leaf Storm,charge,0
scovillain,Grass Knot,charge,0
scovillain,Overheat,charge,0
scovillain,Flamethrower,charge,0
rellor,Bug Bite,fast,0
rellor,Struggle Bug,fast,0
rellor,Dig,charge,0
rellor,Bug Buzz,charge,0
rellor,Lunge,charge,0
rabsca,Bug Bite,fast,0
rabsca,Confusion,fast,0
rabsca,Dig,charge,0
rabsca,Bug Buzz,charge,0
rabsca,Lunge,charge,0
rabsca,Psybeam,charge,0
flittle,Peck,fast,0
flittle,Confusion,fast,0
flittle,Psybeam,charge,0
flittle,Psyshock,charge,0
flittle,Psychic,charge,0
espathra,Peck,fast,0
espathra,Confusion,fast,0
espathra,Psybeam,charge,0
espathra,Psyshock,charge,0
espathra,Psychic,charge,0
espathra,Dazzling Gleam,charge,0
tinkatink,Fairy Wind,fast,0
tinkatink,Rock Smash,fast,0
tinkatink,Play Rough,charge,0
tinkatink,Flash Cannon,charge,0
tinkatuff,Fairy Wind,fast,0
tinkatuff,Rock Smash,fast,0
tinkatuff,Play Rough,charge,0
tinkatuff,Flash Cannon,charge,0
tinkaton,Fairy Wind,fast,0
tinkaton,Rock Smash,fast,0
tinkaton,Play Rough,charge,0
tinkaton,Flash Cannon,charge,0
tinkaton,Heavy Slam,charge,0
tinkaton,Bulldoze,charge,0
tinkaton,Gigaton Hammer,charge,0
wiglett,Water Gun,fast,0
wiglett,Mud Slap,fast,0
wiglett,Liquidation,charge,0
wiglett,Dig,charge,0
wiglett,Surf,charge,0
wugtrio,Water Gun,fast,0
wugtrio,Mud Slap,fast,0
wugtrio,Liquidation,charge,0
wugtrio,Dig,charge,0
wugtrio,Surf,charge,0
bombirdier,Wing Attack,fast,0
bombirdier,Rock Throw,fast,0
bombirdier,Sucker Punch,fast,0
bombirdier,Payback,charge,0
bombirdier,Aerial Ace,charge,0
bombirdier,Fly,charge,0
bombirdier,Rock Tomb,charge,0
finizen,Waterfall,fast,0
finizen,Charm,fast,0
finizen,Aqua Jet,charge,0
finizen,Water Pulse,charge,0
finizen,Icy Wind,charge,0
palafin,Waterfall,fast,0
palafin,Charm,fast,0
palafin,Counter,fast,0
palafin,Aqua Jet,charge,0
palafin,Water Pulse,charge,0
palafin,Icy Wind,charge,0
palafin,Drain Punch,charge,0
palafin,Acrobatics,charge,0
palafin hero,Waterfall,fast,0
palafin hero,Charm,fast,0
palafin hero,Counter,fast,0
palafin hero,Aqua Jet,charge,0
palafin hero,Water Pulse,charge,0
palafin hero,Icy Wind,charge,0
palafin hero,Drain Punch,charge,0
palafin hero,Acrobatics,charge,0
palafin zero,Waterfall,fast,0
palafin zero,Charm,fast,0
palafin zero,Counter,fast,0
palafin zero,Aqua Jet,charge,0
palafin zero,Water Pulse,charge,0
palafin zero,Icy Wind,charge,0
palafin zero,Drain Punch,charge,0
palafin zero,Acrobatics,charge,0
varoom,Lick,fast,0
varoom,Poison Jab,fast,0
varoom,Metal Sound,fast,0
varoom,Acid Spray,charge,0
varoom,Gunk Shot,charge,0
varoom,Gyro Ball,charge,0
revavroom,Lick,fast,0
revavroom,Poison Jab,fast,0
revavroom,Metal Sound,fast,0
revavroom,Acid Spray,charge,0
revavroom,Gunk Shot,charge,0
revavroom,Gyro Ball,charge,0
revavroom,Overheat,charge,0
cyclizar,Dragon Tail,fast,0
cyclizar,Take Down,fast,0
cyclizar,Dragon Claw,charge,0
cyclizar,Body Slam,charge,0
orthworm,Iron Tail,fast,0
orthworm,Mud Slap,fast,0
orthworm,Rock Tomb,charge,0
orthworm,Earthquake,charge,0
orthworm,Iron Head,charge,0
glimmet,Rock Throw,fast,0
glimmet,Smack Down,fast,0
glimmet,Dazzling Gleam,charge,0
glimmet,Power Gem,charge,0
glimmet,Sludge Wave,charge,0
glimmora,Rock Throw,fast,0
glimmora,Smack Down,fast,0
glimmora,Dazzling Gleam,charge,0
glimmora,Power Gem,charge,0
glimmora,Sludge Wave,charge,0
glimmora,Meteor Beam,charge,0
greavard,Lick,fast,0
greavard,Bite,fast,0
greavard,Shadow Ball,charge,0
greavard,Dig,charge,0
greavard,Psychic Fangs,charge,0
houndstone,Lick,fast,0
houndstone,Bite,fast,0
houndstone,Shadow Ball,charge,0
houndstone,Dig,charge,0
houndstone,Psychic Fangs,charge,0
houndstone,Play Rough,charge,0
flamigo,Wing Attack,fast,0
flamigo,Double Kick,fast,0
flamigo,Aerial Ace,charge,0
flamigo,Brave Bird,charge,0
cetoddle,Ice Shard,fast,0
cetoddle,Tackle,fast,0
cetoddle,Powder Snow,fast,0
cetoddle,Body Slam,charge,0
cetoddle,Avalanche,charge,0
cetoddle,Heavy Slam,charge,0
cetitan,Ice Shard,fast,0
cetitan,Tackle,fast,0
cetitan,Powder Snow,fast,0
cetitan,Body Slam,charge,0
cetitan,Avalanche,charge,0
cetitan,Heavy Slam,charge,0
cetitan,Superpower,charge,0
cetitan,Icicle Spear,charge,0
veluza,Ice Fang,fast,0
veluza,Zen Headbutt,fast,0
veluza,Water Pulse,charge,0
veluza,Psychic Fangs,charge,0
veluza,Drill Run,charge,0
veluza,Crunch,charge,0
dondozo,Waterfall,fast,0
dondozo,Water Gun,fast,0
dondozo,Outrage,charge,0
dondozo,Surf,charge,0
dondozo,Hydro Pump,charge,0
dondozo,Liquidation,charge,0
tatsugiri curly,Take Down,fast,0
tatsugiri curly,Water Gun,fast,0
tatsugiri curly,Outrage,charge,0
tatsugiri curly,Surf,charge,0
tatsugiri curly,Hydro Pump,charge,0
tatsugiri curly,Muddy Water,charge,0
tatsugiri droopy,Take Down,fast,0
tatsugiri droopy,Water Gun,fast,0
tatsugiri droopy,Outrage,charge,0
tatsugiri droopy,Surf,charge,0
tatsugiri droopy,Hydro Pump,charge,0
tatsugiri droopy,Muddy Water,charge,0
tatsugiri stretchy,Take Down,fast,0
tatsugiri stretchy,Water Gun,fast,0
tatsugiri stretchy,Outrage,charge,0
tatsugiri stretchy,Surf,charge,0
tatsugiri stretchy,Hydro Pump,charge,0
tatsugiri stretchy,Muddy Water,charge,0
annihilape,Low Kick,fast,0
annihilape,Counter,fast,0
annihilape,Close Combat,charge,0
annihilape,Low Sweep,charge,0
annihilape,Night Slash,charge,0
annihilape,Ice Punch,charge,0
annihilape,Shadow Ball,charge,0
annihilape,Rage Fist,charge,1
shadow annihilape,Low Kick,fast,0
shadow annihilape,Counter,fast,0
shadow annihilape,Close Combat,charge,0
shadow annihilape,Low Sweep,charge,0
shadow annihilape,Night Slash,charge,0
shadow annihilape,Ice Punch,charge,0
shadow annihilape,Shadow Ball,charge,0
shadow annihilape,Rage Fist,charge,0
clodsire,Poison Sting,fast,0
clodsire,Mud Shot,fast,0
clodsire,Sludge Bomb,charge,0
clodsire,Earthquake,charge,0
clodsire,Stone Edge,charge,0
clodsire,Acid Spray,charge,0
clodsire,Water Pulse,charge,0
clodsire,Megahorn,charge,1
farigiraf,Tackle,fast,0
farigiraf,Confusion,fast,0
farigiraf,Double Kick,fast,0
farigiraf,Psychic,charge,0
farigiraf,Thunderbolt,charge,0
farigiraf,Mirror Coat,charge,0
farigiraf,Psychic Fangs,charge,0
dudunsparce,Bite,fast,0
dudunsparce,Astonish,fast,0
dudunsparce,Rollout,fast,0
dudunsparce,Dragon Tail,fast,0
dudunsparce,Dig,charge,0
dudunsparce,Rock Slide,charge,0
dudunsparce,Drill Run,charge,0
dudunsparce,Body Slam,charge,0
kingambit,Snarl,fast,0
kingambit,Metal Claw,fast,0
kingambit,Metal Sound,fast,0
kingambit,Dark Pulse,charge,0
kingambit,Iron Head,charge,0
kingambit,X-Scissor,charge,0
kingambit,Focus Blast,charge,0
kingambit,Foul Play,charge,0
frigibax,Dragon Breath,fast,0
frigibax,Ice Fang,fast,0
frigibax,Dragon Claw,charge,0
frigibax,Avalanche,charge,0
frigibax,Outrage,charge,0
frigibax,Icy Wind,charge,0
arctibax,Dragon Breath,fast,0
arctibax,Ice Fang,fast,0
arctibax,Dragon Claw,charge,0
arctibax,Avalanche,charge,0
arctibax,Outrage,charge,0
arctibax,Icy Wind,charge,0
baxcalibur,Dragon Breath,fast,0
baxcalibur,Ice Fang,fast,0
baxcalibur,Dragon Claw,charge,0
baxcalibur,Avalanche,charge,0
baxcalibur,Outrage,charge,0
baxcalibur,Blizzard,charge,0
baxcalibur,Icy Wind,charge,0
baxcalibur,Glaive Rush,charge,0
gimmighoul,Astonish,fast,0
gimmighoul,Shadow Ball,charge,0
gholdengo,Astonish,fast,0
gholdengo,Hex,fast,0
gholdengo,Shadow Ball,charge,0
gholdengo,Dazzling Gleam,charge,0
gholdengo,Focus Blast,charge,0
gholdengo,Power Gem,charge,0
wo chien,Magical Leaf,fast,0
wo chien,Snarl,fast,0
wo chien,Dark Pulse,charge,0
wo chien,Grass Knot,charge,0
wo chien,Leaf Storm,charge,0
chien pao,Powder Snow,fast,0
chien pao,Snarl,fast,0
chien pao,Dark Pulse,charge,0
chien pao,Avalanche,charge,0
chien pao,Blizzard,charge,0
ting lu,Mud Shot,fast,0
ting lu,Snarl,fast,0
ting lu,Dark Pulse,charge,0
ting lu,Bulldoze,charge,0
ting lu,Earthquake,charge,0
chi yu,Incinerate,fast,0
chi yu,Snarl,fast,0
chi yu,Flame Charge,charge,0
chi yu,Dark Pulse,charge,0
chi yu,Flame Wheel,charge,0
koraidon,Rock Smash,fast,0
koraidon,Dragon Tail,fast,0
koraidon,Giga Impact,charge,0
koraidon,Dragon Claw,charge,0
koraidon,Close Combat,charge,0
koraidon,Outrage,charge,0
koraidon apex,Rock Smash,fast,0
koraidon apex,Dragon Tail,fast,0
koraidon apex,Giga Impact,charge,0
koraidon apex,Dragon Claw,charge,0
koraidon apex,Close Combat,charge,0
koraidon apex,Outrage,charge,0
miraidon,Thunder Shock,fast,0
miraidon,Dragon Tail,fast,0
miraidon,Hyper Beam,charge,0
miraidon,Dragon Pulse,charge,0
miraidon,Thunder,charge,0
miraidon,Outrage,charge,0
miraidon ultimate,Thunder Shock,fast,0
miraidon ultimate,Dragon Tail,fast,0
miraidon ultimate,Hyper Beam,charge,0
miraidon ultimate,Dragon Pulse,charge,0
miraidon ultimate,Thunder,charge,0
miraidon ultimate,Outrage,charge,0
dipplin,Bullet Seed,fast,0
dipplin,Dragon Tail,fast,0
dipplin,Rollout,fast,0
dipplin,Dragon Pulse,charge,0
dipplin,Outrage,charge,0
dipplin,Seed Bomb,charge,0
poltchageist,Astonish,fast,0
poltchageist,Magical Leaf,fast,0
poltchageist,Shadow Ball,charge,0
poltchageist,Energy Ball,charge,0
poltchageist,Poltergeist,charge,0
sinistcha,Astonish,fast,0
sinistcha,Magical Leaf,fast,0
sinistcha,Shadow Ball,charge,0
sinistcha,Energy Ball,charge,0
sinistcha,Poltergeist,charge,0
okidogi,Poison Jab,fast,0
okidogi,Force Palm,fast,0
okidogi,Superpower,charge,0
okidogi,Sludge Bomb,charge,0
munkidori,Poison Jab,fast,0
munkidori,Confusion,fast,0
munkidori,Sludge Bomb,charge,0
munkidori,Future Sight,charge,0
munkidori,Psychic,charge,0
fezandipiti,Poison Jab,fast,0
fezandipiti,Charm,fast,0
fezandipiti,Sludge Bomb,charge,0
fezandipiti,Moonblast,charge,0
fezandipiti,Disarming Voice,charge,0
ogerpon,Vine Whip,fast,0
ogerpon,Magical Leaf,fast,0
ogerpon,Double Kick,fast,0
ogerpon,Power Whip,charge,0
ogerpon,Grass Knot,charge,0
ogerpon,Play Rough,charge,0
archaludon,Dragon Tail,fast,0
archaludon,Metal Claw,fast,0
archaludon,Flash Cannon,charge,0
archaludon,Dragon Claw,charge,0
archaludon,Hyper Beam,charge,0
hydrapple,Bullet Seed,fast,0
hydrapple,Dragon Tail,fast,0
hydrapple,Rollout,fast,0
hydrapple,Dragon Pulse,charge,0
hydrapple,Outrage,charge,0
hydrapple,Seed Bomb,charge,0
pecharunt,Astonish,fast,0
pecharunt,Shadow Ball,charge,0
pecharunt,Gunk Shot,charge,0
pecharunt,Poltergeist,charge,0
nidoran♀,Bite,fast,0
nidoran♀,Poison Sting,fast,0
nidoran♀,Body Slam,charge,0
nidoran♀,Poison Fang,charge,0
nidoran♀,Sludge Bomb,charge,0
nidoran♂,Peck,fast,0
nidoran♂,Poison Sting,fast,0
nidoran♂,Body Slam,charge,0
nidoran♂,Horn Attack,charge,0
nidoran♂,Sludge Bomb,charge,0
farfetch'd,Air Slash,fast,0
farfetch'd,Cut,fast,0
farfetch'd,Fury Cutter,fast,0
farfetch'd,Aerial Ace,charge,0
farfetch'd,Air Cutter,charge,0
farfetch'd,Leaf Blade,charge,0
mr. mime,Confusion,fast,0
mr. mime,Zen Headbutt,fast,0
mr. mime,Magical Leaf,fast,0
mr. mime,Psywave,fast,0
mr. mime,Psybeam,charge,0
mr. mime,Psychic,charge,0
mr. mime,Shadow Ball,charge,0
ho-oh,Extrasensory,fast,0
ho-oh,Hidden Power Bug,fast,0
ho-oh,Hidden Power Dark,fast,0
ho-oh,Hidden Power Dragon,fast,0
ho-oh,Hidden Power Electric,fast,0
ho-oh,Hidden Power Fighting,fast,0
ho-oh,Hidden Power Fire,fast,0
ho-oh,Hidden Power Flying,fast,0
ho-oh,Hidden Power Ghost,fast,0
ho-oh,Hidden Power Grass,fast,0
ho-oh,Hidden Power Ground,fast,0
ho-oh,Hidden Power Ice,fast,0
ho-oh,Hidden Power Poison,fast,0
ho-oh,Hidden Power Psychic,fast,0
ho-oh,Hidden Power Rock,fast,0
ho-oh,Hidden Power Steel,fast,0
ho-oh,Hidden Power Water,fast,0
ho-oh,Steel Wing,fast,0
ho-oh,Incinerate,fast,0
ho-oh,Brave Bird,charge,0
ho-oh,Fire Blast,charge,0
ho-oh,Solar Beam,charge,0
ho-oh,Earthquake,charge,1
ho-oh,Sacred Fire,charge,1
porygon-z,Lock On,fast,0
porygon-z,Charge Beam,fast,0
porygon-z,Hidden Power Bug,fast,0
porygon-z,Hidden Power Dark,fast,0
porygon-z,Hidden Power Dragon,fast,0
porygon-z,Hidden Power Electric,fast,0
porygon-z,Hidden Power Fighting,fast,0
porygon-z,Hidden Power Fire,fast,0
porygon-z,Hidden Power Flying,fast,0
porygon-z,Hidden Power Ghost,fast,0
porygon-z,Hidden Power Grass,fast,0
porygon-z,Hidden Power Ground,fast,0
porygon-z,Hidden Power Ice,fast,0
porygon-z,Hidden Power Poison,fast,0
porygon-z,Hidden Power Psychic,fast,0
porygon-z,Hidden Power Rock,fast,0
porygon-z,Hidden Power Steel,fast,0
porygon-z,Hidden Power Water,fast,0
porygon-z,Blizzard,charge,0
porygon-z,Hyper Beam,charge,0
porygon-z,Solar Beam,charge,0
porygon-z,Zap Cannon,charge,0
porygon-z,Tri Attack,charge,0
mime jr.,Confusion,fast,0
mime jr.,Pound,fast,0
mime jr.,Psybeam,charge,0
mime jr.,Psychic,charge,0
mime jr.,Psyshock,charge,0
flabébé,Vine Whip,fast,0
flabébé,Tackle,fast,0
flabébé,Dazzling Gleam,charge,0
flabébé,Petal Blizzard,charge,0
flabébé,Psychic,charge,0
giratina,Dragon Breath,fast,0
giratina,Shadow Claw,fast,0
giratina,Ancient Power,charge,0
giratina,Dragon Claw,charge,0
giratina,Shadow Sneak,charge,0
giratina,Shadow Force,charge,1
tornadus,Bite,fast,0
tornadus,Air Slash,fast,0
tornadus,Grass Knot,charge,0
tornadus,Dark Pulse,charge,0
tornadus,Hyper Beam,charge,0
tornadus,Hurricane,charge,0
thundurus,Astonish,fast,0
thundurus,Thunder Shock,fast,0
thundurus,Crunch,charge,0
thundurus,Thunder,charge,0
thundurus,Brick Break,charge,0
thundurus,Thunder Punch,charge,0
landorus,Mud Shot,fast,0
landorus,Rock Throw,fast,0
landorus,Earth Power,charge,0
landorus,Outrage,charge,0
landorus,Rock Slide,charge,0
landorus,Focus Blast,charge,0
enamorus,Astonish,fast,0
enamorus,Zen Headbutt,fast,0
enamorus,Fairy Wind,fast,0
enamorus,Dazzling Gleam,charge,0
enamorus,Fly,charge,0
enamorus,Grass Knot,charge,0
keldeo,Poison Jab,fast,0
keldeo,Low Kick,fast,0
keldeo,Aqua Jet,charge,0
keldeo,Close Combat,charge,0
keldeo,Hydro Pump,charge,0
keldeo,X-Scissor,charge,0
keldeo,Sacred Sword,charge,0
wo-chien,Magical Leaf,fast,0
wo-chien,Snarl,fast,0
wo-chien,Dark Pulse,charge,0
wo-chien,Grass Knot,charge,0
wo-chien,Leaf Storm,charge,0
chien-pao,Powder Snow,fast,0
chien-pao,Snarl,fast,0
chien-pao,Dark Pulse,charge,0
chien-pao,Avalanche,charge,0
chien-pao,Blizzard,charge,0
ting-lu,Mud Shot,fast,0
ting-lu,Snarl,fast,0
ting-lu,Dark Pulse,charge,0
ting-lu,Bulldoze,charge,0
ting-lu,Earthquake,charge,0
chi-yu,Incinerate,fast,0
chi-yu,Snarl,fast,0
chi-yu,Flame Charge,charge,0
chi-yu,Dark Pulse,charge,0
chi-yu,Flame Wheel,charge,0
zacian,Metal Claw,fast,0
zacian,Snarl,fast,0
zacian,Quick Attack,fast,0
zacian,Fire Fang,fast,0
zacian,Play Rough,charge,0
zacian,Iron Head,charge,0
zacian,Wild Charge,charge,0
zacian,Close Combat,charge,0
zamazenta,Metal Claw,fast,0
zamazenta,Snarl,fast,0
zamazenta,Quick Attack,fast,0
zamazenta,Ice Fang,fast,0
zamazenta,Moonblast,charge,0
zamazenta,Iron Head,charge,0
zamazenta,Crunch,charge,0
zamazenta,Close Combat,charge,0
zacian crown,Metal Claw,fast,0
zacian crown,Air Slash,fast,0
zacian crown,Play Rough,charge,0
zacian crown,Close Combat,charge,0
zacian crown,Giga Impact,charge,0
zacian crown,Behemoth Blade,charge,1
zamazenta crown,Metal Claw,fast,0
zamazenta crown,Ice Fang,fast,0
zamazenta crown,Moonblast,charge,0
zamazenta crown,Close Combat,charge,0
zamazenta crown,Giga Impact,charge,0
zamazenta crown,Behemoth Bash,charge,1
urshifu,Rock Smash,fast,0
urshifu,Counter,fast,0
urshifu,Sucker Punch,fast,0
urshifu,Brick Break,charge,0
urshifu,Dynamic Punch,charge,0
urshifu,Close Combat,charge,0
urshifu,Payback,charge,0
jangmo-o,Tackle,fast,0
jangmo-o,Dragon Tail,fast,0
jangmo-o,Dragon Claw,charge,0
jangmo-o,Brick Break,charge,0
jangmo-o,Dragon Pulse,charge,0
hakamo-o,Tackle,fast,0
hakamo-o,Dragon Tail,fast,0
hakamo-o,Dragon Claw,charge,0
hakamo-o,Brick Break,charge,0
hakamo-o,Dragon Pulse,charge,0
hakamo-o,Rock Tomb,charge,0
kommo-o,Poison Jab,fast,0
kommo-o,Dragon Tail,fast,0
kommo-o,Metal Sound,fast,0
kommo-o,Dragon Claw,charge,0
kommo-o,Close Combat,charge,0
kommo-o,Flamethrower,charge,0
kommo-o,Boomburst,charge,0
kommo-o,Brick Break,charge,0
kommo-o,Clanging Scales,charge,0
sirfetch'd,Counter,fast,0
sirfetch'd,Fury Cutter,fast,0
sirfetch'd,Close Combat,charge,0
sirfetch'd,Brave Bird,charge,0
sirfetch'd,Leaf Blade,charge,0
sirfetch'd,Night Slash,charge,0
mr. rime,Confusion,fast,0
mr. rime,Zen Headbutt,fast,0
mr. rime,Ice Shard,fast,0
mr. rime,Psybeam,charge,0
mr. rime,Psychic,charge,0
mr. rime,Ice Punch,charge,0
mr. rime,Icy Wind,charge,0
mr. rime,Triple Axel,charge,0
type: null,Tackle,fast,0
type: null,Take Down,fast,0
type: null,Tri Attack,charge,0
type: null,Iron Head,charge,0
type: null,Aerial Ace,charge,0
minior,Rollout,fast,0
minior,Take Down,fast,0
minior,Power Gem,charge,0
minior,Ancient Power,charge,0
minior,Acrobatics,charge,0
indeedee,Extrasensory,fast,0
indeedee,Psybeam,charge,0
indeedee,Psychic,charge,0
indeedee,Shadow Ball,charge,0
morpeko,Charge Beam,fast,0
morpeko,Bite,fast,0
morpeko,Thunder Shock,fast,0
morpeko,Seed Bomb,charge,0
morpeko,Outrage,charge,0
morpeko,Psychic Fangs,charge,0
morpeko,Aura Wheel,charge,0
tatsugiri,Take Down,fast,0
tatsugiri,Water Gun,fast,0
tatsugiri,Outrage,charge,0
tatsugiri,Surf,charge,0
tatsugiri,Hydro Pump,charge,0
tatsugiri,Muddy Water,charge,0
wormadam,Bug Bite,fast,0
wormadam,Confusion,fast,0
wormadam,Sucker Punch,fast,0
wormadam,Bug Buzz,charge,0
wormadam,Energy Ball,charge,0
wormadam,Psybeam,charge,0
cherrim,Bullet Seed,fast,0
cherrim,Razor Leaf,fast,0
cherrim,Dazzling Gleam,charge,0
cherrim,Hyper Beam,charge,0
cherrim,Solar Beam,charge,0
shaymin,Hidden Power Bug,fast,0
shaymin,Hidden Power Dark,fast,0
shaymin,Hidden Power Dragon,fast,0
shaymin,Hidden Power Electric,fast,0
shaymin,Hidden Power Fighting,fast,0
shaymin,Hidden Power Fire,fast,0
shaymin,Hidden Power Flying,fast,0
shaymin,Hidden Power Ghost,fast,0
shaymin,Hidden Power Grass,fast,0
shaymin,Hidden Power Ground,fast,0
shaymin,Hidden Power Ice,fast,0
shaymin,Hidden Power Poison,fast,0
shaymin,Hidden Power Psychic,fast,0
shaymin,Hidden Power Rock,fast,0
shaymin,Hidden Power Steel,fast,0
shaymin,Hidden Power Water,fast,0
shaymin,Zen Headbutt,fast,0
shaymin,Magical Leaf,fast,0
shaymin,Energy Ball,charge,0
shaymin,Grass Knot,charge,0
shaymin,Solar Beam,charge,0
shaymin,Seed Flare,charge,0
darmanitan,Tackle,fast,0
darmanitan,Fire Fang,fast,0
darmanitan,Incinerate,fast,0
darmanitan,Overheat,charge,0
darmanitan,Focus Blast,charge,0
darmanitan,Psychic,charge,0
darmanitan,Rock Slide,charge,0
meloetta,Quick Attack,fast,0
meloetta,Confusion,fast,0
meloetta,Psyshock,charge,0
meloetta,Thunderbolt,charge,0
meloetta,Dazzling Gleam,charge,0
meloetta,Hyper Beam,charge,0
aegislash,Psycho Cut,fast,0
aegislash,Air Slash,fast,0
aegislash,Flash Cannon,charge,0
aegislash,Gyro Ball,charge,0
aegislash,Shadow Ball,charge,0
pumpkaboo,Astonish,fast,0
pumpkaboo,Razor Leaf,fast,0
pumpkaboo,Grass Knot,charge,0
pumpkaboo,Shadow Sneak,charge,0
pumpkaboo,Foul Play,charge,0
gourgeist,Hex,fast,0
gourgeist,Razor Leaf,fast,0
gourgeist,Incinerate,fast,0
gourgeist,Seed Bomb,charge,0
gourgeist,Shadow Ball,charge,0
gourgeist,Foul Play,charge,0
gourgeist,Fire Blast,charge,0
gourgeist,Poltergeist,charge,0
oricorio,Pound,fast,0
oricorio,Air Slash,fast,0
oricorio,Aerial Ace,charge,0
oricorio,Air Cutter,charge,0
oricorio,Hurricane,charge,0
lycanroc,Sucker Punch,fast,0
lycanroc,Rock Throw,fast,0
lycanroc,Stone Edge,charge,0
lycanroc,Drill Run,charge,0
lycanroc,Crunch,charge,0
lycanroc,Trailblaze,charge,0
